image_id,prediction,ground_truth
00153000-4acd-42d6-b1c8-efd185e76dfc,"oil paint, panel","oil paint, panel"
00186473-bf6c-45b1-849d-8482d0758d6f,"canvas, oil paint","canvas, oil paint"
003a5e87-e0a7-41a1-a910-774847ba96db,"canvas, oil paint","oil paint, panel"
00dd9b0a-0246-457d-bd45-d70ed09d57d3,"oil paint, panel","oil paint, panel"
011e06f8-e3ee-49e8-917a-5a3d0f4b40b9,"oil paint, panel","beech wood, oil paint"
01426ca0-38df-40a9-8877-eab362dd7fc1,"canvas, oil paint","canvas, oil paint"
016c1c54-ffa2-4819-b414-47aea85a2dff,"canvas, oil paint","canvas, oil paint"
01e8e434-a792-4d10-aed3-45d567a7c0d9,"canvas, oil paint","canvas, oil paint"
020d2caa-f211-46cd-b7a0-7f198b77a9fc,"oil paint, panel",poplar panel
0232caaa-e1d2-47fb-a4f9-01454da286d6,"canvas, oil paint","canvas, oil paint"
0257bb0a-111f-4936-b3f2-9be93555155b,"paper, pastel","canvas, oil paint"
02992163-d6d5-42ac-999a-b564258dd868,"oil paint, panel","oil paint, wood"
02d9ac06-57ad-43cc-821e-d5e287fcb919,"canvas, oil paint","oil paint, panel"
030bfc90-b09f-420e-8064-2c81a25429c7,"canvas, oil paint","canvas, oil paint"
03583afd-afa8-48f8-9bb9-0e5de689e305,"canvas, oil paint","canvas, oil paint"
036149e4-127e-44f8-bcc0-0e64bab8506d,"canvas, oil paint","canvas, oil paint"
03b7e420-5588-4eb0-a664-76bc88e540b6,"canvas, oil paint","canvas, oil paint"
03c327dc-11bd-47ce-a4e5-37c62591f5c6,"canvas, oil paint","canvas, oil paint"
03ee7b9e-7f0e-4c22-b94c-37c053e3ef15,"canvas, oil paint","canvas, oil paint"
043231b3-93f5-4af1-84d4-44914defe19a,"canvas, oil paint","canvas, oil paint"
0452ad45-f422-49c2-85e0-85f534fbda5d,"panel, tempera","gold, panel, tempera"
0462b8b9-9313-4a92-8ceb-6dc41ae707e4,"oil paint, panel","canvas, tempera"
0486daab-8562-4674-b991-6dbf2d2301be,"canvas, oil paint","canvas, oil paint"
04973ce6-2701-482d-8a80-1fb878534050,"canvas, oil paint","canvas, oil paint"
04bbda49-736a-4823-afc2-7c1d0865b852,"canvas, oil paint","cardboard, tempera"
04c6c013-9f28-4e5c-b326-a15b7f3629fa,"canvas, oil paint","canvas, oil paint"
051c044e-f11f-4c98-8d6c-719329be19d8,"oil paint, panel","oil paint, panel"
05391dd0-e0cc-4ff1-be91-2f46b28ac8de,"canvas, oil paint","canvas, oil paint"
0589e0c1-93c2-4ecc-95b0-2f228b30d719,"canvas, oil paint","canvas, oil paint"
05c37ff0-3e04-4c44-957f-724cf4a31946,"oil paint, panel","canvas, oil paint"
06195de9-7b3d-4a11-9667-9d8792c03d0d,"canvas, oil paint","canvas, oil paint"
065bdae6-11b5-4768-a48e-e732d641217f,"canvas, oil paint","canvas, oil paint"
0667b9eb-77dd-40fc-b3d5-551f4bf2860a,"panel, tempera","panel, tempera"
066ec128-40fb-4360-b632-0d6712695ac9,"oil paint, panel","oil paint, panel"
067d1931-0c2d-434c-9973-8cc380122279,"canvas, oil paint","canvas, oil paint"
06a8ae89-42a3-4105-a2dd-316f1b939f5e,"canvas, oil paint","canvas, oil paint"
06b3a822-3c94-45af-a61a-b43dc28941fa,"canvas, oil paint","canvas, oil paint"
06d2535a-f817-4c5f-be76-d6bc62377f98,"oil paint, panel",oil paint
06e6cf85-55b8-41f2-b7c7-5b29d702f39d,"canvas, oil paint","canvas, oil paint"
06ed179a-af41-4cd7-92e9-2779ce3124bf,"canvas, oil paint","copper, oil paint"
0733a1a2-215b-42de-99cd-88577e61c9e1,"oil paint, panel","oil paint, panel"
0769e816-c07f-4fac-9c4e-3046b1da5535,"canvas, oil paint","canvas, oil paint"
08164027-dac8-4b89-9681-d8fad76010c9,"canvas, oil paint","cardboard, oil paint, paper"
086242b0-0136-41a3-aa47-6a9d8d4ea953,"canvas, oil paint","oil paint, panel"
0865dc42-71b0-41f6-8648-0a61ff098b0b,"canvas, oil paint","canvas, oil paint"
086e9664-b792-419e-8fcc-126fc80c4a17,"canvas, oil paint","canvas, oil paint"
086efa4c-450b-4e51-93b0-7904d000c263,"oil paint, panel","canvas, oil paint"
086fbb17-5175-4df1-912d-200547a62d33,"canvas, oil paint","canvas, oil paint"
08d218d5-0cad-4e75-a361-b190d27b69ed,"canvas, oil paint","canvas, oil paint"
08e888c4-d92a-4001-b60f-907af33d6748,"canvas, oil paint","canvas, cardboard, oil paint"
08f9973d-f493-444d-80b1-fdc68e52259f,"canvas, oil paint","canvas, oil paint"
0935d5b3-38a9-405c-a045-21f7278687fb,"canvas, oil paint","copper, oil paint"
09651665-7cbe-4a8f-84fd-51f85c2ab137,"oil paint, panel","oil paint, panel"
09819e8f-c333-480a-b12f-d491fdf67756,"canvas, oil paint","canvas, oil paint"
09b7c36d-2bee-4696-b5c6-704382be1c26,"canvas, oil paint","canvas, oil paint"
09f1df7a-8e49-4f2e-8d36-44cebdec9349,"oil paint, panel","canvas, oil paint"
09f57b74-f1b6-4e8e-91a9-6b2712102625,"oil paint, panel",fresco
09fd4fa1-3c93-454d-a81d-d0344ab9b69b,"oil paint, panel","oil paint, wood"
0a079292-50bb-4d2e-ac41-9cf3cbbdada3,"canvas, oil paint","canvas, oil paint"
0a2f69b9-8240-45db-9918-82d4ab9f8ce4,"canvas, oil paint","canvas, oil paint"
0a5174b9-8e93-41cb-bc25-ecabeffd0172,"oil paint, panel","oil paint, panel"
0a711351-523c-43fb-8500-2fb90d67a7b8,"canvas, oil paint","canvas, oil paint"
0b113e9d-df4c-449f-a3b6-efb36afbe44e,"canvas, oil paint","canvas, oil paint"
0b536421-78b6-451f-83f4-33db83ff44f0,"oil paint, panel","oil paint, panel, transferred on canvas"
0b7e09fb-a996-4453-af21-7d0c1302850b,"canvas, oil paint","canvas, oil paint"
0b98c628-53f0-48ed-a076-e923bb061e7e,"ivory, pastel","cardboard, oil paint"
0c07cad0-613e-40d6-8dde-8f898c955fc3,"oil paint, panel","oak panel, oil paint"
0c305ede-a3d4-4476-955f-d9d65a60f71a,"canvas, oil paint","canvas, oil paint"
0c32abe9-cf61-4269-acad-eee1baed4d9a,"canvas, oil paint","canvas, oil paint"
0c5eff9c-f93c-49fe-8f9a-25ed429a42f9,"oil paint, panel","oil paint, panel"
0c864c40-b020-4c70-abf1-73c15fae7289,"canvas, oil paint","canvas, oil paint"
0cdcf3bc-c974-4bce-88a8-1827fe4e97f3,"canvas, oil paint","canvas, oil paint"
0cff61d6-b9ac-4f18-8b86-cd8caedf4aa0,"oil paint, panel","canvas, oil paint"
0d5919e7-b989-4847-90a7-4d1be926daa6,"canvas, oil paint","oil paint, panel"
0d7123fe-04f4-4a30-83b5-7c9c176d1f64,"oil paint, panel","oil paint, panel"
0d83a087-8342-4d8d-849b-b9b44b97a533,"canvas, oil paint","paper, pastel"
0e29d1af-7fb4-4a4a-80cd-8c6bbe5c2416,"canvas, oil paint","oil paint, panel"
0e94788e-a9ae-4661-b338-833d9fba716f,"canvas, oil paint","canvas, oil paint"
0ec28538-6d2d-47ea-a31d-3789fd8521d8,"oil paint, panel","oil paint, panel"
0f114442-5d96-42f8-afc0-6a65e5611969,"canvas, oil paint","canvas, oil paint"
0f1e535e-69df-4446-a4ad-02da221e9088,"canvas, oil paint","canvas, oil paint"
0fb08a16-cff0-4381-9a4e-8d9edf01daa1,"canvas, oil paint","canvas, oil paint"
0feafd65-ae0c-41e3-9448-dcb0aaaaf522,"oil paint, panel","oil paint, panel"
0ff59d76-8939-42c7-9e3d-0d04d898bd3a,"oil paint, panel","canvas, oil paint"
10100024-d8c0-4f2a-b2f6-221e0eb5e9c7,"canvas, oil paint","canvas, oil paint"
105fec4c-8c29-4ee6-b8dd-1feeb1c6e3f0,"canvas, oil paint","canvas, oil paint"
1081a62b-331c-4093-992b-4469dd41d110,"oil paint, panel","oil paint, panel"
10b621c5-656f-4236-9698-c3dd47e2b297,"canvas, oil paint","oil paint, panel"
10c024ae-f876-406b-8a78-a50d0a327e32,"canvas, oil paint","canvas, oil paint"
10f3a971-be43-4831-b1f1-95e48b38690c,"canvas, oil paint","oil paint, panel"
116e50be-8e4b-4b52-a522-35b90897e0ec,"oil paint, panel","oil paint, panel"
116fcf75-18fe-4d3c-ada7-caece8bf203d,"canvas, oil paint","canvas, oil paint"
1198c60f-2ea2-473c-9b30-687540790800,"canvas, oil paint","canvas, oil paint, paper"
11ff8107-7b32-4622-8cc6-b030d864b4a9,"canvas, oil paint","oil paint, panel"
12418643-c6a6-45ce-aa5d-e3738189abec,"canvas, oil paint","canvas, oil paint"
127a6a83-8150-4b11-b9cb-e854ad471a9d,"canvas, oil paint","canvas, oil paint"
127c910e-b898-42ed-a7b3-2c5cc1bc721b,"canvas, oil paint","canvas, oil paint"
12a9766f-63e5-40a3-835c-638552190143,"canvas, oil paint","oil paint, panel"
12d3e6c3-2feb-4ee2-ad89-65155802fb9a,"canvas, oil paint","canvas, oil paint"
12de9d3f-eb65-46d8-b128-16d7b11e3209,"canvas, oil paint","canvas, oil paint"
1302e2e5-699b-4d1d-be26-0b5bc656121f,"canvas, oil paint","canvas, oil paint"
13077bde-bdf6-43ed-b712-a906de4e4532,"panel, tempera","panel, tempera"
13146356-b47e-447c-bfb1-c80eecbcdd4e,"canvas, oil paint","canvas, oil paint"
133653da-65df-4fe2-b895-b3d4ea9f51d0,"oil paint, panel","oil paint, panel"
133e1c52-a444-43fa-9e22-e24d3d79bc41,"oil paint, panel","oil paint, panel"
135f3914-f802-4430-b192-46131d6c340c,"canvas, oil paint","canvas, oil paint"
1381f8a9-930b-4816-813a-9f510d1e8a15,"canvas, oil paint","canvas, oil paint"
13b2d742-92c1-4c7e-80ac-c7684719b0cc,"panel, tempera","panel, tempera"
13cfede9-784e-4bc5-a2b8-293c219029c7,"canvas, oil paint","canvas, oil paint"
141222a4-794b-4d9f-b1e3-40f8d0dcc506,"canvas, oil paint","oil paint, panel"
14284f83-794a-4ac9-95da-45db2a158296,"canvas, oil paint","canvas, oil paint"
14c124bb-6e15-40eb-9339-fe8daf0eebdd,"oil paint, panel","oak panel, oil paint, paper"
1523ee7f-86d3-4187-b57c-345ffd022e47,"canvas, oil paint","canvas, oil paint"
152f4326-4bd0-4948-9792-086e43ad67bf,"oil paint, panel","oil paint, panel"
155c8e6c-eba2-49e2-bbc0-17abc5eaebd0,"canvas, oil paint","canvas, oil paint"
157c03f1-0297-49e5-bd4f-39b52fe35eda,"canvas, oil paint","canvas, oil paint"
1637682d-e46f-49d7-aafb-c7bb99db8c58,"canvas, oil paint","oil paint, panel"
164e7cd2-cbfb-4aaf-a177-07a0e83c68ca,"canvas, oil paint","canvas, oil paint"
169d4744-f1a8-4f4b-8169-a2026c119143,"canvas, oil paint","canvas, oil paint"
16e95d28-cc48-45ce-9bc8-bc7ec4ced66b,"canvas, oil paint","canvas, oil paint"
1700579e-200c-4104-9596-96c0f0f1693c,"canvas, oil paint","oil paint, panel"
171e7c56-3f2e-40d3-bfd6-8fbe9215ac5b,"canvas, oil paint","canvas, oil paint"
1735fb9c-5707-46ab-9700-47a29f1f31a2,"canvas, oil paint","canvas, oil paint"
1744fe41-e4b2-4a25-9261-5aabd4eb3d06,"canvas, oil paint","canvas, oil paint"
17556df7-8604-4f3a-b046-409b1288862e,"canvas, oil paint","oil paint, panel"
179c1176-52b8-4131-bdf7-cb27059dd137,"canvas, oil paint","canvas, oil paint"
17a3b04e-c20b-46f3-938e-e5f18ce94b1b,"canvas, oil paint","canvas, oil paint"
17bbd4a0-eb5f-4c49-b0e2-8922c5bbefda,"oil paint, panel","oil paint, panel"
17eac1eb-787a-48c3-abf0-8b0d7941d889,"canvas, oil paint","canvas, oil paint"
182bb073-6895-4619-9642-cddc5f1e5cc8,"canvas, oil paint","oil paint, panel"
184802b1-2c6e-4fa4-a025-37c88f9ebd40,"oil paint, panel","oak panel, oil paint"
1896ef6a-827c-40d1-8e40-7c5f0289304c,"canvas, oil paint","canvas, oil paint"
18a6e1cc-333c-49bd-9a15-87036bf21c40,"canvas, oil paint","canvas, oil paint"
18b24634-0776-4c86-9d2f-b42f59581856,"oil paint, panel","panel, tempera"
18ddd29e-5992-4961-b747-3178b0fca044,"canvas, oil paint","canvas, oil paint"
18dfae3b-b897-4edb-bbd1-89625205a7c5,"canvas, oil paint","canvas, oil paint"
192353b7-6c56-4e6b-aaeb-302a052ff78e,"canvas, oil paint","canvas, oil paint"
19528183-894a-4421-b255-560783065071,"canvas, oil paint","canvas, oil paint"
1953f734-6405-49e9-bb5f-d995a5797ba8,oil paint,"copper, oil paint"
19815b86-8f57-425a-b846-57f5cbb67a80,"canvas, oil paint","canvas, oil paint"
19b32ae9-b34f-4336-9c26-8867bfd98d24,"canvas, oil paint","canvas, oil paint"
19ba1f81-b547-4d86-b6ee-6d417d685ba5,"canvas, oil paint","canvas, oil paint"
19bfb8cf-09c8-475c-8018-0dac525bb3aa,"canvas, oil paint","canvas, oil paint"
19d510d8-4175-4f51-a867-7a48f561bbad,"canvas, oil paint","canvas, oil paint"
19f1925f-9f6d-4037-bfbe-5b6eb58246ab,"canvas, oil paint","canvas, oil paint"
19fd9370-2742-438e-9b33-f96461faf5c6,"canvas, oil paint","canvas, oil paint"
1a17b45b-0bd2-4c0c-913b-0c49119b10f7,"canvas, oil paint","canvas, oil paint"
1a369f72-b8ec-45eb-bc73-57ef73e9ee4f,"canvas, oil paint","canvas, oil paint"
1a7979a1-53a0-4918-bed9-bb508582c42b,"canvas, oil paint","canvas, oil paint"
1abdb1eb-3acf-4fad-8257-3a7f4c1b4223,"canvas, oil paint","canvas, oil paint"
1ae072ec-9a5e-4811-a166-effd27064dd2,"canvas, oil paint","oil paint, panel"
1ae0a329-1b90-4f44-b459-06c2efefd082,"canvas, oil paint","canvas, oil paint"
1b1e4a95-165f-44ab-9e37-3c3b29af5c72,"canvas, oil paint","canvas, oil paint"
1b99e9f3-e507-4f7f-b7be-ef375a349594,"panel, tempera","panel, tempera"
1baf2d84-3cf2-466a-b8d9-893ad35bb22f,"canvas, oil paint","oil paint, panel, wood"
1c0eeaea-86bd-4cb0-ac04-3c1fa97ce276,"oil paint, panel","canvas, oil paint"
1c26f47f-44a2-4662-96b6-07bd1f7cbc28,"canvas, oil paint","canvas, oil paint"
1c4f5f9e-14ce-445c-8b3b-2f0ead0c7c09,"oil paint, panel","panel, tempera"
1cb00e5e-5ccd-4c25-9d78-618862feef06,"canvas, oil paint",canvas
1ce17322-da97-49f2-9b37-ecd34bf1777b,"canvas, oil paint","canvas, oil paint"
1cf4f00d-79be-4019-895e-607d8d40ab39,"canvas, oil paint","canvas, oil paint"
1cf79aab-ec32-4506-bba2-4ef626fe30cf,"canvas, oil paint","canvas, oil paint"
1cfab3b3-85ff-4618-9bc1-a63097ba851c,"oil paint, panel","canvas, oil paint"
1d140472-94d5-42a6-80e8-0ac3c4ab5689,"canvas, oil paint","canvas, oil paint"
1d178d50-c65d-4f09-9444-9a18b4c72c63,"canvas, oil paint","canvas, oil paint"
1d597032-ecef-46f3-a621-92123d5be525,"canvas, oil paint","oil paint, wood"
1d66171c-6752-4085-9cfc-fa11838c5c3e,"canvas, oil paint","canvas, oil paint"
1d73f4d0-d4dd-4fd2-b9b6-ebd943a69e7d,"canvas, oil paint","canvas, oil paint"
1d85f443-a18f-44e7-85e5-4a34e808085d,"canvas, oil paint","canvas, oil paint"
1dc0b166-dd6c-45fd-a928-8e2bf7904ed1,"canvas, oil paint","canvas, oil paint"
1dccea14-5997-44d9-b0c8-e4d1087c82cc,"canvas, oil paint","canvas, oil paint"
1e033415-2505-4ca3-97bd-9d01b3872c86,"oil paint, panel","copper, oil paint"
1e294ddb-58d4-46a6-a868-6b39e0c002fc,"canvas, oil paint","canvas, oil paint"
1e2a2010-1811-40a0-ad5b-31ad925ad2b0,"canvas, oil paint","canvas, oil paint"
1e712505-fa9f-4f64-b158-b0754b108c09,"canvas, oil paint","canvas, oil paint"
1eb57da3-f11d-445a-b47c-432a0fce0ddd,"oil paint, panel",ivory
1eb80c06-96b8-44be-8828-a0055706db09,"canvas, oil paint","canvas, oil paint"
1ed3b12c-1931-4f9d-b2fb-d47066b28fed,"canvas, oil paint","canvas, oil paint"
1ed9b89d-c13f-45ac-b084-7fa8b8688257,"canvas, oil paint","canvas, oil paint"
1f031393-62c4-4393-b6ee-ebd5bb649f97,"canvas, oil paint","canvas, oil paint"
1f0b251b-e708-4b95-bad8-1d7851804935,"canvas, oil paint","canvas, oil paint"
1f2c8be8-474d-4c4f-ab20-511141af4629,"canvas, oil paint","canvas, oil paint"
1f50da53-8752-4c33-952e-1cb9f5350f98,"canvas, oil paint","canvas, oil paint"
1fd90bdb-7e20-4e5b-a302-24005af0a021,"canvas, oil paint","canvas, oil paint"
1feff28e-5d58-45f6-8391-5f08a29dbd34,"canvas, oil paint","canvas, oil paint"
2020308b-1c5f-4e87-9be3-be83afee7610,"canvas, oil paint","canvas, oil paint"
2032e4a5-97d4-455e-83e2-8ca026cd7849,"canvas, oil paint","canvas, oil paint"
2063f7b4-c413-4729-b1b0-10f14ad4c5da,"oil paint, panel","canvas, oil paint"
206793bf-6bb1-425f-a198-45f78c84a344,"canvas, oil paint","canvas, oil paint, paper"
212e9d94-61be-4a48-bc64-83f0ecdf0221,"canvas, oil paint","oil paint, panel"
2172d2cd-d72f-4cfc-af7f-66ac1719bb20,"oil paint, panel","canvas, oil paint"
217cd8ca-72f4-4ba4-b3aa-a33aa3681002,"canvas, oil paint","cardboard, oil paint"
21a0ed1b-b170-48fb-b0d9-e836276a264a,"canvas, oil paint","canvas, oil paint"
21a81de4-ce7c-4b03-9762-cca3368397e6,"oil paint, panel","oil paint, panel"
21c9fb9b-e3f4-4fed-a21b-994135465f8e,"canvas, oil paint","canvas, oil paint"
21dec38b-a597-4e22-b45c-5eea07fbe84f,"canvas, oil paint","canvas, oil paint"
21ea1733-fc36-4503-8dc2-241ef796f752,"oil paint, panel","oil paint, panel"
21f076aa-b097-4102-b88e-a4288dfbbfe0,"canvas, oil paint","canvas, oil paint"
2223f9dc-099f-4b44-89e6-4f7d1de530bc,"canvas, oil paint","canvas, oil paint"
22296850-7e57-44ae-8ee9-201fbb105186,"canvas, oil paint",oil paint
2244f73f-9831-4c6f-8c5b-b7625f7210c2,"canvas, oil paint","canvas, oil paint"
225964b1-2000-4b3b-9c3d-fcdafe4541d0,"oil paint, panel","oakwood, oil paint"
228cb90a-3331-4cb6-a588-1856694b80e0,"canvas, oil paint","canvas, oil paint"
22988e85-162a-4074-95df-080027275f6a,"canvas, oil paint","canvas, oil paint"
22b968c3-6bea-4dd5-b891-576ea896a46d,"canvas, oil paint","canvas, oil paint"
22c93672-aa4b-4a03-a57d-753b602a0b1f,"canvas, oil paint","canvas, oil paint"
23110ab2-e1f1-4d8a-8957-55347c7957d8,"canvas, oil paint","canvas, oil paint"
233febeb-8104-43a1-932d-5bf89a4479b1,"canvas, oil paint","canvas, oil paint"
236b430c-05e7-494c-a246-93c972cc637a,"canvas, oil paint","oil paint, panel"
23a463d2-4ec4-4c91-9a95-bc13999c8ffc,"oil paint, panel","panel, tempera"
23a4bc09-ec2e-4292-8db8-d79636701177,"canvas, oil paint","canvas, oil paint"
23e726be-fbe4-4f11-8282-7d258a688b0c,"oil paint, panel","oil paint, panel"
23e86c23-2599-49ff-8979-26a8d6563c6f,"canvas, oil paint","canvas, oil paint"
240fd3cf-3968-4ff8-987c-d4529ddc5971,"canvas, oil paint","canvas, oil paint"
24319771-541d-4674-a0fb-217a21436e8b,"oil paint, panel",oil paint
24349039-6409-43dc-98c9-5b161445521e,"canvas, oil paint","canvas, oil paint"
24cb4db2-c53a-4f3f-89d3-f72109a68113,"canvas, oil paint","oil paint, panel"
24f5e889-f88c-4c65-86d7-f87872887449,"canvas, oil paint","canvas, oil paint"
253602e7-0b70-4766-9e33-a34658e200a5,"canvas, oil paint","canvas, oil paint"
2544cb9b-2bd6-4326-9320-b88fde6ed891,"canvas, oil paint","canvas, oil paint"
25580901-e671-4576-8a0a-99d6896f53b7,"canvas, oil paint","canvas, oil paint"
25a2684d-5da5-4c0d-931d-1c15d06b36d0,"canvas, oil paint","canvas, oil paint"
25f2b3b9-16e6-46d5-98c8-ca56b817988a,"canvas, oil paint","canvas, oil paint"
25fb93b8-fcf4-4eb3-9283-cb31d1561053,"canvas, oil paint","canvas, oil paint"
26318b63-ab70-4539-ab68-44ef26afd414,"oil paint, panel","oil paint, panel"
26650758-4263-4d23-9fdd-87ec2de882cd,"canvas, oil paint","oil paint, panel"
2670390d-1113-4538-9a93-244631f76554,"canvas, oil paint","canvas, oil paint"
2674b2e3-4225-4814-88a8-e63e80fd7f5c,"canvas, oil paint","canvas board, oil paint"
269b606e-6a11-424a-9835-5613e4eddfd3,"canvas, oil paint","canvas, oil paint"
26d5424e-64fa-4537-9d6a-076cfd3cd127,fresco,fresco
26dcd651-183f-4490-9e14-58eab6252d1c,"canvas, oil paint","canvas, oil paint"
27067e9a-2f3e-404c-ad33-9f88b07c1d41,"oil paint, panel","oil paint, panel"
2708accf-8778-4aad-ab80-59effd2530b0,"copper, oil paint","ivory, watercolor paint"
2730fb58-9ef3-4153-a480-130fe6ba07d2,"canvas, oil paint","canvas, oil paint"
27f705da-0f7e-43d5-8404-3b903d56244f,"canvas, oil paint","canvas, oil paint"
280934d9-3d25-4d55-b854-e99644e7fc34,"canvas, oil paint","canvas, oil paint"
284d5232-6d05-4f66-8f27-3a41445151dc,"canvas, oil paint","canvas, oil paint"
28863d9a-0f58-4231-98c5-ce82c76ea497,"canvas, oil paint","canvas, oil paint"
28a6ac26-a4dd-48bc-b120-38f2d2b4cc14,"canvas, oil paint","canvas, oil paint"
28a9b4d3-6803-4833-bcf0-7eaeab416419,"canvas, oil paint","canvas, oil paint"
28fbabbd-22e2-42e2-aa57-0cafc6039495,"panel, tempera","panel, tempera"
2919178e-9b9c-4d38-b05f-52ded9b73ec6,"panel, tempera","poplar panel, tempera"
2957e66d-060c-4450-be30-33cb30536979,"paper, pastel","canvas, oil paint"
2994a190-b190-4815-aab9-3ee594fa79aa,"panel, tempera","panel, tempera"
299deaa8-9a3d-4628-8a9f-7b06bb410bef,"canvas, oil paint","canvas, oil paint"
29ecad1e-fe12-483b-8660-47d47eb97ca9,"oil paint, panel","oil paint, wood"
29f37335-f62a-4ac7-bfe0-9a382ae16ea2,"canvas, oil paint","canvas, oil paint"
29fc2008-fd48-4a02-b2d4-825e1768e0b9,"canvas, oil paint","canvas, oil paint"
2a0afa3b-d1a5-4510-88b5-471917d5d5b0,"canvas, oil paint","canvas, oil paint"
2a0d50f4-7c44-4cd4-bfac-929ecb824e37,"canvas, oil paint","canvas, oil paint"
2a3d7afd-7a75-44a9-8d48-3a93c9d8f4ec,"canvas, oil paint","canvas, oil paint"
2a4c7b37-95dd-4bfe-814b-816db77e3ff5,"canvas, oil paint","canvas, oil paint"
2a7bbe86-0094-49cd-8382-9104c153b0a4,"canvas, oil paint","canvas, oil paint"
2a86f847-95ea-4d9f-b852-b4272290e40d,"panel, tempera","panel, tempera"
2aeb6877-a077-4f65-bd39-fe4c31424459,"canvas, oil paint","canvas, oil paint"
2b002c28-dad7-4c1c-883e-0f05313ebed4,"oil paint, panel","canvas, oil paint"
2b16f280-6977-4736-b4f8-c172bd4c5327,"canvas, oil paint","canvas, oil paint"
2b761758-fcfd-4905-a6bf-9987105d944f,"oil paint, panel","oil paint, panel"
2b847e52-fe84-4a89-b839-ed4b71f2c09a,"canvas, oil paint","canvas, oil paint"
2bc2c6a9-a01e-4552-bd63-b5a64ecb7966,"oil paint, panel","oil paint, wood"
2bff5c63-a395-444e-aaf2-0f963c96d582,"canvas, oil paint","canvas, oil paint"
2c141e48-2fc7-4864-b4ff-fcb7fde6fd40,"canvas, oil paint","oil paint, panel"
2c26cb77-de7d-49d8-b99a-aa5c77d261e7,"oil paint, panel","oil paint, panel"
2c377267-c98b-4023-8a95-4def8d0e5ea3,"canvas, oil paint","canvas, oil paint"
2c41f457-f89e-40d6-be19-1bda57d41cda,"canvas, oil paint","canvas, oil paint"
2ca6ce7d-c88d-415a-bc12-0a1cc5e3a53e,"oil paint, panel","oak panel, oil paint"
2d256c89-8d96-4399-9ba1-7a37db909757,"canvas, oil paint","canvas, oil paint"
2d4d4ac8-d46f-4e14-91f7-b531feafe206,"canvas, oil paint","canvas, oil paint"
2d56b03b-ab0b-4c75-8d2d-0de7a2857f35,"canvas, oil paint","canvas, oil paint"
2dc44774-13c8-400f-b0d1-d3af85fc5d4e,"oil paint, panel","oil paint, poplar panel"
2dc84b7b-49f9-4970-ba0a-5fc7945952b1,"oil paint, panel","oil paint, panel"
2dd0c08a-2cd6-4161-8c27-b1ed72fd55d1,"canvas, oil paint","canvas, oil paint"
2de55a5e-0399-404b-a996-4159d0c6fbfb,"canvas, oil paint","canvas, oil paint"
2e801cb3-6fac-46f4-818e-8856c30b891e,"canvas, oil paint","canvas, oil paint"
2ea8bc0a-3950-4772-a96f-7401d4e48641,"canvas, oil paint","canvas, oil paint"
2ec60e74-fd91-4462-abcc-f2d1178a1069,"canvas, oil paint","canvas, oil paint"
2ef4c54f-297b-4582-a089-462458d37174,"oil paint, panel","canvas, oil paint"
2f0e7913-a1d2-4e33-b471-483650bbde0f,"canvas, oil paint","oil paint, wood"
2f1f7a4f-a5b8-4bc9-b8ec-da29409f0311,"canvas, oil paint","canvas, oil paint"
2f2738ae-0ae7-4645-8006-37352b156218,"paper, watercolor paint","graphite, paper, watercolor paint"
2f48a625-7b63-47da-b49e-992ddeecee0f,"canvas, oil paint","oil paint, panel"
2f6f4adc-1fcd-4cd9-af95-89e23d599b03,"panel, tempera",canvas
2fb5d7c6-70b3-483c-b02a-62c51475bee3,"oil paint, panel","canvas, oil paint"
2fbb9e06-e507-441d-acb5-a68ee68d8932,"canvas, oil paint","canvas, oil paint, pastel"
2fdb8df2-40c3-47a4-9a1d-bc41529d4043,"canvas, oil paint","canvas, oil paint"
3001c551-0982-4782-a430-e4cc54148d5e,"canvas, oil paint","canvas, oil paint"
302b091a-c814-49b7-a9de-acfa4f19a01d,"canvas, oil paint","canvas, oil paint"
306c8dfd-2d52-4e51-bff0-5994c37903cc,"canvas, oil paint","canvas, oil paint"
3084bdda-2c38-42f4-b228-a381fc3184eb,"canvas, oil paint","canvas, oil paint"
30b93f3e-138d-4f1a-b6d3-e5700ee9661f,"panel, tempera","panel, tempera"
3113dabb-9a58-417f-92fd-bcba5bdb9477,"oil paint, panel","gold leaf, oil paint, spruce"
3192d633-3a97-4226-8b4e-b634898ded6b,"canvas, oil paint","canvas, oil paint"
31a0db07-a791-4cee-a085-770f8255bde7,"canvas, oil paint","canvas, oil paint"
31c26a00-47ee-4b2c-9929-f4c5e557e845,"canvas, oil paint","canvas, oil paint"
320710ed-6242-4dad-9a34-1f19f5d1ec87,"canvas, oil paint","paper, pastel"
32239f4b-32aa-4b0e-8629-4ca8903c5fa2,"canvas, oil paint","canvas, oil paint"
32258c77-5287-437d-93ca-6ae53a068f79,"canvas, oil paint","canvas, oil paint"
32e0e64d-238a-48f2-9457-c3967ddf2608,"canvas, oil paint","copper, oil paint"
32fb757c-cbd3-4638-ade6-fc1634257798,"canvas, oil paint","canvas, oil paint"
33078f4d-86a8-4b53-a8cf-cfbf35cd1d8a,"oil paint, panel","canvas, oil paint, poplar panel"
330a5e10-d213-41fc-baef-29d288e7bf8e,"oil paint, panel","oil paint, panel"
33647ada-2e48-4c2e-9e61-882560c86209,"oil paint, panel","oil paint, panel"
336586db-73b0-42d4-8570-1b1958632110,"canvas, oil paint","canvas, oil paint"
33978210-dd89-45d2-84e8-5d732326b7bb,"oil paint, panel",watercolor paint
33d90da7-9713-42bf-8627-dd9fefb55946,"oil paint, panel","oil paint, panel"
34060d15-fa1f-429a-9a62-3e5ddfcaab07,"canvas, oil paint","canvas, oil paint"
34081628-738d-4eca-bcac-9fe69a2ce788,"canvas, oil paint","canvas, oil paint"
34218040-6d2e-41eb-a0af-6618069822aa,"canvas, oil paint","canvas, oil paint"
34454c6e-e350-457a-a90e-19f0401b1252,"oil paint, panel","canvas, oil paint"
347f71a5-ade7-4fef-9e18-975707f85fd0,"canvas, oil paint","canvas, oil paint"
3486bd9e-0b49-45fc-ab79-e654e1474c8b,"oil paint, panel","oil paint, panel"
348ae08f-5e95-4b7c-9e70-510a8970afc6,"canvas, oil paint","canvas, oil paint"
34f26331-0431-487b-b893-20bdacd3d1e9,"oil paint, panel","canvas, tempera"
34fa2444-eae9-4ce1-a329-996c3103bcbb,"canvas, oil paint","canvas, oil paint"
3511e680-8e50-48e8-ae59-33fccd7bca1b,"canvas, oil paint","cardboard, tempera"
352520fa-afd8-49dc-9e30-da144bf59927,"canvas, oil paint","canvas, oil paint"
354f79db-73e7-42ce-be8d-3bb931089dae,"oil paint, panel","oil paint, panel"
35830957-bbbf-4a97-9434-d1b30f68a3ff,oil paint,"canvas, oil paint"
359fadc2-8a91-4f60-a7f0-5b32639d4a7f,"fresco, paint",fresco
35aa9929-518e-40e1-afed-d7513f020b2e,"canvas, oil paint","canvas, oil paint"
35b8cc1f-a0dc-4514-94cd-9cea6fc4d211,"canvas, oil paint",pastel
3644ec0a-3570-4623-a299-c7fa1a88a08b,"canvas, oil paint","oil paint, tin"
3686d05d-0665-42f8-a166-3ddaaf38704f,"canvas, oil paint","oil paint, panel"
36a4e90a-daa2-4a7e-b43a-7cc3baa47316,"oil paint, panel","oil paint, panel, wood"
36bd2d47-70ca-41b8-a22d-68b4a413504d,"canvas, oil paint","oil paint, panel"
36dce485-1e38-46bd-be3c-1780d19b7e80,"oil paint, panel","oil paint, panel"
36ded2e0-c496-4a38-86b6-c33cb0748667,"canvas, oil paint","oil paint, panel"
3737740d-4e06-4783-bec5-fd6dc3a2b928,"canvas, oil paint","oil paint, panel"
3743691d-99b9-4a15-be82-c6ad364118df,"oil paint, panel","oil paint, panel"
3761f4c4-f353-47f5-b57a-eccecf221b08,"canvas, oil paint","canvas, oil paint"
37ccb4ca-bce8-479f-bebe-77fc44ba077f,"canvas, oil paint","canvas, oil paint"
37df4579-66cb-4a4c-b04d-6201246ad358,"canvas, oil paint","canvas, oil paint"
38840e85-179c-45bd-b14a-e08d1121e8a8,"oil paint, panel","canvas, oil paint"
388c16c1-c7b0-45e4-ae3a-43d4e79a77f1,"canvas, oil paint",oil paint
3893021d-5d68-423b-9bfa-0ff4b7bfab0e,"canvas, oil paint","canvas, oil paint"
38b3d69e-fec7-40d7-b8eb-4cc0f9fa6752,"oil paint, panel","oil paint, panel"
38fdcaf8-e975-408d-bdab-634fabc185bb,"canvas, oil paint","canvas, oil paint"
395f9ae6-cb37-42fb-b2c1-d9647df9f926,"oil paint, panel","oil paint, panel"
39dd6067-86a1-46e5-956d-3b30c19953d9,"canvas, oil paint","canvas, oil paint"
3a532916-f450-4df2-a7f2-a61610e28c09,"canvas, oil paint","canvas, oil paint"
3a59f7c1-695b-45d2-9724-f0ac90cb6d31,"canvas, oil paint","canvas, oil paint"
3a972407-11dd-4413-bfcb-d3107c8bc589,"canvas, oil paint","canvas, oil paint"
3abd2078-4574-4bd6-a2d8-759deb805805,"canvas, oil paint","oil paint, panel"
3accb633-72c0-4034-b9ba-0b68a9b683bf,"canvas, oil paint","canvas, oil paint"
3adbce9a-bd73-489a-a0c6-1c6453b392bd,"canvas, oil paint","canvas, oil paint"
3aecbf59-4f0c-42ae-b0b1-3748b682a521,"canvas, oil paint","canvas, oil paint"
3afdc0fa-9353-4a2d-92e2-f9d436f1d3ec,"canvas, oil paint","canvas, oil paint"
3b099fce-2e50-4ca1-8e9b-cc513ad3c0bc,"canvas, oil paint","canvas, oil paint"
3b245d99-eea9-4c97-abdf-9fbbd3dfcca8,"canvas, oil paint","canvas, oil paint"
3b2beddb-b585-42a3-b622-d6da8980d885,"canvas, oil paint","canvas, oil paint"
3b519f10-d219-46f0-b2af-0e657e877ad3,"canvas, oil paint","canvas, oil paint"
3b649ed7-308e-40f0-b299-965dab454331,"oil paint, panel","oil paint, panel"
3baf8941-9055-485b-bb20-40b0a6585f25,"oil paint, panel","oil paint, panel"
3bb598a4-b493-4d76-bd79-5692a06dd2d5,"canvas, oil paint","canvas, oil paint"
3bd0ea6c-96d6-40fb-a245-5227feac5b72,"canvas, oil paint","canvas, oil paint"
3c0dc42c-1db6-4896-a0a3-9f53fd809081,"canvas, oil paint","oil paint, panel"
3c18af7a-bd9b-4863-b09c-7bab14a9005e,"canvas, oil paint","canvas, oil paint"
3c7ce961-16b1-4253-980e-e6520ee4ce9e,"canvas, oil paint","canvas, oil paint"
3c7f5a9e-aa9f-4f1f-b466-6d7cb47f2f5c,"canvas, oil paint","canvas, oil paint"
3cd433f3-f6d4-4b19-aad3-21cdd11aeba6,"oil paint, panel","canvas, oil paint"
3d9aecf9-252a-4aad-bb17-0e13058ccad4,"oil paint, panel","copper, vitreous enamel"
3db262d9-1d8c-42fa-833c-e008f3a5d45c,"panel, tempera","gold, panel, tempera"
3dd04c05-fbd5-492b-a4fe-201f3b6c4218,"canvas, oil paint","canvas, oil paint"
3df7707d-490c-45fb-9104-b8ea87e91f65,"canvas, oil paint","canvas, oil paint"
3e03a5b3-06c5-4015-bdd8-0c2b1252e5bd,"canvas, oil paint","oil paint, panel"
3e07b043-5a1b-433a-9df2-507c14c9606c,"canvas, oil paint","oil paint, panel, wood"
3e0f5d57-f39b-41dc-9cbb-7258547f81e6,"oil paint, panel","panel, tempera, transferred on canvas"
3e19bd02-4dd5-4e85-9060-0531d4fbcdda,"canvas, oil paint","canvas, oil paint"
3e3a010e-8f53-4768-b16c-d8ebf54a2a5d,"oil paint, panel","oil paint, panel"
3e4fc642-2d75-4e2d-b7b4-57bdce87658a,"canvas, oil paint","canvas, oil paint, panel"
3e6ff4e1-6a10-473e-911c-7e6ceff02fb9,"canvas, oil paint","canvas, oil paint"
3ec5cb67-529e-4b0e-9bf4-63baf15e9033,"canvas, oil paint","canvas, oil paint"
3f20f7bf-bca8-4848-a752-e696f12fb057,"canvas, oil paint","canvas, oil paint"
3f788d7a-85bf-4c77-aacb-39b4014533a0,"oil paint, panel","canvas, oil paint"
3fd9a05b-b0ae-472d-ae47-d4f8f3a41ea2,"canvas, oil paint","canvas, oil paint"
3fda2e18-b470-4139-9c48-74e96b474d27,"canvas, oil paint","canvas, oil paint"
40183b94-a0b4-4871-a391-d5aa1842232a,"gouache paint, paper","ivory, watercolor paint"
405ca90f-3c2c-41d1-9f1d-36ba31b22b51,"canvas, oil paint","canvas, oil paint"
40626758-166e-458a-813f-4269517e314e,"canvas, oil paint","canvas, oil paint"
40a97aaf-98c0-4f58-9b8e-a3b7d29660ba,"canvas, oil paint","canvas, oil paint"
40ca375b-38a4-4df7-b59f-0823258e73e5,"canvas, oil paint","canvas, oil paint"
40f8ce88-c40b-4418-a68c-e4ea619f99f4,"canvas, oil paint",watercolor paint
41928b60-edaf-4cbd-a47f-c467087afb2c,"canvas, oil paint","canvas, oil paint"
41b77341-dcfa-4aae-9b0d-272f1128a044,"canvas, oil paint","canvas, oil paint"
41fe6ac2-48be-4568-9c88-9035bc5c50df,"canvas, oil paint","canvas, oil paint"
421b7cc1-6652-465b-86a0-13d5f1ccc05a,"canvas, oil paint","canvas, oil paint"
427649e6-7257-471d-8d10-0e1f5560e355,"canvas, oil paint","canvas, oil paint"
42c55f4d-236f-4fed-ad4d-fe318db24251,"oil paint, panel","oil paint, panel"
431c9c9e-a1f9-45a9-bc88-dbafa9577513,"canvas, oil paint","canvas, oil paint"
43686750-45fe-4094-a602-67be11ec264c,oil paint,"canvas, oil paint"
4368f1f8-7e5e-40d4-8add-1391c7415730,"oil paint, panel","panel, tempera"
43ade17d-bf1a-4a9c-a855-26e6eab8ecb5,"panel, tempera","panel, tempera"
43d5b1bf-4c9a-4cae-807e-018ce2027842,"canvas, oil paint","canvas, oil paint"
443996fd-d0ec-4f37-8f06-824cb703c6d7,"canvas, oil paint","oil paint, panel"
44621d85-d5c1-4e51-93ad-840f51be9466,"oil paint, panel","canvas, oil paint"
4465a134-cf90-4147-b0b4-706894a1aa7c,"canvas, oil paint","canvas, oil paint"
448f2a1f-8752-4eca-8ab2-38added2820f,"canvas, oil paint","canvas, oil paint"
453bc578-27e4-42f5-ab9a-6c7632906592,"canvas, oil paint","canvas, oil paint"
4576b6dc-1f8f-421e-8a2b-22fbafb16c54,"canvas, oil paint","oil paint, panel"
45c7e2ea-9997-4297-9668-dc25e3f590c8,"canvas, oil paint","canvas, oil paint"
45cce676-380c-49a4-81ba-157d2514350e,"canvas, oil paint","canvas, oil paint"
46115f0c-c6ff-4c5b-a76b-71f13f2205c3,"canvas, oil paint","canvas, oil paint"
461b4cd5-13c1-483a-ac83-adc092cc648d,"canvas, oil paint","canvas, oil paint"
4624718a-4a69-4c63-8f9f-1740803ef1a4,"canvas, oil paint","canvas, oil paint"
463619ed-912a-4a46-b17e-1617afa69d2c,"canvas, oil paint","canvas, oil paint"
46642723-e365-4b18-a237-f4c06b111074,"canvas, oil paint","canvas, oil paint"
466c2f9c-2eb8-457d-85dd-72b548868508,"canvas, oil paint","canvas, oil paint"
46817707-8a22-4e67-8628-8f62c98c7b18,"canvas, oil paint","canvas, oil paint"
46b4ac7a-ce14-469e-b961-b9dd396579c8,"canvas, oil paint","oil paint, panel"
46b59aee-6cf0-4e48-9c17-3f86b63fe050,"canvas, oil paint","cardboard, oil paint"
46c73c73-5c10-4421-8682-173dec679453,"canvas, oil paint","canvas, oil paint"
46e0d172-6120-4108-b8b1-c067dc455a06,"canvas, oil paint","canvas, oil paint"
4733068b-2071-4ffa-a443-dd878fe7dc07,"canvas, oil paint","canvas, oil paint"
4734fae4-f40d-422b-9527-37134511b66c,"canvas, oil paint","canvas, oil paint"
47689990-380e-4ffc-a086-2788fd120d0b,"canvas, oil paint","canvas, oil paint"
47ab5291-0eb2-4ef0-b2b6-43627c5c2059,"canvas, oil paint","canvas, oil paint"
47cdc44c-3852-4d44-bcbc-6a668cad7040,"canvas, oil paint","canvas, oil paint"
47e0511d-940b-4b14-a754-037f05f81678,"oil paint, panel","oil paint, wood"
483a676f-2517-4781-ab13-893eef8716aa,"canvas, oil paint","canvas, oil paint"
484af0ad-cfa4-4bcd-84ea-2f099c1d2a09,"oil paint, panel","canvas, oil paint"
48a0cbeb-80bf-4259-b6e6-19f287f51961,"canvas, oil paint","oil paint, panel"
48ade423-95f1-471a-8442-1674f8a67de1,"canvas, oil paint","canvas, oil paint"
48da5f37-b878-464c-b531-12ed503f6e09,"canvas, oil paint","canvas, oil paint"
48daffba-db61-48bb-aa82-662b5c1ecb79,"oil paint, panel","canvas, tempera"
49123bd1-83ed-434b-9443-0f5d442de727,"canvas, oil paint","canvas, oil paint"
49132c1b-b046-4ab5-8fd3-18bb9f748cd8,"canvas, oil paint","oil paint, panel"
494298ed-7d7f-470a-b313-ea58088be35e,"canvas, oil paint","canvas, oil paint"
497334bb-3921-4f20-93d8-fe7376aa9b80,"canvas, oil paint","oil paint, paper"
497433d6-4942-4c2a-afb9-cdff097387ba,"oil paint, panel","paint, panel"
499299ab-941f-43ff-94db-9668b10fc2f7,"canvas, oil paint","canvas, oil paint"
49e2d1d8-b874-4e52-b6d6-6de828e32cff,"canvas, oil paint","canvas, oil paint"
49f6cf3e-2285-419f-a7ae-309a9ddc90ff,"canvas, oil paint","canvas, oil paint"
4a828a9c-1534-4f30-a5b9-f00237fdf837,"canvas, oil paint","canvas, oil paint"
4ac59245-fcc8-452c-9764-cdba72e0d439,"canvas, oil paint","copper, oil paint"
4ad59302-7699-4dcd-a5bf-73d570e7e241,"canvas, oil paint","canvas, oil paint"
4ae1de2b-18a5-477e-8ac0-d7463bd31751,"oil paint, panel","oil paint, paint, panel, poplar panel"
4afa4094-bfc4-4ce9-8746-b020afb6f843,"oil paint, panel","oil paint, panel"
4b2a5e61-7669-445b-9765-04c91f94addc,"canvas, oil paint","canvas, oil paint"
4b72f2eb-af04-429e-ae8a-e06607620f73,"canvas, oil paint","canvas, oil paint"
4bb0fd7f-6e7a-4288-8d2a-45d79ecaf019,"oil paint, panel","canvas, oil paint"
4bd9ace2-a584-440b-aaba-49b670267c9b,"canvas, oil paint","canvas, oil paint"
4bef5160-94aa-422b-8f11-c9d3283f464e,"canvas, oil paint","canvas, oil paint"
4c11b75b-81c0-4335-94c3-911c20290b3d,"oil paint, panel","oil paint, wood"
4c3dfbca-9a42-42be-ad58-f94255d81a39,"canvas, oil paint","canvas, oil paint"
4cb91114-bcee-4344-b8a7-b7a22f932d4e,"canvas, oil paint","canvas, oil paint"
4cf8e885-cfd3-47c2-9df0-61a46b7bd260,"canvas, oil paint","canvas, oil paint"
4d1915ee-ef90-48ec-9844-2705027113d9,"canvas, oil paint","canvas, oil paint"
4d272bbb-5a31-49e3-90eb-f04e7466f118,"canvas, oil paint","canvas, oil paint"
4d821ac7-b3d2-4af8-9b47-aef67e4a75ea,"canvas, oil paint","canvas, oil paint"
4dc4b7c3-e8cb-468c-99f6-4483f7fcaa71,"oil paint, panel","oil paint, panel"
4def5d13-42f9-4dbd-8a04-4224b0f90f26,"canvas, oil paint","canvas, oil paint"
4e401c94-1dd1-4782-806d-eed9ed8c6527,"canvas, oil paint","canvas, oil paint"
4e524f2c-6fe0-4727-9c98-171874fd2825,"oil paint, panel","oil paint, poplar panel"
4e7188a6-4245-4d5c-a335-7db766e35f9c,"canvas, oil paint","canvas, oil paint"
4e7e1874-ba58-4a46-bffa-4908f711bc9c,"canvas, oil paint","cardboard, oil paint"
4e993223-6d68-4e5d-8bae-a17f270fdb3f,"oil paint, panel","oil paint, panel"
4e9ec6fb-05f2-4e23-8463-bbdd245c10f1,"canvas, oil paint","canvas, oil paint"
4ed6a915-83eb-4f3f-a065-ccd4981b8e72,oil paint,"gold, oil paint, panel, tempera, wood"
4f14b5c2-7c34-4ff4-b1c7-083a0890d174,"canvas, oil paint","canvas, oil paint"
4f577162-e474-4244-82fc-8a87efa7e8cb,"canvas, oil paint","canvas, oil paint"
4f8a83c2-c656-4698-83c2-6e64c23573df,"canvas, oil paint","canvas, oil paint"
4fb04851-94ac-44cc-9e2c-b55fe914b863,"oil paint, panel",panel
4fb8d3f5-a779-441d-b70a-9f4c84ef3ecb,"canvas, oil paint","canvas, oil paint"
4fefa3d1-6ade-4aaf-b99f-83a43392619a,"canvas, oil paint","cardboard, oil paint"
500acefe-7e17-46ce-85b6-f5007401dc9c,"oil paint, panel","oil paint, panel"
5058e31f-4101-4914-8ab0-b9a6ad0d097e,"oil paint, panel","panel, tempera"
505bb35d-c57a-47ea-99aa-59f353dd9f50,"canvas, oil paint","canvas, oil paint"
506a6427-0049-4796-a534-3f4281a9f077,"panel, tempera","panel, tempera"
509f6eb4-d3fa-4c5a-bbaf-0c721f0d63fc,"canvas, oil paint","canvas, oil paint"
51021ccd-96f3-4400-9210-ff81a9366e42,"canvas, oil paint","ivory, watercolor paint"
513c0c79-967f-40b6-8fbe-9d4680e2a525,"canvas, oil paint","canvas, oil paint"
5151c9f3-cf9d-4598-ad74-90da585034d3,"canvas, oil paint","canvas, oil paint"
51a867a7-571b-4caf-8eea-2a37e7088695,"canvas, oil paint","canvas, oil paint"
51b00820-78f4-4a6d-9cf7-528036c12a02,"canvas, oil paint","canvas, oil paint"
51dd4992-ab78-4acf-ae16-37dbf1d532e1,"canvas, oil paint","canvas, oil paint"
52840469-8974-404b-8252-2e1444f1d8d4,"canvas, oil paint","canvas, oil paint"
52e97f0e-8e86-4871-a11a-569e854ed68b,oil paint,"oil paint, panel"
53747f27-200e-494a-82d7-be041b282f6d,"canvas, oil paint","canvas, oil paint"
537a3d3b-5092-48e5-ace1-3339fe3fc29b,"canvas, oil paint","canvas, oil paint"
53934132-6205-48d8-a367-bac191bd2684,"canvas, oil paint","canvas, oil paint"
53d0e56f-96e4-4c2a-b1ae-347a520c5fe1,"canvas, oil paint","canvas, oil paint"
5430cf90-21c2-463a-99fa-fdd3e390cc01,"canvas, oil paint","oil paint, panel"
54a711c8-2974-4ebd-b34e-9c1a5587dbc3,"canvas, oil paint","oil paint, panel"
54ac3514-28fd-4d3c-bede-aea248f6ff6c,"canvas, oil paint","canvas, oil paint"
54c09a15-ae3b-42a4-9092-b45f74612bf5,"canvas, oil paint","oil paint, poplar panel"
54d432d4-bb05-4554-bf7d-ece46578c938,"canvas, oil paint","canvas, oil paint"
54dea80b-ac5c-4f5d-866a-b68cb75d90db,"canvas, oil paint","canvas, oil paint"
54ef2133-91a3-4d38-a8ec-6db79448073b,"canvas, oil paint","canvas, oil paint"
5503c42c-6d8e-482f-a273-3d43d29c7363,"canvas, oil paint","canvas, oil paint"
551165e9-1421-4852-8f8f-60c0771ef563,"canvas, oil paint","canvas, oil paint"
553abb62-b999-4371-b13a-1881783a9295,"canvas, oil paint","canvas, oil paint"
55636cae-aa87-4ba9-9f76-a08af58d9fa4,"canvas, oil paint","canvas, oil paint"
5580b303-2ade-408f-9889-0b395dc3d0a9,"canvas, oil paint","copper, oil paint"
55c32a73-7ec3-454b-9954-af793baa7e80,"canvas, oil paint","canvas, oil paint"
5608c623-aef3-4731-84dc-3d4be91d56df,"canvas, oil paint","canvas, oil paint"
5610e8ff-825e-4a95-b7de-e0af5a4231e5,"oil paint, panel","oil paint, panel"
562a967d-b91c-4beb-aaf0-78f4f5c681bd,"canvas, oil paint","canvas, oil paint"
56528ab9-9e1a-4f08-8b6c-0e0374945a15,"canvas, oil paint","canvas, oil paint"
568f74aa-f26d-4073-b8bd-4006446ffea9,"canvas, oil paint","canvas, oil paint"
569fbdd7-0098-40a6-82bd-bd75e394a538,"oil paint, panel","canvas, oil paint"
56d57c39-26de-4ca6-9024-4f717e01a46a,"canvas, oil paint","canvas, oil paint"
5700576a-6fb6-4e69-bfbf-2c730724674b,"canvas, oil paint","canvas, oil paint"
570b2f2d-0a78-47f4-818d-02b68cda36eb,"canvas, oil paint","canvas, oil paint"
570ca728-16f6-4b13-a272-f54fb8c17735,"canvas, oil paint","canvas, oil paint"
57345c05-0ef1-4362-b52e-db41e0a4f678,"canvas, oil paint","canvas, oil paint"
57513db2-c4b2-4880-bb8a-e1dcd71ea86d,"canvas, oil paint","oil paint, panel"
57757cab-dcca-4287-90b9-d2d71dcf0cf3,"canvas, oil paint","canvas, oil paint"
5779b515-77bf-4579-b0e8-ce4dce4580a1,fresco,fresco
577bf1b5-340a-482a-baa7-90b0ba69a45f,"canvas, oil paint","canvas, oil paint"
57a9c4e4-f245-4b72-a1bf-f403af61aa94,"oil paint, panel","copper, oil paint"
57f431b9-52d9-479f-9b11-b66807393f34,"panel, tempera","panel, tempera"
582e4593-9b13-400f-93ef-0b56e9f5c375,"canvas, oil paint","canvas, oil paint"
5843ce8a-fd93-4c1d-8f9e-72cd834cb7a3,"oil paint, panel","canvas, oil paint"
5853c429-a556-4148-b2da-13657b258327,"canvas, oil paint","canvas, oil paint"
58899594-8d3d-4be9-ab6e-ba66242e7ec8,"canvas, oil paint","canvas, oil paint"
588a749b-92b0-40ae-be31-d4e1e984bef3,"canvas, oil paint","canvas, oil paint"
58a2c038-5069-4d32-982e-38d63d9f9341,"oil paint, panel","oil paint, panel"
58d18ecc-b1a3-4d78-bd29-ce68e5afd21c,"canvas, oil paint","canvas, oil paint"
58e171b2-8565-4e3a-9ad6-2ea03e282e08,"canvas, oil paint","canvas, oil paint"
593ea54e-d1d0-4109-bca4-aad612125324,"oil paint, panel","oil paint, panel"
59535272-8b1e-4d83-9d08-1b7c04ad2446,"canvas, oil paint","canvas, oil paint"
59758ada-6494-450a-8f7f-e33bb366955f,"canvas, oil paint","canvas, oil paint"
59aeae22-60c5-4b22-91d7-5b694edd5fe5,"canvas, oil paint","canvas, oil paint"
59be4818-acd0-4a9b-a4a4-c63ccbbd1282,"oil paint, panel","canvas, oil paint"
5a13e4c8-f8d4-455b-89f4-8884bb6f61e1,"canvas, oil paint","canvas, oil paint"
5a188b58-ad5a-4cb9-9a2a-4933f1bdc671,"canvas, oil paint","canvas, oil paint"
5aa2f715-3a0b-4cde-a538-2fd97c565c69,"canvas, oil paint","canvas, oil paint"
5aab3e71-8064-4664-bac3-5ec28a355fff,"canvas, oil paint","canvas, oil paint"
5afdcb83-15d2-4544-807f-1917d979f1cc,"canvas, oil paint","canvas, oil paint"
5b2c0dd9-e9fb-41ce-ba31-18d5310e90aa,"canvas, oil paint","oil paint, wood"
5b3e1d2b-fe0c-4a48-8a76-cb1d0788d45d,"canvas, oil paint","oil paint, panel"
5b7b176f-9f7d-4b21-92d7-8548ac2e1c7b,"canvas, oil paint","canvas, oil paint"
5b81f9c9-2da0-4ec9-a28f-b6c22f656de4,"canvas, oil paint","canvas, oil paint"
5bae949a-f978-4e57-924b-41b9cf03fc40,"canvas, oil paint","canvas, oil paint"
5bf900dd-6bc8-44dd-b281-1ed9e0c9724e,"canvas, oil paint","canvas, oil paint"
5c189e92-b8eb-4a1a-a3cc-e968f321fdf7,"panel, tempera","panel, tempera"
5c5621ad-f9fd-4f7d-a99e-9bda7ab041ed,"canvas, oil paint","canvas, oil paint"
5c57a2cf-eaac-42e0-af03-96fec9a9d470,"canvas, oil paint","canvas, oil paint"
5c711c3e-429f-4a9a-9518-b5d24160e54a,"canvas, oil paint","canvas, oil paint"
5c904979-2dc5-43a2-8066-a58a4ab2d292,"canvas, oil paint","cardboard, oil paint"
5cc65ff8-a5bd-4e63-949c-cccc180e3e5c,"canvas, oil paint","canvas, oil paint"
5ccb66e0-d064-4c88-9661-e3c4cf5d7b21,"canvas, oil paint","canvas, oil paint"
5cce0afa-5654-43b6-ade2-70a03a1aad48,"oil paint, panel","oil paint, panel"
5d25ce6e-7e7a-4573-9b7a-2e089a6dbfa5,"oil paint, panel","oil paint, panel"
5d4ad45d-f16c-4a05-8659-11558859202b,"canvas, oil paint","canvas, oil paint"
5d58acac-a713-4791-a5db-9e69ac451a8f,"canvas, oil paint","canvas, oil paint"
5d71940c-87bc-4086-ad63-1f19bc9efecb,"canvas, oil paint","canvas, oil paint"
5d84d60e-7460-41d4-af88-ddfd0df1e9ae,"canvas, oil paint","canvas, oil paint"
5dd8feb0-3747-47ae-b932-07698b166583,"canvas, oil paint","oil paint, wood"
5e172c64-ab4e-4dc3-8db9-7069355dfd14,fresco,fresco
5e50c4bb-4b6b-46ba-bc5d-d1cf16e805a9,"canvas, oil paint","cardboard, oil paint"
5e6209b3-aeff-4afb-ac2a-153f2b99a95d,"canvas, oil paint","canvas, oil paint"
5e743776-e17e-49e4-8e90-bcd99bb039de,"canvas, oil paint","canvas, oil paint"
5ecba13e-be80-4385-80e9-cec56d7e5b74,"canvas, oil paint","canvas, oil paint"
5eee5b71-b685-4903-a5a2-0cfe570485be,"oil paint, panel","canvas, oil paint"
5f2236dc-c579-49c3-b6d1-0b62a1542792,"canvas, oil paint","canvas, oil paint"
5f51d477-3e52-4313-9d49-f4d18691b03a,"canvas, oil paint","canvas, oil paint"
5f5ec02a-d272-4d2a-852b-7d1cd03a66b9,"canvas, oil paint","canvas, oil paint"
5f64ace2-b0a1-4d66-b604-1f7859c38d6b,"canvas, oil paint","canvas, oil paint"
5f6caada-b48e-458a-b447-1fc9ecd6063f,"canvas, oil paint","canvas, oil paint"
5f77bf4b-6d4b-4c8e-b565-9093e993bdf4,"canvas, oil paint","canvas, oil paint"
5fb0a6c4-4c28-4d70-b00e-9c12ab0bbd7f,"canvas, oil paint","canvas, oil paint"
5fbd3f86-85a6-4974-b873-7f89702da0d4,"canvas, oil paint","oil paint, panel"
5fc94102-5899-4cc4-9535-973677e55ee2,"canvas, oil paint","oil paint, panel"
5fea3aad-3d8f-460c-8ffe-2a7c3558354d,"canvas, oil paint","oil paint, panel"
5ffd48b7-7937-42be-a3c6-e6fecdaaaf9f,"canvas, oil paint","canvas, oil paint"
60101fc7-1d80-4caf-aa45-759722404823,"canvas, oil paint","canvas, oil paint"
60b27047-9e4b-4c83-a18f-8289cf1025e8,"canvas, oil paint","gouache paint, paper, watercolor paint"
60c48ff3-59b2-4bb7-b854-034a5f868375,"oil paint, panel","oil paint, panel"
60f72519-8f22-4781-b22b-a6a1ccdd7e0d,"canvas, oil paint","canvas, oil paint"
6126e79c-f7fc-4362-9b2d-a383187e1b41,"canvas, oil paint","canvas, oil paint"
61273c03-bd04-41f8-8ee5-e2b8b9205945,"canvas, oil paint","canvas, oil paint"
612fa264-aa2b-4970-a15d-8ea131900618,"canvas, oil paint","paper, tempera"
6167da5c-7575-4c4e-92f9-b1f9b0cbade4,"canvas, oil paint","oil paint, panel"
6193d940-8c71-4dc2-95fc-18bc30945787,"canvas, oil paint","canvas, oil paint"
61b0c21e-f877-4696-b875-a01fb7ed4dab,"canvas, oil paint","canvas, oil paint"
61bdd372-79fc-4af0-96a2-1d91974dce75,"oil paint, panel","oil paint, panel"
61c76c26-367b-4ed3-914c-2ee4c2b42463,"paper, watercolor paint","graphite, paper, watercolor paint"
6267b991-bf6c-46ab-ac04-f08094674642,"oil paint, panel","oil paint, panel"
62768458-df4f-48c9-a031-c86c42a37a4a,"oil paint, panel","oil paint, wood"
628cc65c-f1bf-405e-86e0-0636b9e652bc,"canvas, oil paint","canvas, oil paint"
62dffdd0-7e69-427a-b8b2-1afc9f147e18,"oil paint, panel","oil paint, panel"
630ef8eb-7f69-4aff-aa4d-4e4f2e16aa74,"canvas, oil paint","canvas, oil paint"
632e10c0-2231-459c-9a8f-58202946d574,"canvas, oil paint","oil paint, panel"
6331de6f-94b0-4497-b35f-b2345a7e9c60,"canvas, oil paint","oil paint, panel"
63a24f03-cfd7-4a4e-b5c6-562118a7f45c,"canvas, oil paint","canvas, oil paint"
63c91585-fc18-43f9-8974-500a906b035b,"canvas, oil paint","canvas, oil paint"
63e6d022-3e1a-472d-8769-6dd772a6e58c,"oil paint, panel","oil paint, panel"
643ca7a9-4755-455e-a15d-85812033d573,"canvas, oil paint","canvas, oil paint"
6477f42e-ac1f-47a3-a5a4-f1edd75d58fc,"canvas, oil paint","canvas, oil paint"
64b9f529-9625-4d64-b3f6-b04cf4ddbbb3,"canvas, oil paint","canvas, oil paint"
64eeaf50-03d6-4b1a-854c-e6ecf5bf326a,"oil paint, panel","oil paint, panel"
655deee8-7f8c-4987-88fb-5b1dccf96538,"canvas, oil paint","canvas, oil paint"
65819f7f-44a6-49c2-a36f-e97a44377266,"canvas, oil paint","canvas, oil paint"
66008323-1186-4ef7-a157-9570475c1057,"canvas, oil paint","canvas, oil paint"
6609a21e-fc5a-47d6-bed5-c3ca32e6179b,"canvas, oil paint","canvas, oil paint"
660ff871-8992-4635-827d-bcfb79d610ac,"canvas, oil paint","canvas, oil paint"
664e2f8a-9826-4dc6-8066-45c5b7a7198f,"canvas, oil paint","canvas, oil paint"
666abce5-d2d3-41de-886b-2183b841fc24,"canvas, oil paint","canvas, oil paint"
66ac8008-9b9a-4fbb-a8ba-abdfcb565e92,"oil paint, panel","canvas, oil paint"
66d5f597-1ffd-40f9-8ee6-ed394fa782b6,"canvas, oil paint","canvas, oil paint"
670f2996-3f75-4570-b3fb-094bd925e63b,"canvas, oil paint","canvas, oil paint"
67347233-e206-49d4-8d56-7d9229854a12,"oil paint, panel","panel, tempera"
6742a5d8-6440-493b-bfca-c09f109a35cf,"canvas, oil paint","oil paint, panel"
67ada198-13c7-4e0e-83f2-d9b24fd85c81,"gold, tempera","panel, tempera"
67edfa8f-e571-482f-a398-06ee006367ec,"oil paint, panel","canvas, oil paint"
686b8c23-34f4-4b27-882c-aa10aead3d6e,"canvas, oil paint","oil paint, panel"
688719fc-b2fc-4b42-bc77-ab745e4f062e,"canvas, oil paint","canvas, oil paint"
68b051f8-4e11-4893-93d3-0ebb6610a445,"oil paint, panel","oil paint, panel"
6946ee57-87ad-44e9-82ef-a9f8d72a7b38,"canvas, oil paint","canvas, oil paint"
694cb368-8a3d-4fba-82bc-ec6422bafc88,"canvas, oil paint","paper, pencil, watercolor paint"
698bcb9b-3af6-4168-9a04-ad1c13b22ac1,"oil paint, panel","canvas, oil paint"
69a7091a-8aac-4cd0-9c24-698f5347d31f,"oil paint, panel","canvas, oil paint"
69baaa90-3a55-4b26-b26f-fac51ce1c9fd,"canvas, oil paint","canvas, oil paint"
69bed559-9bb9-48e3-9969-d501750a4dd1,"canvas, oil paint","canvas, oil paint"
69ed618e-08bb-49ba-94d0-73f1f382b1c5,"canvas, oil paint","canvas, oil paint"
6a2d80c1-d8ff-415f-bf99-bb1186e8f9b4,"canvas, oil paint","canvas, oil paint"
6a2f6540-7fec-42f7-a6dc-54cad8dbe4cc,"canvas, oil paint","canvas, oil paint"
6a3ffc83-c341-49f0-94e4-75d8a9b6c792,"canvas, oil paint","canvas, oil paint"
6a660c7d-11e3-48b7-a863-187f99cfaabb,"canvas, oil paint","canvas, oil paint"
6a7dacfb-c2b8-4848-b6bf-e8183026fc0c,"oil paint, panel","copper, oil paint"
6abd5195-c0a7-4326-acbc-7ffb54febf20,"oil paint, panel","lime panel, oil paint"
6ad612d1-c7c9-4b95-8601-2c6b4ab3c6d5,"canvas, oil paint","canvas, oil paint"
6aeb0f86-5ca1-45a0-9084-b774d8851a4b,"canvas, oil paint","oil paint, panel"
6afced32-4397-4c1a-8152-e74a5c1efb48,"canvas, oil paint","canvas, oil paint"
6b329c8a-b303-4e7b-ab0d-c730f86caacc,"oil paint, panel","parchment, pencil"
6b4e8c6a-d388-4d01-8a5d-0505eec43e09,"canvas, oil paint","brush, oil paint, paperboard"
6b9f3a09-b809-4438-b3c9-60932af4762d,"canvas, oil paint",oil paint
6bacbd36-f7a0-4fff-ac8a-a4eb07ccf265,"canvas, oil paint","canvas, oil paint"
6bb3d739-22f4-4d78-bb09-84bbad5d306b,oil paint,"canvas, oil paint"
6bcf6612-2380-44ef-b6a3-3820f8bd02d1,"canvas, oil paint","canvas, oil paint"
6bd0f2b0-340d-4719-ad01-142a0dd97d33,"oil paint, panel","oil paint, panel"
6c2e0951-8c71-4129-b65f-0eda60343517,"canvas, oil paint","canvas, oil paint"
6c34211e-63c4-4617-a890-c7dd4bb8b735,"canvas, oil paint","canvas, oil paint"
6c95d2ad-bd6e-4370-8e39-1c80b06a54bc,"canvas, oil paint","canvas, oil paint"
6cac2848-4ce1-4102-8d4f-32307e63fe6a,"canvas, oil paint","canvas, oil paint"
6cd4765c-d735-422c-b1b1-79bb02fdd2e8,"canvas, oil paint","copper, oil paint"
6d218ca9-683b-46e8-be56-033ee83ec771,"canvas, oil paint","canvas, oil paint"
6d371908-1e0a-4d74-b514-79a9feedeba3,"panel, tempera","gold, panel, tempera"
6d4f1e4a-daeb-4c65-ab2e-9d6fdaad27eb,"canvas, oil paint","canvas, oil paint"
6d8bdadd-5403-4dfe-b612-c96f4fa0b5d6,"canvas, oil paint","canvas, oil paint"
6d9a220b-2dd9-4385-b704-b18659f1be44,"canvas, oil paint","canvas, oil paint"
6da2e9f2-6cb9-4541-8ede-567452f309a8,"canvas, oil paint","canvas, oil paint"
6dd36cdc-db5f-4661-971a-de3097e62ee2,"oil paint, panel","oil paint, panel"
6e58e024-bdda-4772-b814-c5b364d24a47,"canvas, oil paint","canvas, oil paint"
6e734121-af33-4c6f-9856-4582c245e77b,"canvas, oil paint","canvas, oil paint"
6ee2e3c9-b7fc-41dd-a963-cda0854caf0b,"canvas, oil paint","canvas, oil paint"
6eefd02b-ede1-49ff-a954-51b12d059d5a,"canvas, oil paint","canvas, oil paint"
6f324983-c780-485c-bab9-478d1ff5188d,"canvas, oil paint","oil paint, panel"
6f379b7b-688a-4cbe-9a48-46ec84bf9d0d,"canvas, oil paint","paper, watercolor paint"
6f4c4a5b-4623-4aff-818f-dbe758a31b1d,"canvas, oil paint","canvas, oil paint"
702447eb-bba0-4a28-a3da-3fddbd9771e4,"panel, tempera","panel, tempera"
7039d8ed-ef22-402c-89f3-14d77c9eeb7e,"oil paint, panel","lime panel, oil paint"
703d30ac-2cdb-4d28-b004-24a212548b9d,"oil paint, panel","oil paint, panel"
70711190-c40c-4b10-8ac7-9ac406f1575c,"canvas, oil paint","canvas, oil paint"
70bb59da-08a5-43d9-91a4-48ab4ecf0522,"canvas, oil paint","canvas, oil paint"
70c1fec7-c7a3-4d0a-8ec7-33c5cb132547,"canvas, oil paint","canvas, oil paint"
70e02870-986a-43a3-8296-84b0da45248b,"canvas, oil paint","oil paint, panel"
7196ac46-e454-4dcc-8621-5b210bc93008,"canvas, oil paint","canvas, oil paint"
7196f66e-71c9-47e3-ad41-100b3da34a3c,"oil paint, panel","canvas, oil paint"
71c6ffcd-dd29-45c7-b0c2-6f5b7553807c,"panel, tempera","tempera, wood"
71de1f88-10f1-4dc7-9c50-14065e1d8bf3,"canvas, oil paint","canvas, oil paint"
71f3ceaf-5c44-4631-a44e-aa06131a0e50,"oil paint, panel","canvas, oil paint"
71ffddb6-a71e-46e5-8e65-b57337961c47,"canvas, oil paint","canvas, oil paint"
724a3d69-eb3d-4bfa-9003-aa3a4f16fabc,"canvas, oil paint","canvas, oil paint"
725ef608-3b60-4a87-94e6-b7911a5cc9b6,"canvas, oil paint","paper, watercolor paint"
726f78e6-00cb-41bb-986c-c841351590de,"canvas, oil paint","canvas, oil paint"
72a6cddc-e151-43f5-9f94-c79a22b6b89b,"canvas, oil paint","canvas, oil paint"
72bdf5bd-bfe6-4c3e-a9cd-6e8ddde734d6,"canvas, oil paint",oil paint
72d615aa-e771-43e3-82cd-046afda2ff05,"canvas, oil paint","oil paint, panel"
72e9109f-f583-4837-bd26-71c69d8eb86c,"canvas, oil paint","canvas, oil paint"
7339a13c-bb96-4ea2-a7a8-599139efbb7c,"canvas, oil paint","canvas, oil paint"
7364195e-01f3-4acc-8c7c-fb626d55e934,"canvas, oil paint","canvas, oil paint"
742a3553-47b4-47bf-9cb5-58d2008c028d,"canvas, oil paint","canvas, oil paint"
7445b903-5923-4f5b-980c-00e37dfdbf9a,"canvas, oil paint","canvas, oil paint"
7495a8b9-99f5-4507-8fea-870ba2a71abc,"canvas, oil paint","canvas, oil paint"
74a0f123-03e7-4343-afdb-7d2e237b58e5,"canvas, oil paint","canvas, oil paint"
74c6c9a3-42d1-428e-a095-cea5d48a752c,fresco,fresco
74dfd9a6-27d0-4e64-a1b3-da61b04ab31f,"canvas, oil paint","oil paint, panel"
756a5964-99d7-4f55-971b-a51e3f08f070,"oil paint, panel","oil paint, panel, tempera"
7589777e-4c23-4238-b90d-de97f37dfe94,fresco,fresco
75dca599-b312-4227-a28d-72fd807f6a6a,"canvas, oil paint","canvas, oil paint"
75ddef56-fa52-4f58-be01-f7246ff83990,"canvas, oil paint","canvas, oil paint"
75e315e1-9ed1-4813-8d85-6e2762a49192,"canvas, oil paint","canvas, oil paint"
760ff035-5d46-4754-946b-b3124fd73121,"canvas, oil paint","canvas, oil paint"
761be8ff-8878-4d90-a0d2-c5a8b3ce3f94,"canvas, oil paint","canvas, oil paint"
76833cc0-5cab-48b0-8b43-172dcc806ff6,"canvas, oil paint","canvas, oil paint"
76872bc7-ceb6-489d-bcdf-b67e151e3a6b,"canvas, oil paint","canvas, oil paint"
76df4d78-3b73-4bfa-a625-4bb959728e40,"canvas, oil paint","oil paint, panel"
76f08e8f-2ba7-4e2f-9a44-ccddd5f0b247,"canvas, oil paint","canvas, oil paint"
771378c3-1159-4e16-bd0e-bba2b1b43679,"oil paint, panel","canvas, oil paint"
774bd1ac-0694-4d65-b21c-0a499febcb7c,"oil paint, panel","canvas, tempera"
775288d0-60fe-4484-b762-319d59b63781,"canvas, oil paint","canvas, oil paint"
7763e536-07d7-490a-a946-2425a6b7169c,"canvas, oil paint","canvas, oil paint"
77e2ec61-1cd4-4bfe-b87f-362f339aa825,"canvas, oil paint","canvas, oil paint"
77f901c8-eb98-45e8-a673-bb26b87d4af4,"oil paint, panel","oil paint, panel"
7803d661-5867-4e61-a055-7017f8f1941c,"panel, tempera","gold, panel, tempera"
78152b57-2134-4108-a5d5-d5f5c94327c1,"canvas, oil paint","canvas, oil paint"
788d0df9-e73c-4de1-87c9-a5dbe0d3b2c3,"oil paint, panel","panel, tempera"
78ca4a92-5915-4e26-b779-e2d1e3ce194a,"oil paint, panel","oil paint, panel"
793cf388-538c-4ebb-a920-e9aba26ae366,"canvas, oil paint","canvas, oil paint"
794817d4-133f-41dc-9d3b-59fc9f3adcda,"oil paint, panel","oil paint, panel"
79934b4c-2aad-46ff-a545-77c5da5d4943,"canvas, oil paint","oak panel, oil paint"
79b4e6a9-e2f3-4c36-84f0-4659ae413540,"canvas, oil paint","canvas, oil paint"
79b887cf-a7a6-4812-b052-fa0e97ca76d8,"canvas, oil paint","canvas, oil paint"
7a237449-7d7b-4bce-b725-c7779aef675f,"oil paint, panel","oil paint, panel"
7a3c15aa-6882-4e37-9c23-1e8361db8200,"canvas, oil paint","oil paint, wood"
7a8ced7f-c00a-4b82-be04-2eaeed7bdf60,"canvas, oil paint","canvas, oil paint"
7aa656ee-abb5-4eac-ab9c-31bc9af784b3,"canvas, oil paint","oil paint, panel"
7acfc3ca-eeb4-45eb-8b4f-90ef4cb5933d,"canvas, oil paint","canvas, oil paint"
7ae748f8-371f-44b1-b6a3-87d91dbb87e8,"canvas, oil paint","canvas, oil paint"
7af84b9e-fec3-4889-b934-568ce2049d66,"oil paint, panel","canvas, oil paint"
7b00e7a7-b737-4dbc-9061-79b2589b1d86,"panel, tempera","gold leaf, panel, tempera"
7b17433d-4517-4545-8b1b-e5406ec939b9,"canvas, oil paint","canvas, oil paint"
7b3ebe0c-6701-4899-9ca3-0a793efd420a,"canvas, oil paint","oil paint, panel"
7b7fb62f-cabd-4ac9-a26b-a5952fb34256,"canvas, oil paint","canvas, oil paint"
7bc5ab3d-e81f-4df2-890c-7a71de7e69ae,"oil paint, panel","panel, tempera"
7c32e45d-dc5c-49d9-98b9-adfded02caab,"canvas, oil paint","canvas, oil paint"
7c8ced65-39a5-40f0-948f-bc078a83d4db,"canvas, oil paint","oil paint, wood"
7c8d8402-bcd1-4ff7-96ab-73789b0e1099,"canvas, oil paint","canvas, oil paint, paint"
7c98df0f-7449-479f-bf86-a3b9d49b7b73,"canvas, oil paint","canvas, oil paint"
7cc664e4-91d2-44a2-a573-147e9357e5ed,"canvas, oil paint","canvas, oil paint"
7ce92ebb-683f-4640-96bc-6e7de91d06e5,"oil paint, panel","oil paint, panel"
7d117cf8-8d83-4504-8596-21e3c84edecc,"canvas, oil paint","canvas, oil paint"
7d2c73ec-e0fb-4f2f-8f87-dec9fdee4ec6,"canvas, oil paint","canvas, oil paint"
7d2e88bc-0823-42a2-a56d-195ab48b4f8b,"canvas, oil paint","canvas, oil paint"
7db6606a-7ad3-4fbb-b93c-bf715a761ad9,"canvas, oil paint","canvas, oil paint"
7dbbb574-dfba-4c55-9362-0b482acf25f8,"canvas, oil paint","canvas, oil paint"
7dd69d83-2bda-4aa8-aa28-0d1dd9913415,"canvas, oil paint","canvas, oil paint"
7e04c0ad-75c6-47f8-a42b-2ff2679b374c,"canvas, oil paint","canvas, oil paint"
7e0903cb-4ab3-4f20-b3f5-6f322f35ae98,"canvas, oil paint","canvas, oil paint"
7e41d822-b77b-424a-8bfd-fb38c4e82fc8,"canvas, oil paint","canvas, oil paint"
7e56d9e7-7614-4091-a41e-65ef176673fc,"canvas, oil paint","canvas, oil paint"
7e87b68b-3c91-4653-acc1-13278f9d5a09,"canvas, oil paint","canvas, tempera"
7ee82349-21e4-4df8-b603-35fc7c9c1bdd,"canvas, oil paint","canvas, oil paint"
7f4a28d6-0b10-4cf4-a483-c6cb3581218b,"canvas, oil paint","canvas, oil paint"
7f74e8f6-bf6a-484c-b779-5f9641279f47,"oil paint, panel","oil paint, panel, tempera"
7f7f4502-d845-44c4-bce7-a4ab0831b9e9,"canvas, oil paint","canvas, oil paint"
7fe97cce-c531-4744-b289-543086d4f754,"canvas, oil paint","oil paint, panel"
800b5911-0946-4a1d-89a4-2a98e3a8e963,"canvas, oil paint","canvas, oil paint"
8030c280-58a4-435b-bcc6-5bb57ba26dcb,"canvas, oil paint","canvas, oil paint"
80468ca5-8404-4e0a-b0b4-681c09a274a6,"canvas, oil paint","canvas, oil paint"
805d6026-7e69-48f9-934d-6ca182041adb,"oil paint, panel","oil paint, panel"
8064c302-22fc-455e-bddf-f6c436205ddc,"canvas, oil paint","canvas, oil paint"
808a27f8-bba2-40c7-96aa-28280cf2202f,"oil paint, panel","oil paint, panel"
80cefbb0-d811-431f-b1dd-2827ff4fbeef,"panel, tempera","oil paint, panel, tempera"
81191e1b-72b8-456b-9a87-b017278a37f9,"canvas, oil paint","canvas, oil paint"
81240fbf-62db-42a1-b550-69cd6745a875,"canvas, oil paint","canvas, oil paint"
812b5c22-5127-48d5-a64d-51759dae0a30,"canvas, oil paint","oil paint, panel"
815bbc66-9edf-463c-88c2-6be46b79e55a,"canvas, oil paint","canvas, oil paint"
816659d9-5e30-4e32-9131-dea837d4f383,"canvas, oil paint","oil paint, panel"
81ccaa8f-3875-4d84-9fd2-2ed012477b35,"canvas, oil paint",ivory
81e2c524-35cc-4560-970a-76fbf453574a,"canvas, oil paint","canvas, oil paint"
82381511-50b0-4f97-a01e-e8ba7a719c8d,"canvas, oil paint","canvas, oil paint"
825bf3cd-3cee-4aa6-8089-41e2eb13ee13,"oil paint, panel","oil paint, panel"
82fc17e1-c04a-4dd8-9941-c66507494e57,"oil paint, panel","canvas, oil paint"
83197987-7713-4eb6-9ae9-ae9df178867d,"canvas, oil paint","canvas, oil paint"
835185e3-2147-4194-8554-246f3eceeb61,"canvas, oil paint","canvas, oil paint"
83751605-1b7a-437e-bd3a-3db3282f5d53,"canvas, oil paint","canvas, oil paint"
83933fb7-d740-4062-b20e-97f7c0313b5f,"canvas, oil paint","canvas, oil paint"
83a5b709-bf89-4f81-8b27-5720054d0120,"canvas, oil paint","canvas, oil paint"
83ab5d0c-d98d-4461-a53e-17937d164240,"oil paint, panel","oil paint, panel"
83dfce09-9dc9-4eed-8273-a76dbd1c3ba2,"canvas, oil paint","canvas, oil paint"
83ea1be0-a08d-4e68-956d-f4f4ddcd8870,oil paint,"panel, tempera"
8412dbfd-0681-452e-a366-1a3d9df8c36f,"oil paint, panel","oil paint, panel"
847ca3f5-b58e-43e4-8453-a12a7efd1c86,"panel, tempera","oil paint, panel"
84b67834-6001-4b7a-91fe-4b2bebb3c28b,"canvas, oil paint","canvas, oil paint"
84d2bd9c-2e2b-4b68-8309-708d709293f1,"canvas, oil paint","canvas, oil paint"
84dbba3a-4fe8-4837-99d0-ad472ae333fd,"canvas, oil paint","oil paint, panel"
84df2b88-96b3-428b-867d-4b0cc46aff30,"canvas, oil paint","canvas, oil paint"
84f960f8-3ab2-40f7-9e60-fefb3b48ece5,"canvas, oil paint","canvas, oil paint"
8507e240-2ab8-422f-8a61-01bbc053eed8,"canvas, oil paint","canvas, oil paint"
8519cdeb-1189-42e2-9c3e-1850016bf475,"canvas, oil paint","canvas, oil paint"
8520a935-e215-4927-9409-0442dbfc8ae9,"canvas, oil paint","oil paint, panel"
8563071d-40f7-4061-9261-32431d510935,"canvas, oil paint","canvas, oil paint"
8575a698-243e-4361-9093-988f05e43cee,fresco,fresco
85805d1e-5864-4c6e-b9c6-6793366c8b84,"canvas, oil paint","canvas, pastel"
85f8cab5-b176-4edf-bb2a-a2027785344e,"canvas, oil paint","cardboard, oil paint"
861151d9-1458-4455-b724-c0dea4d31201,"canvas, oil paint","canvas, oil paint"
86564f6d-3d6a-4a30-a62b-24927b5acd1c,"panel, tempera","panel, tempera"
86bf8c99-64e9-41fb-99e7-3306f71f0a5d,"canvas, oil paint","canvas, gouache paint, paper, tempera"
86ee5fb4-c650-4a27-9ccd-b78f620a16fc,"panel, tempera","panel, tempera"
86f3f21f-888f-40c2-b4d0-66c08725c8ab,"canvas, oil paint","canvas, oil paint"
8749d744-7fb7-414f-a888-b0ffb7cf5a5d,"canvas, oil paint","canvas, oil paint"
8777fd3c-ec8a-42c5-997c-c9b4357daf63,"oil paint, panel","oil paint, panel"
87a93094-0904-4aea-9176-7a1456887cf4,"canvas, oil paint","canvas, oil paint, wood"
87bfbd8c-363f-456a-8570-325f1a034ce9,"oil paint, panel","lime panel, oil paint"
87d6a2f8-8166-49d3-b34c-3c4ef5eb06a8,"oil paint, panel","graphite, watercolor paint, wove paper"
88005b05-07c4-4712-98a7-0b073bf85dc3,"oil paint, panel","oil paint, panel"
88634cf2-d4d1-4992-8058-ae4879f311f9,"canvas, oil paint","copper, oil paint"
8863bb68-7625-4c27-9e0c-ab50bbafd050,"canvas, oil paint","canvas, oil paint, tempera"
887c0756-bd24-4ce6-982c-c1cf506efbe6,"canvas, oil paint","canvas, oil paint"
88eaa297-8699-4eb7-b6ca-1d524cdc4ea2,"canvas, oil paint","canvas, oil paint"
88f8a7cd-9215-4bc7-bb45-4570c61240b9,"canvas, oil paint","canvas, oil paint"
89346cb0-24ef-4dec-95d3-fa53cb59b9b4,"canvas, oil paint","canvas, oil paint"
89491221-6820-4475-a57c-113377e1e4d1,"canvas, oil paint","canvas, oil paint"
8960fb8f-3774-4f95-b97d-e2f7ec8130fa,"canvas, oil paint","canvas, oil paint"
8971932b-9720-434a-ab77-777de64c0a75,"canvas, oil paint","canvas, oil paint"
89c07d39-ef7d-4163-9620-8cfd555dd6fa,"canvas, oil paint","canvas, oil paint"
89cbada8-1e9c-4ca6-a57c-9c791006f2ce,"oil paint, panel","oil paint, panel"
89cbfab7-ac66-4474-9825-0a1061e72e0e,"canvas, oil paint","canvas, oil paint"
8aa77ccb-03da-4856-956d-943fa7701f46,"canvas, oil paint","canvas, oil paint"
8b250c43-ea01-427e-bfbb-e68c1af10453,"canvas, oil paint","canvas, oil paint"
8b2fb8ad-b01d-48e0-b7d8-aefae20bf37a,"oil paint, panel",ivory
8b59a751-a3f0-4cd0-9284-690e81cb2447,"oil paint, panel","oil paint, panel"
8b6d3093-8307-4901-9e74-87f0f563c5d9,"canvas, oil paint","canvas, oil paint"
8c192859-6fc8-47a5-9233-cecae2e2c491,"canvas, oil paint","canvas, oil paint"
8c194c4b-3c8f-473e-a034-c7f6076b7342,"canvas, oil paint","canvas, oil paint"
8c4c6523-aa40-48f3-96ae-cfb5aa1e3530,"canvas, oil paint","canvas, oil paint"
8c9a49bf-0fc5-499a-9171-2e0bab10b8fc,"canvas, oil paint","canvas, oil paint"
8cabaa4a-b80d-4a5b-b8f7-c4a5a9180a20,"canvas, oil paint","canvas, oil paint"
8cc49e6d-361d-494c-8dd1-102dd0e1b9a5,"oil paint, panel","oil paint, panel"
8ceb58fd-27ff-4367-923a-d091949fefd7,"canvas, oil paint","canvas, oil paint"
8d0e59fc-c84b-4c16-b89c-3704969ff0dd,"canvas, oil paint","canvas, oil paint"
8d127db6-1cc2-47a0-823d-bd5e42e77c17,"canvas, oil paint","canvas, pastel"
8d447855-f045-4189-8d51-58e1fd7a719e,"canvas, oil paint",oil paint
8d767350-1637-4553-b05e-f56cb17e34ba,"oil paint, panel","oil paint, panel"
8dd33862-06ad-447f-9efc-d211fa599957,"canvas, oil paint","oil paint, panel"
8dee39b4-2fd9-4a2a-9bc7-7e6040c6a7f7,"canvas, oil paint","canvas, oil paint"
8e012d8c-db3c-4774-aa1b-e7f340a1b8bf,"canvas, oil paint",watercolor paint
8e1b0144-27ea-4001-9b57-26c4a0f5697c,"canvas, oil paint","canvas, oil paint"
8e1e5bfe-bae6-4e7c-ba66-869e6b9b9f5f,"canvas, oil paint","ivory, watercolor paint"
8e66c445-0fae-456c-83fc-1884420f272b,"canvas, oil paint","canvas, oil paint"
8e8b75e0-00e0-4480-8457-7b2ac66975ec,"oil paint, panel","panel, tempera"
8ed9827d-5907-4f03-801e-b675469f6d22,"canvas, oil paint","canvas, oil paint"
8edabe70-4847-4b5c-b3b6-82bea2334de7,"canvas, oil paint","canvas, oil paint"
8f4bcde2-5caf-4671-9b27-9d200aa802d2,"canvas, oil paint","canvas, oil paint"
8f58a16f-eb43-4ed6-995d-3779c0600537,"canvas, oil paint","canvas, oil paint"
8fad133b-232e-47cf-95b4-f52c439bb9f0,"canvas, oil paint","canvas, oil paint"
8fd61f95-7c34-4c59-866d-6f897d57693b,"canvas, oil paint","canvas, oil paint"
9005d164-df51-49ec-be2f-692fa5e8cc73,"oil paint, panel","canvas, oil paint"
9011ac3a-fd46-4bda-86e5-e092804ded50,"canvas, oil paint","canvas, oil paint"
90230e95-d72b-45d6-96ee-c51d79593b17,"canvas, oil paint","canvas, oil paint"
905aa742-cb9f-4320-863b-1dba3f6777f7,"canvas, oil paint","oil paint, panel"
909ba968-1556-4a6d-8a47-2f97af51e78f,"oil paint, panel","canvas, oil paint"
90bc2e13-fea9-4044-b3b5-38d700498744,"canvas, oil paint","canvas, oil paint"
90d57e65-a587-4056-8aaa-a806a5399268,"canvas, oil paint","canvas, oil paint"
910b0f39-f071-455e-a82b-67e9b323ebf8,"oil paint, panel","oil paint, panel"
918b154b-ad48-42b7-9988-190f8de00c26,"canvas, oil paint","canvas, oil paint"
9192bbf6-9697-4c98-902a-5785694a419d,"canvas, oil paint","canvas, oil paint"
91b3d072-e5b9-461e-865b-3d8245e8c097,"canvas, oil paint","canvas, oil paint"
91ef764a-f95a-4dc5-b757-3e846e3b019f,"canvas, oil paint","canvas, oil paint"
9210a0ff-4c67-4d68-8973-f9097bd8bc0a,"canvas, oil paint","canvas, oil paint"
92455420-86fc-40d4-a970-96b55ec5dbb9,"canvas, oil paint","oil paint, paper"
9266d3ec-06d0-485b-8222-7bac6d928d33,"canvas, oil paint","oil paint, panel"
92aae90b-274c-46a4-bcf4-7acc0efcae49,"canvas, oil paint","canvas, oil paint"
92eeab62-1333-419e-aed0-e2c1e56211e2,"canvas, oil paint","canvas, oil paint"
92f9cc4e-5d4d-4c66-895b-949d5a75842b,"gouache paint, paper","oil paint, tin"
930d2607-b7e1-41fe-b5ad-19ca57a6c5b6,fresco,fresco
9345d822-be67-4318-b40c-c436f3c28e4f,"oil paint, panel","canvas, oil paint"
935ca997-f5e4-4b9d-abc6-c138e9a45933,"paper, pastel","canvas, oil paint"
93aae54d-cec9-434b-9fc7-32fbb6f096d8,"canvas, oil paint","oil paint, panel"
93bf4997-56e0-4a46-9c42-4851b99c2f17,"canvas, oil paint","canvas, oil paint"
941d3744-319d-457e-a3ee-3df6eac92966,"canvas, oil paint","canvas, oil paint"
9430a85e-b187-4489-83ad-b3f66f4167ed,"canvas, oil paint","canvas, oil paint"
9439756a-eab2-44bb-be5a-e63292da31a0,"canvas, oil paint","canvas, oil paint"
94691e68-7341-4a4d-a74c-4799ecfa839a,"oil paint, panel","oil paint, panel"
94909a5f-f31e-4c93-9184-48808b21caa9,"canvas, oil paint","canvas, oil paint"
94f2e917-3295-4fee-80ef-f0e2a7432350,"oil paint, panel","oil paint, panel"
950d2c4e-1eb8-488e-be9a-46b5f3a52640,"oil paint, panel","oil paint, panel"
9517c7f5-038f-4219-be1b-116e82b7bf16,"canvas, oil paint","canvas, oil paint"
95c2da99-e183-4766-82ea-26e954098c57,"canvas, oil paint","canvas, oil paint"
95d6471a-d515-461a-abad-d26420fae0ff,"canvas, oil paint","canvas, oil paint"
964a840d-d5a4-4d85-be6a-680ee61f5694,"oil paint, panel","oakwood, oil paint"
966c91bf-182d-4bc9-89b1-2df96c098092,"canvas, oil paint","canvas, oil paint"
968afb9e-a48a-4b4f-bb13-0a7ab49e1fc5,"canvas, oil paint","canvas, oil paint"
9691655c-f6c1-44ec-9af6-b4ab29b31425,"oil paint, panel","canvas, oil paint"
96986672-6f8f-428d-86d3-9344dee7d426,"canvas, oil paint",ivory
9721a40b-4b72-4760-ab16-086644461465,"oil paint, panel","oil paint, panel"
9755eedb-f42b-4307-adac-8f83d631becc,"canvas, oil paint","canvas, oil paint"
976fbe05-1d0e-47ea-9969-b05a493b896d,"canvas, oil paint","canvas, oil paint"
977b77eb-69d9-46ee-9b8b-89c0f7623e50,"canvas, oil paint","canvas, oil paint"
97d70ebb-d62c-4b18-8dc5-05ae720267b8,"canvas, oil paint","canvas, oil paint"
980a5944-9934-4c65-b3fb-a9137be76ee0,"canvas, oil paint","canvas, oil paint"
985b1ba8-bb10-4a7f-a25b-b56bde1a0b87,"canvas, oil paint","canvas, oil paint"
9879ad69-0839-4b44-8a7a-f1f8ff8e1476,"oil paint, panel","oil paint, panel"
9894f23f-d327-4694-8539-3f23b0a1dc5b,"canvas, oil paint","oil paint, panel"
98b81003-20ba-4020-972a-a4d77b88cc5d,"canvas, oil paint","canvas, oil paint"
98ff704c-3e10-41c8-9980-26a80cd22897,"panel, tempera","panel, tempera"
9976ecc6-2970-4131-abdc-bed1d3a6aa86,"panel, tempera","panel, tempera"
99b5d512-17bf-4a62-887e-2169ef8a4af4,"canvas, oil paint","canvas, oil paint"
99bcad02-0e29-4f56-96b8-ce384fb6bfc1,"canvas, oil paint","canvas, oil paint"
99c2c87b-5420-44e4-872b-40e2a0df4a40,"canvas, oil paint","oil paint, panel"
99c65056-d827-4104-8a43-57ea111648b3,"canvas, oil paint","canvas, oil paint"
99dcbe23-2d81-4c62-9a62-8e63871ad319,"oil paint, panel","canvas, oil paint"
9a236aac-d1de-4736-85e6-d08cc753a2dd,"canvas, oil paint","canvas, oil paint"
9a27481c-b74a-4ad3-9e25-292f4872a58d,"canvas, oil paint","canvas, oil paint"
9a806023-a9d7-438b-9c9d-17afe8dd3fab,"canvas, oil paint","canvas, oil paint"
9a97635e-b38b-470e-b298-89d225d6adbd,"canvas, oil paint","canvas, oil paint"
9abd8b17-a8d7-4488-8384-f88b6c2bebd8,"canvas, oil paint",oil paint
9af3ba2d-cc92-4bb6-87c9-77f2ff3a28c5,"oil paint, panel","oil paint, panel"
9b270791-d8d5-4746-b427-a5eb2638dca9,"canvas, oil paint","canvas, oil paint"
9b41d01d-4129-4704-8031-c5a6deab7601,"canvas, oil paint",oil paint
9b8be8f9-9258-4abd-9e6e-7719b184bc7d,"oil paint, panel","oakwood, oil paint"
9badd3ca-c15c-4833-9227-520db83ccab0,"canvas, oil paint","canvas, oil paint"
9bd99580-f9f9-4df2-9de0-2c10c60e1544,"canvas, oil paint","oil paint, panel"
9bf9a4f3-b3e4-481c-a2df-a216819d8601,"canvas, oil paint","canvas, oil paint"
9c4fb1f4-bb0b-4ad0-8194-326470e502d1,"canvas, oil paint","canvas, oil paint"
9c985403-8164-4140-8748-3c3cfc033825,"canvas, oil paint","canvas, oil paint"
9d8b1afa-c775-4819-9278-9554be7a1b6a,"canvas, oil paint","canvas, oil paint"
9d918275-67d7-4dca-b3d4-7a3d192af735,"canvas, oil paint","canvas, oil paint"
9e1d6839-a121-4737-a1c2-42b5943e10ee,"canvas, oil paint","canvas, oil paint"
9e400845-df30-4a13-ac20-341e0e3af95f,"canvas, oil paint","canvas, oil paint"
9e401dfc-b2f7-4770-918d-ab6071cdab5b,"canvas, oil paint","canvas, oil paint"
9e648752-0e9c-4e77-a793-fa245789204d,"canvas, oil paint","canvas, oil paint"
9e73d36e-97ad-4ee5-9a12-c86406e446bf,"oil paint, panel","gold, panel, tempera"
9e73f0af-02cf-40a3-ac62-8efef29548fc,"canvas, oil paint","canvas, oil paint"
9ec4ecd5-5366-4239-849a-9bc624b6f2a8,"paper, watercolor paint","gouache paint, watercolor paint"
9ef72cf1-70d8-4766-9ede-07c7c0321875,"canvas, oil paint","canvas, oil paint"
9f34c7cb-1368-4326-a3c6-c0c0798ec67b,"canvas, oil paint","canvas, oil paint"
9f784982-99dc-4cb3-8b2f-88031bba6f00,"canvas, oil paint","canvas, oil paint"
9f8475d1-5c93-4707-aa8e-0cbc2e434663,"canvas, oil paint","canvas, oil paint"
9fd9f1f4-c0cc-4aa6-8500-be0a8d9cee4c,"canvas, oil paint","canvas, oil paint"
9fde4c8a-90eb-477e-a8f7-df638591d376,"canvas, oil paint","canvas, oil paint"
9fff1420-f41d-47fb-a9a1-71e0287abc7f,"oil paint, panel","oil paint, panel"
a018f8fb-7cc4-434a-ac18-0b20fa55b3bc,"canvas, oil paint","canvas, oil paint"
a02463f2-8ee9-4bfa-b95b-94136a7bebaf,"canvas, oil paint","canvas, oil paint"
a09230a9-4e45-49af-bf15-10ae347c17a1,"canvas, oil paint","canvas, oil paint"
a0c4c942-5ebf-4719-b87d-10df21e1fe0d,"canvas, oil paint","canvas, oil paint"
a0fa55ed-226c-4985-ac5a-5d0a35db9e16,"oil paint, panel","oil paint, panel"
a16aedcf-1a21-4b4c-984d-17d2cdcb2628,"canvas, oil paint","canvas, oil paint"
a1bc1f32-c281-4713-81b5-059f3215e0ab,"canvas, oil paint","canvas, oil paint"
a1cf0aa5-f309-4d51-b68e-ce4e8413f4fc,"canvas, oil paint","canvas, oil paint"
a1f40470-412f-4798-bae5-cff80d4d252b,"canvas, oil paint","canvas, oil paint"
a2161a9c-c81d-4f74-961b-b37d90dabef6,"oil paint, panel","canvas, oil paint"
a21b4669-7e0b-4511-91e6-6567cb245438,"canvas, oil paint","canvas, oil paint"
a24a9b3b-98d4-4c31-a4a1-769749365215,"canvas, oil paint","canvas, oil paint"
a2863b89-4f1b-43a3-bcf1-0bfb7d867a05,"canvas, oil paint","canvas, oil paint"
a322785a-720d-4a31-828f-70703c3c7316,"canvas, oil paint","canvas, oil paint"
a3552502-1e3c-4da3-b79a-4f9cac0f54f4,"canvas, oil paint","canvas, oil paint"
a3703793-6151-44ab-a3f9-5189832e05ee,"canvas, oil paint","canvas, oil paint"
a387cfcb-1dd5-4c04-9a3f-d14c061acb64,"canvas, oil paint","canvas, oil paint"
a39f596e-82bb-4479-8a9a-c2bf8c4d86b3,"oil paint, panel","canvas, oil paint"
a3d6dec3-d5cf-4837-9cac-01d7ac1f0232,"canvas, oil paint","canvas, oil paint"
a3da64a6-ad3c-4f13-8647-cce985bb17a8,"canvas, oil paint","canvas, oil paint"
a4069b8c-0fb3-47e6-8663-1434bceb777c,"canvas, oil paint","paper, watercolor paint"
a4320a7c-d044-43e0-b91c-f899008872d2,"canvas, oil paint","canvas, oil paint, paper"
a43a31a5-6763-4e39-8eff-1717c04c3248,"canvas, oil paint",oil paint
a44d654a-7b15-4195-bd88-65773531dff2,"canvas, oil paint","canvas, oil paint"
a469e0c0-e3ee-42f3-865b-3688c21066bb,"canvas, oil paint","canvas, oil paint"
a46d8d7c-7f04-48d7-9479-a5d2b71ff563,"canvas, oil paint","copper, oil paint"
a48b9a21-5a54-4d36-a6aa-b0351b56fc51,"canvas, oil paint","canvas, oil paint"
a48e35a2-f8de-4d6f-bf7c-5e5974ff2ce2,"canvas, oil paint","oil paint, panel"
a4cd3126-7f1d-4603-9582-db28c9a575a2,"canvas, oil paint","canvas, oil paint"
a4e3a4b7-95af-4d4f-b3f3-2d1cd3af535f,"canvas, oil paint","oil paint, panel"
a54367be-e114-430d-b62c-adc0b834e9e4,"canvas, oil paint","canvas, oil paint"
a548bc24-1395-4f97-ad6f-ce6e55bac647,"canvas, oil paint","canvas, oil paint"
a550c2a0-8fb5-431e-90b0-4f22fb5e8382,"canvas, oil paint","copper, oil paint"
a56c8d32-ffea-4595-ba7e-6b2876bf700a,"canvas, oil paint","canvas, oil paint"
a59f931d-6476-4161-859d-516e293aae11,"canvas, oil paint","canvas, oil paint"
a603688f-ee0f-48ce-8959-cc8c83d2cb1c,"canvas, oil paint","canvas, oil paint"
a65ab0fa-e70a-486c-b9cc-0a158c5e3d6d,"canvas, oil paint","canvas, oil paint"
a6638bc1-783e-443b-a080-ae8d096391a6,"canvas, oil paint","oil paint, wood"
a6dce8b6-82b8-4614-856e-b22e2551477b,"canvas, oil paint","oil paint, panel"
a6f1cae5-bf74-4c66-bcf3-92e12b320a3a,"oil paint, panel","oil paint, panel"
a722d034-7412-4580-93c6-415d96de2132,"canvas, oil paint","cardboard, oil paint"
a75a90f0-c09a-4ae2-bb5e-5ecfb731fc0c,"canvas, oil paint","oil paint, panel"
a77c455b-9f5e-4535-939d-ae23feca6441,"canvas, oil paint","canvas, oil paint"
a78de425-9a03-4fba-a354-19f56d8c9d86,"canvas, oil paint","canvas, oil paint"
a7f48d8b-269d-478d-a3d8-d634a3cf1d9b,"canvas, oil paint","cardboard, oil paint"
a82dd887-d08d-4b2c-bf60-fa7675d36fd6,"oil paint, panel","oil paint, panel"
a8419fe4-2c0c-40f7-b3d7-37307b30638f,"canvas, oil paint","canvas, oil paint"
a8650e7d-11fc-4672-b962-9516070bf575,"oil paint, panel","oil paint, panel"
a8949544-e956-4707-8bea-d1f0e26bd491,"canvas, oil paint","canvas, oil paint"
a8de9347-62a7-4f45-aa6d-9c3a3657d5a4,"canvas, oil paint","canvas, oil paint"
a9030e09-d712-46b0-9fe4-bcd1744393a1,"canvas, oil paint","canvas, oil paint"
a923132c-1438-457c-a32f-c7270855a942,"canvas, oil paint","canvas, oil paint"
a9d5ef76-fff4-4ff7-a2fa-295acc5c4a95,"canvas, oil paint","canvas, oil paint"
a9d6cd53-58cb-410a-b03d-9f711c477bcd,"canvas, oil paint","canvas, gouache paint, paper, pastel"
aa643df8-7548-4f72-8005-849dc1aee7d9,"oil paint, panel","oil paint, plaster"
aa89b236-2444-41a9-a6de-2eb415efcda8,"canvas, oil paint","canvas, oil paint"
aaa487de-d0a2-486b-90a8-bde2c14fdfa2,"oil paint, panel","oak panel, oil paint"
aacd6a64-6ab8-44b1-ad78-2d31e799e1c1,fresco,fresco
ab35ee54-813a-4974-8c7c-8547943b46eb,"canvas, oil paint","canvas, oil paint"
ab69540b-6d86-4449-bac5-946d15475c9d,"canvas, oil paint","canvas, oil paint"
abcd0236-8c0b-48d8-ab3e-19a64e0bfe27,watercolor paint,gouache paint
abe39348-0421-4b90-b530-73683caabab8,"canvas, oil paint","canvas, oil paint"
abe3f990-de13-4440-94ba-891e194b7f3d,"canvas, oil paint","canvas, oil paint"
ac2a6b85-f7f3-49b6-9e10-8a6da01bba30,"canvas, oil paint","canvas, oil paint"
aca0cab6-cbab-4995-b5ff-58c4d5e3fa31,"canvas, oil paint","canvas, oil paint"
acc41796-965a-4bf4-a5b0-013e12dd5bd8,"canvas, oil paint","canvas, oil paint"
accb7df5-e6f6-4dd8-9cfc-2d5cac7d55ef,"canvas, oil paint","canvas, oil paint"
acea0325-f465-47c3-a4ff-c102a8f1f40a,"canvas, oil paint","canvas, oil paint"
acfd0886-d781-4819-bea8-b39cb0c8ac26,"canvas, oil paint","canvas, oil paint"
ad2de881-489c-418f-a7e5-88313457cfde,"canvas, oil paint",watercolor paint
ad50a4ba-d3dc-4b0a-8d42-9b22795e8daf,"canvas, oil paint","canvas, oil paint"
ad6a4d57-ec3f-4921-8f66-9b7e899bddec,"canvas, oil paint","canvas, oil paint"
ad828c11-a8dc-4312-83fa-71a6ab662f49,"canvas, oil paint","canvas, oil paint"
ad904f4d-d6cb-4844-b1f9-cb33e193bbac,"canvas, oil paint","oil paint, panel"
adb002ca-a11a-4498-bda6-2a119b87981d,"canvas, oil paint","canvas, oil paint"
ae0406ce-1613-4ecf-a460-a1226873c4c7,"canvas, oil paint","canvas, oil paint"
ae04f006-ec4a-4300-aa96-403ff523f997,"panel, tempera","panel, tempera"
aed967bf-4a55-4103-93b4-b00f01e0f45b,"canvas, oil paint","canvas, oil paint"
af172715-1457-46b1-86f8-f55778fd07cf,"canvas, oil paint","canvas, oil paint"
af47d3f9-dfbf-468b-9d6e-3c4ec80e8d11,"canvas, oil paint","canvas, oil paint"
af4c2160-6d1b-41b4-a3b8-2b2c98a4b89a,"canvas, oil paint","cardboard, wax crayon"
af56c057-6960-4dc5-a575-0247b0397777,"canvas, oil paint","canvas, oil paint"
afed3b5b-4064-48f6-a73e-ac7379c10c10,"canvas, oil paint","oil paint, panel"
b0183978-269f-4f95-803e-3864e267f604,"canvas, oil paint","canvas, oil paint"
b03dd27e-253b-4555-83e2-7ec8f29f49f9,"canvas, oil paint","canvas, oil paint"
b06923e5-0eb3-4e40-be22-ad014b542a3f,"canvas, oil paint","oil paint, panel"
b08afd08-dad5-4354-a82a-86a6652e619e,"canvas, oil paint","oil paint, panel"
b0c9daef-9552-4d2b-9a43-25451e1121c8,"canvas, oil paint","oil paint, panel"
b0de4743-f4e0-4948-9880-97ff4c0928c6,"gold, tempera",verre églomisé
b172189a-16fe-4cde-82ba-a26373e34b92,"canvas, oil paint","canvas, oil paint"
b197cedd-861e-4d6c-9ec3-ef03b7093992,"oil paint, panel","oil paint, panel"
b203edca-4f96-4749-b601-89ef4d48b521,"canvas, oil paint","canvas, oil paint"
b298cf93-1c91-41f4-a227-454d8e1ab36e,"canvas, oil paint","canvas, oil paint"
b29d4d75-835d-4733-93ff-64c3681857d0,"canvas, oil paint","canvas, oil paint"
b2cbd33f-f9e5-4fdc-a2b9-b7bce1c13e43,"canvas, oil paint","canvas, oil paint"
b2dfb20c-a00a-41c7-a1f5-db32528ddaf6,"canvas, oil paint","oil paint, panel"
b2fa7cb2-610f-43ce-9ccc-5be883f8afde,"canvas, oil paint","canvas, oil paint"
b324fdcd-d1c3-4bab-8436-6da28a7671e7,"canvas, oil paint","canvas, oil paint"
b3826220-9cb5-4c6c-9f41-6ea5b285a918,oil paint,"panel, poplar wood, tempera, wood"
b386b930-9ad4-4c48-956e-62c8241b667d,"canvas, oil paint","canvas, oil paint"
b396e765-dd0a-4e1e-af66-ae48b9138614,"canvas, oil paint","canvas, oil paint"
b3e0c4f0-2d0a-4cb2-a41f-c76b730583b7,"canvas, oil paint","canvas, oil paint"
b3ed169c-d41a-4607-9920-f7d336ef92dc,"canvas, oil paint","oil paint, panel"
b41158aa-b76c-4130-ba75-7f97dc93ed00,"canvas, oil paint","canvas, oil paint"
b4802509-b2ec-49de-97db-3760373c3307,"canvas, oil paint","canvas, oil paint"
b4934b44-58d9-4318-b3cd-814ef99f3887,"canvas, oil paint","ivory, watercolor paint"
b4b694e1-1e5c-4e15-abc8-2622714aa563,"canvas, oil paint","canvas, oil paint"
b50db712-02f9-40d8-8073-e6b1f00be376,"canvas, oil paint","canvas, oil paint"
b52232c4-5ab2-4b0a-ab21-9e170c42e454,"panel, tempera","panel, tempera"
b538a654-f7cc-483d-94eb-fb70f45bd87d,"canvas, oil paint","cardboard, oil paint, paper"
b553c703-fe88-4c94-acea-6f90046f4b94,"canvas, oil paint","canvas, oil paint"
b5558e22-697c-4b34-bbf9-3ac523a536b1,"canvas, oil paint","canvas, oil paint"
b581c13a-5b31-4167-90d8-14667443370c,"canvas, oil paint","canvas, oil paint"
b5ce8e39-85db-48ad-b694-b9264916f07e,"oil paint, panel","oil paint, panel"
b5daf388-304f-4cb4-95b8-3ae89783d767,"canvas, oil paint","canvas, oil paint"
b5e1c721-c2b4-48ad-86e3-bd559bd18f9e,"canvas, oil paint","canvas, oil paint"
b61f9eff-f934-425c-b002-e274bf370daa,"canvas, oil paint","canvas, oil paint"
b62f04fc-dee6-417f-b1e1-3f5f30ddd9c8,"canvas, oil paint","canvas, oil paint"
b63cac03-4993-4da3-b9e4-561f005f8730,"canvas, oil paint","canvas, oil paint"
b6a52078-f487-4a88-886c-9f1980d9216c,"oil paint, panel","canvas, oil paint"
b6df568b-7003-4cba-841f-54d220277430,"panel, tempera","panel, tempera"
b6e72862-c238-4a1d-aa8a-6b5cdf456778,"canvas, oil paint","canvas, oil paint"
b717c394-e0cd-491f-8d63-1950ba85e109,"oil paint, panel","oil paint, panel"
b728c1a9-cdf7-41f1-bfe6-0136d7d34584,"canvas, oil paint","oil paint, panel"
b75bd415-e171-41df-8489-4963fd944160,"canvas, oil paint","canvas, oil paint"
b7697546-4095-427f-b800-fbd4c8c57adb,"oil paint, panel","oil paint, panel"
b782a56a-a2bf-47e6-a8be-9aa7e5622520,"canvas, oil paint","oil paint, panel"
b7a2a19b-26ae-4560-9db1-714232562a9d,"canvas, oil paint","canvas, oil paint"
b7b8fc73-2934-445c-bcb4-a517610ff344,"canvas, oil paint","canvas, oil paint"
b7dc0ced-7b50-47b1-b58b-7a0f59163932,"paper, watercolor paint","paper, watercolor paint"
b7ff1f74-ca63-41a9-8235-cb224e52c47d,"canvas, oil paint","canvas, oil paint"
b815523d-48d8-4534-a9fa-9e713e10d5e6,"canvas, oil paint","oil paint, paper"
b840b4f4-4ac4-4991-b0e3-8ae7de7dca67,"canvas, oil paint","canvas, oil paint"
b84d3b25-1c3f-4f91-9f67-6e24892ee3bf,"canvas, oil paint","canvas, oil paint"
b8649711-a3f2-4bec-9d88-8d098d7561e2,"canvas, oil paint","canvas, oil paint"
b8bc2262-a42a-40eb-8c70-4cc6837631f0,"canvas, oil paint","canvas, oil paint"
b8e0d964-0bae-420d-8cec-2976574c6ef2,"oil paint, panel","gold, panel, tempera"
b90998a0-c1f3-4f74-b802-479b63662a0c,"oil paint, panel","canvas, oil paint"
b9176846-6399-43aa-810f-312107042b69,"oil paint, panel","canvas, oil paint"
b948111b-48cd-483b-8035-b5da9831c451,"oil paint, panel","canvas, oil paint"
b98dda47-e1fd-4a04-b970-f1c6188b28b7,"canvas, oil paint","canvas, oil paint"
b9990329-3f25-4c45-a6f1-6638a01247bc,"canvas, oil paint","canvas, oil paint"
b9e9d50a-47bc-4a7d-952c-4640d8127f08,"canvas, oil paint","panel, tempera"
ba44e187-137d-4779-9e44-d7fdf0ba4fd5,"canvas, oil paint","canvas, oil paint"
ba49c385-a27b-4b4c-8975-9f47060cf099,"canvas, oil paint","canvas, oil paint"
ba656afa-7faa-4e02-af4d-e706f8a65411,"oil paint, panel","vellum, watercolor paint"
ba7b20ef-6ef7-4338-919c-feff9ed33ee6,"canvas, oil paint","canvas, oil paint"
bad20721-b4ee-469f-929b-4731fd33fcd3,"canvas, oil paint","canvas, oil paint"
bb1c730f-fcd4-438b-8dc9-f0dc69679c7f,"canvas, oil paint","oil paint, paper"
bb29e0fa-9112-4dba-a955-e3825c0d054f,"paper, watercolor paint","gouache paint, watercolor paint, wove paper"
bb2f03fc-6d7f-4a44-ac8a-99ca3e224575,"canvas, oil paint","canvas, oil paint"
bbea9c7f-5e77-4f6f-8c66-bf58d1574aae,"canvas, oil paint","paper, pastel"
bc02db74-22b8-4976-8245-1858e4a5604e,"oil paint, panel","oil paint, panel"
bc0b94e1-e515-4416-bc00-d543bd17e33f,"canvas, oil paint","canvas, oil paint"
bc167b06-b0be-4b60-b483-8ac57e2c8926,"canvas, oil paint","canvas, oil paint"
bc71dc8d-65db-412f-84cc-5bae615e0d24,"oil paint, panel","canvas, oil paint"
bd2c6de7-b404-4011-9b42-f8d492c5a524,"canvas, oil paint","canvas, oil paint"
bd334777-37a4-434c-8f49-16144494384b,"canvas, oil paint","canvas, oil paint"
bd5c895a-3b58-4d81-949f-5949a0437ae3,"oil paint, panel","canvas, oil paint"
bd66a0b1-5e16-4d25-af50-db0e637238ae,"canvas, oil paint","canvas, oil paint"
bd6986c0-0f57-4c3c-8cac-ecd5106ca4ff,"canvas, oil paint","canvas, oil paint"
bda0cad3-af15-408c-a912-66953c4551d9,"canvas, oil paint","canvas, oil paint"
bdee9f98-4ecf-4ed5-ab38-6c18466e403b,"oil paint, panel","oil paint, panel"
be03c8a0-2d0d-4614-a07e-3608c3ab0d3b,"canvas, oil paint","oil paint, panel"
be44891f-de4f-49ca-963b-b2d1253533d8,"canvas, oil paint","canvas, oil paint"
be49b8f5-162b-49c3-b28c-7eec9a24411e,"canvas, oil paint","canvas, oil paint"
be89a1bd-bd81-4dfd-88e2-a0fdaef4a838,"canvas, oil paint","canvas, oil paint"
bea9b10b-0af1-4436-9649-c6908b7a2ea9,"canvas, oil paint","oil paint, panel"
befd8dfb-f4ee-46a0-912c-0631ea6eed89,"canvas, oil paint","canvas, oil paint"
bf246e61-1f35-45d3-911d-9062f4014c7b,"canvas, oil paint","canvas, oil paint"
bf3d58c4-4dd6-44e9-9df0-4324416a2be5,"canvas, oil paint","canvas, oil paint"
bf4940fd-d816-4920-9b8b-1d3e4f38c9a9,"canvas, oil paint","copper, oil paint"
bf4f9de1-13db-4ff9-a4fc-2c7a0268a6ae,"panel, tempera","oil paint, panel"
bfaccbef-7992-4266-884d-f7d9573886f1,"oil paint, panel","panel, tempera"
bfbf5fa6-708b-4192-941b-9a79c3a71c5b,"oil paint, panel","canvas, oil paint"
c023326b-b883-4119-81c6-8a06966b723c,"canvas, oil paint","canvas, oil paint"
c042ab75-9294-4c1c-bd7f-a45034e43e5c,"oil paint, panel","canvas, oil paint"
c05a435d-5bd7-483a-b99b-4323e54e006a,"canvas, oil paint","canvas, oil paint"
c065f9e2-0444-4a55-b9c0-e7ff1d63a6fb,"canvas, oil paint","canvas, oil paint"
c091dca5-dfab-44c2-8211-1a9479c1b550,"canvas, oil paint","oil paint, panel"
c0bd79be-6ab3-4dca-9133-928099ac1205,"canvas, oil paint","oil paint, panel"
c0e5e751-929c-4f71-a6e1-d44c7af7466d,"canvas, oil paint","canvas, oil paint"
c0fb32cd-bda2-421b-855b-59cdad8a31b8,"canvas, oil paint","casein paint, copper"
c1386029-ec61-442d-9707-52d2f2635faf,"canvas, oil paint","canvas, oil paint"
c1690c39-48cd-48ca-8d9b-1003f011b203,"oil paint, panel",oil paint
c192a820-8650-4876-9e0d-ac1acf24e96e,"canvas, oil paint","canvas, oil paint"
c1bb8fb1-bf54-4e83-a658-08958c560b46,"canvas, oil paint","canvas, oil paint"
c1cfb6da-ef0a-4faa-a3b3-dd097f15a905,"oil paint, panel","canvas, oil paint"
c1dc2276-9a6d-4426-9fde-4976e505f19d,"canvas, oil paint","oil paint, panel"
c2475af9-338d-4176-9229-58195f419193,"canvas, oil paint","canvas, oil paint"
c31f9f31-79f5-4e06-8499-ecf647acf5eb,"canvas, oil paint","canvas, oil paint"
c321bf20-2982-421f-916c-08678bb033c6,"oil paint, panel","oil paint, panel"
c37391d5-088f-4c6a-9574-68c6e9ca0ee7,"oil paint, panel","oil paint, panel"
c3afeed2-2397-4f76-ac90-689bc05a23f4,"canvas, oil paint","canvas, oil paint"
c3fbbd97-4800-4f3b-ac9a-b91267742dbd,"canvas, oil paint","canvas, oil paint"
c42ffbd4-e4ed-4811-aa01-64cd7a328a13,"canvas, oil paint","canvas, oil paint"
c45651ce-b421-44d9-acee-3b16176a92f3,"oil paint, panel","oil paint, panel"
c467fe60-eada-4d89-86fe-73acaac90f25,"oil paint, panel","oil paint, panel"
c46e88ba-bc22-4ca3-a7ca-42b2c3afb644,fresco,fresco
c4731790-8d98-49c5-bebc-ed01dfbcc81f,"paper, pastel","canvas, oil paint"
c4b5dc10-cd4b-4bed-85f4-ee207a4004da,"panel, tempera","oil paint, poplar wood"
c4e4887d-fe21-4cf4-ae5d-284c7d8aa8c8,"canvas, oil paint","canvas, oil paint"
c4f25e62-a2f8-43ac-94a0-494a466b5314,oil paint,"oil paint, panel"
c4fadcf0-223d-490f-8cd3-c8cd24f4a32d,"canvas, oil paint","canvas, oil paint"
c501b5b2-0dc7-4be2-bb0d-dc243b9ecf30,"canvas, oil paint","canvas, oil paint"
c542c2f8-791b-434a-8083-927ea2af17df,"oil paint, panel","vellum, watercolor paint"
c5676a77-394c-4d17-955d-1a7adf9cf509,"canvas, oil paint","canvas, oil paint"
c57403ab-62fc-4f7a-83eb-501def86fe5c,"canvas, oil paint","copper, oil paint"
c5b5d71d-30e5-435b-8a20-3f8f5448a8f8,"canvas, oil paint","canvas, oil paint"
c5b6a0b4-f6d5-4cf2-b74c-122ed1b7e219,"canvas, oil paint","canvas, oil paint"
c67bea12-3b44-43f9-8d30-d7b23273ba99,"canvas, oil paint","canvas, oil paint"
c6829e68-eaa7-4418-a5b3-d44cabe49709,"canvas, oil paint",oil paint
c6c90b37-c006-42cb-bdab-1cf43cf0934c,"canvas, oil paint","canvas, oil paint"
c6fd8647-d577-43fe-871f-7f7de58919fa,"canvas, oil paint",oil paint
c7065a66-0d8f-453e-83c1-0d830a661a69,"canvas, oil paint","canvas, oil paint"
c7384ce7-f77f-4e46-b1a9-b2c927a4ba0d,"canvas, oil paint","canvas, oil paint"
c7647870-4046-4abe-a1aa-d049ed19d337,"oil paint, panel",oil paint
c7db9f3d-2668-4a0f-b1f0-527169c11d0b,"canvas, oil paint","canvas, oil paint"
c80e9922-fed5-4548-8895-51f7908dd83a,"canvas, oil paint","oil paint, panel"
c81b49ac-93ad-45c9-b1a1-230aa59fae73,"canvas, oil paint","canvas, oil paint"
c82a8402-cf9e-4c9e-ae3a-695bcc7587ba,"oil paint, panel","panel, tempera"
c8779ab3-7f15-4f89-bdaf-8ab6afd91657,"canvas, oil paint","canvas, oil paint, paper"
c880f063-35bd-4efa-bbc8-2c0ce2abd28b,"canvas, oil paint","oil paint, panel"
c8e16dd6-7f0a-4580-a905-8cffa93e27cf,"paper, ink, watercolor paint","canvas, ink"
c8e5b744-8f25-4ddf-8076-683b496f9268,"canvas, oil paint",oil paint
c92cd1d2-fab2-428e-8171-b21116977f19,"canvas, oil paint","cardboard, oil paint"
c945bb9b-401e-4aae-87e5-0633d0eb7f4b,"oil paint, panel","oil paint, panel"
c94c95e4-ad64-4938-83fb-a91ca3dbee8a,"canvas, oil paint","cardboard, oil paint"
c99d4d51-2317-4f88-b71f-8ba3e20ec522,"canvas, oil paint","canvas, oil paint"
c9eac4e8-17d8-433c-a58f-67cfe6ac6b36,"canvas, oil paint","canvas, oil paint"
ca049666-17e9-4c27-9e7c-2c14b0060dc0,"canvas, oil paint","canvas, oil paint"
ca2afd53-d0a5-491d-8adf-a2a1c6de57a9,"canvas, oil paint","canvas, oil paint"
ca77ce43-3d9f-461d-9561-78f9a2c44f24,"canvas, oil paint","canvas, oil paint"
caee2e21-30db-4374-bd78-89c947e8e103,"canvas, oil paint","oil paint, panel"
cb217312-96e6-47a7-b378-d46a951cbca6,"canvas, oil paint","canvas, oil paint"
cb49d0cc-7a2d-4c0c-b826-a581b5bfecf8,"canvas, oil paint","canvas, oil paint"
cb510417-762e-4844-8497-305199b498a0,"oil paint, panel","canvas, oil paint, panel"
cba44a4a-06fc-4dbd-ad59-45154c073cb0,"panel, tempera","gold leaf, panel, tempera"
cc001ef5-77ec-4773-92ad-31f7a117418b,"canvas, oil paint",oil paint
cc259526-a50f-4200-856f-550728a57565,"canvas, oil paint","canvas, oil paint"
cc37800f-2a49-4bcf-baae-7e4bc930e23c,"canvas, oil paint","canvas, oil paint"
cc771c3c-24c7-40cb-b5a7-6c8fa766311c,"oil paint, panel","oak panel, oil paint"
cccac1e0-70ff-481a-bcac-0fc61ac91b48,"canvas, oil paint","oil paint, panel"
cd03ebda-31a4-4c21-ac90-2e7f27ac74f8,"canvas, oil paint","canvas, oil paint"
cd4778c5-8a9e-495f-a59b-9e18ce3a10ff,"canvas, oil paint","oil paint, panel"
cd488d74-dbd5-41f9-ad59-dfbe53f6bd90,"panel, tempera","panel, tempera"
cdcd2f27-2bba-40fb-afed-fe7bd76407cf,"canvas, oil paint","canvas, oil paint"
cde778f1-af28-4dc6-9d50-56e400bb7807,"canvas, oil paint","canvas, oil paint"
ce38fbab-bc43-4334-ab13-4fef5fa7348e,"oil paint, panel","oak panel, oil paint"
ce61ec51-757a-4dac-9fea-a3ccd7dfc1f0,"canvas, oil paint","canvas, oil paint"
ce7fd073-94da-4542-ab45-f4f9d09c42c3,"panel, tempera","panel, plaster, tempera"
ceda606e-bd5d-4e8f-99e3-ab5f76f6bdbf,"canvas, oil paint","canvas, oil paint"
cf11376d-23d6-4a06-8cfd-44334da3dc76,"canvas, oil paint","canvas, oil paint"
cf1d8159-428a-415f-ad8d-46d009c451d1,"panel, tempera","panel, tempera"
cfba75f1-7cbc-4fb7-9a21-c34b871b48e5,"oil paint, panel","oak panel, oil paint"
cfd39719-1b0d-4be8-a226-f3fc7b904227,"canvas, oil paint","canvas, oil paint"
cfe5ecf2-a6ba-4a33-a607-fb507eb023c7,"oil paint, panel","oil paint, panel"
d066ed5e-f3ab-459b-b83a-7386aef92f8d,"canvas, oil paint","canvas, oil paint"
d0d9f131-3482-4cec-9836-c8cb3e910c71,oil paint,"canvas, oil paint"
d0f47e5c-bab9-46bf-af75-10246328cb65,"oil paint, panel","canvas, oil paint"
d0f58ce9-e63b-4dc0-b948-2fc1739cc73c,"canvas, oil paint","canvas, oil paint"
d142d289-b784-4de1-b113-b53626f91f59,"gouache paint, paper",ivory
d168451b-262e-4aa5-9e88-0482fd01bb3e,"canvas, oil paint","cardboard, oil paint"
d1c161a2-736f-4dbf-9ed6-fff3c0647c51,"oil paint, panel","oil paint, wood"
d1c4651f-cfc3-4f80-ad40-6fc3b40313ae,"canvas, oil paint","canvas, oil paint"
d2444465-4be4-482e-8fde-db18feba04f9,"oil paint, panel",silver
d25db780-7e3e-41ca-9b4a-045edb611341,"panel, tempera","panel, tempera"
d2c1cbff-8b4f-4ed0-9ca1-389b9e1c1739,"oil paint, panel","panel, tempera"
d313d1d3-6e44-4722-924a-58194e307840,"fresco, tempera","plaster, tempera"
d3221298-daf1-435b-a46a-7651a40191ae,"fresco, tempera",fresco
d34cebe2-399f-44fa-98bc-0d7d02a1b48d,"canvas, oil paint","canvas, oil paint"
d3a0c2cc-0bfa-4d16-a34b-35a2074a01e0,"canvas, oil paint","canvas, oil paint"
d3a7802d-cec6-4fb3-916d-cb356bfa371d,"canvas, oil paint","canvas, oil paint"
d3d1638a-2d45-42be-bbbb-099c694b270a,"canvas, oil paint","canvas, oil paint"
d471748b-7283-4a2d-8f83-03efdb1ca9f8,"canvas, oil paint",oil paint
d485d69e-1b19-4e39-a810-53aed54ef74c,"oil paint, panel","canvas, oil paint"
d499fc52-abec-42d0-8158-c6cd83c7ef1f,"canvas, oil paint","canvas, oil paint"
d4e2766e-6dfd-4892-a639-9850812d9463,"canvas, oil paint","canvas, oil paint"
d505c80b-ca05-4939-b329-e246bd517872,"canvas, oil paint","canvas, oil paint"
d53c3fe6-29b7-4309-9160-9d1031890e4f,"canvas, oil paint","canvas, oil paint"
d54c4cd6-1339-4bf4-ae7d-e8134162442e,"canvas, oil paint","canvas, oil paint"
d561e374-fb47-4201-a129-4690624ac29c,"canvas, oil paint","canvas, oil paint"
d564f3f8-84a4-45fc-8379-c56537c94f88,"canvas, oil paint","canvas, oil paint"
d5cd2fa4-19e8-40dd-ad90-77d8ac59c275,"canvas, oil paint","canvas, oil paint"
d5ce2bdb-2159-4700-b958-5a361c5e10c6,"canvas, oil paint","canvas, oil paint"
d5de2f20-025b-46f9-8f3e-dfb69eb5e8ec,"canvas, oil paint","canvas, oil paint"
d5ffef1e-7a2b-4ecc-940e-060b6ebfa614,"canvas, oil paint","canvas, oil paint"
d6c91be2-243d-424b-897a-015457eba3b9,"paper, tempera paint",verre églomisé
d6d2f798-c42f-4981-b425-0cb01e4b3647,"oil paint, panel","oil paint, panel"
d6f55296-2a82-4d00-a33c-f5971ba36bb4,"oil paint, panel","oil paint, panel"
d708f101-e2a7-475d-a0b3-e8cf79327e82,"canvas, oil paint","canvas, oil paint"
d75498b2-2c91-4a8c-80ca-d881ab744e48,"oil paint, panel","oil paint, panel"
d75c3fbc-afdd-4a45-884c-9331e1b27d59,"canvas, oil paint","canvas, oil paint"
d7b58c90-9069-4717-86db-78b8c258e550,"panel, tempera","panel, tempera"
d7f64239-aad8-415a-9caa-adda4edf4540,"panel, tempera","panel, tempera"
d7f9f5ba-8146-4330-acbe-cccf7ca71abf,"canvas, oil paint","canvas, oil paint"
d8186513-42b0-453e-8dde-0656cfd97cc9,"canvas, oil paint","paper, watercolor paint"
d8534b6e-db3a-49cf-b9a1-f2cfacf82eb0,"canvas, oil paint","canvas, oil paint"
d8817600-0c07-402d-9c86-c78cd42eff66,"canvas, oil paint","canvas, oil paint"
d8fe71fe-94f7-414d-925d-03945690675b,"oil paint, panel","canvas, oil paint"
d92fe01b-b274-438b-997b-3f0e9829ff5d,"canvas, oil paint","canvas, oil paint"
d94621ca-57f4-4450-93a4-53cf2b757bfa,"canvas, oil paint","canvas, oil paint"
d946d6d2-5e60-45b1-9083-be36d211f826,"oil paint, panel","oak panel, oil paint"
d962b74e-d366-4aa2-9a6a-83ecd2a16f60,"canvas, oil paint","oak panel, oil paint"
d9a590cc-9b82-4945-a6a8-2c4f7b235e7c,"canvas, oil paint","canvas, oil paint"
d9bb36c3-fd5d-4f8c-b30a-b8bf3390d3ba,"canvas, oil paint","canvas, oil paint"
da1f04dd-02d9-4b0c-af6a-0d0c1adc32e6,"canvas, oil paint","canvas, oil paint"
da241c7a-ba4d-48a8-a2cc-b0fbdd1f97e2,"canvas, oil paint","canvas, oil paint"
da4a9087-f28f-41e8-a130-d0b8b229054b,"canvas, oil paint","canvas, oil paint"
da8067f2-7f73-40aa-8c3e-9589f66af8b3,"canvas, oil paint","canvas, oil paint"
da9c9d79-5cda-4139-8b47-aee23ab63304,"canvas, oil paint","canvas, oil paint"
dac47a84-1028-4fce-8f73-d2f1391bea38,"canvas, oil paint","canvas, oil paint"
db02ef11-3add-489d-ac0a-3de48fac91bf,"panel, tempera","gold leaf, oil paint, panel, tempera"
db2d87cd-94ca-416f-a024-3ac1ef770519,"canvas, oil paint","canvas, oil paint"
db9a85e8-fe33-4c55-836a-5bf7d79175f5,"canvas, oil paint","oil paint, panel"
dbb8db1f-94bf-4bd9-9ba2-a35447593072,"canvas, oil paint","canvas, oil paint"
dbe903c3-8137-4a52-bbad-0ab6714bc752,"oil paint, panel","oil paint, poplar wood, tempera"
dc0b5a03-0897-40b3-8d81-c42d5207c205,"canvas, oil paint","canvas, oil paint"
dc6c0958-91f5-4967-9b32-0aca2c7d929b,"oil paint, panel","oak panel, oil paint"
dc72e2a2-4ff2-467e-bdb0-ede4ed06cf3e,"canvas, oil paint","canvas, oil paint"
dc9655f0-cdc4-4b93-8b4b-54bd931ac507,"canvas, oil paint","canvas, oil paint"
dcad98ec-255c-44c1-85b3-19f077315da5,"canvas, oil paint","copper, oil paint"
dd198aa2-8f29-4d56-91c2-d8a1213f30ea,"canvas, oil paint","canvas, oil paint"
dd3aca04-24f2-4c95-8136-ff75484f43db,"oil paint, panel","oil paint, panel"
dd4baa8d-184c-437b-bb6a-f079aafe4071,"canvas, oil paint","oil paint, panel"
ddd4dd96-a6a8-40d9-8a7c-8796a9b758b7,"canvas, oil paint","canvas, oil paint"
de24b7d4-8303-4286-b312-c86065e4603b,"canvas, oil paint","oil paint, paper"
dec5f508-5b98-4595-ba16-62bea32eb4fa,"canvas, oil paint","canvas, oil paint"
ded319bd-4030-4833-abe9-b272f0f8a187,"canvas, oil paint","canvas, oil paint"
ded58a8a-9655-4e5c-8790-af51e517a560,"canvas, oil paint","canvas, oil paint"
df090a00-2cdf-4e94-8de0-3e88970d9028,"canvas, oil paint","oil paint, panel"
df2c87ac-cdd2-4c9d-914e-8fcdd99dda6b,"canvas, oil paint","canvas, oil paint"
df3be5fa-ef08-449a-b30c-c339b13bcf48,"canvas, oil paint","canvas, cardboard, oil paint"
df414f85-6fe5-4da8-be94-79fb688557d6,"gouache paint, paper",ivory
df822b72-1c86-4f7c-b32a-df66c13b6a19,"canvas, oil paint","canvas, oil paint"
df9b8720-d13b-4bf9-ad86-1b90f9e45ebc,"canvas, oil paint","canvas, oil paint"
dfa4e0e5-c563-46ea-8bb5-0882c83cac4f,"canvas, oil paint","cardboard, oil paint"
dfc0d374-c5cb-40a3-847d-ec5e7d48b469,"canvas, oil paint","canvas, oil paint"
dff138e0-696e-48e3-8b12-335c914c7b1a,"canvas, oil paint","canvas, oil paint"
e000079c-f2b4-4fe9-8b1d-d77f455bd1a8,"canvas, oil paint","paper, watercolor paint"
e03ff078-7be9-4d84-9ef8-85ed26915910,"canvas, oil paint","canvas, oil paint"
e08ec77f-820b-42f3-8bb1-0ebc447b4396,"canvas, oil paint",oil paint
e0afee0f-fb2b-45b3-8626-fd4430d3846b,"oil paint, panel","canvas, oil paint"
e0c393ec-d249-4a66-8746-3b654994c243,"canvas, oil paint","canvas, oil paint"
e0ffb296-1678-41e7-9694-caa7be9d8875,"oil paint, panel","poplar panel, tempera"
e14e85d2-e9b3-4a00-bacd-8166b09ae1d7,"canvas, oil paint","canvas, oil paint"
e15f3299-9c60-40b7-a495-e2d62765e853,"canvas, oil paint","canvas, oil paint"
e1d1763c-3503-45cd-b03d-2c2fd65e504a,"canvas, oil paint","canvas, oil paint"
e1ea2377-0d40-48d8-b132-480a953821e3,"canvas, oil paint","canvas, oil paint"
e1f86739-f3ca-43d7-a575-bd5513499979,"canvas, oil paint","canvas, oil paint"
e22bceae-8ed1-4ef8-bfeb-b7ca44f3a7c8,"canvas, oil paint","canvas, oil paint"
e28167f8-7f16-448e-b6bd-08477b89f1ed,"canvas, oil paint","canvas, oil paint"
e29a1f68-a107-4b6f-89c4-d64b0c7e257f,"canvas, oil paint","canvas, oil paint"
e2dd0899-673a-408c-a7a1-186bfd0f58c5,"canvas, oil paint","canvas, oil paint"
e37f262a-32b9-4ea4-ad1e-72ac2c341c74,"panel, tempera","panel, tempera"
e3d5b816-b467-4479-8ec0-fbecdfb56364,"canvas, oil paint","canvas, oil paint"
e3eac6ed-2e55-4adb-8c6f-01b6075c782b,"oil paint, panel","canvas, oil paint"
e3f252f1-c7ad-4c62-a471-9ade2dbf72cd,"canvas, oil paint","canvas, oil paint"
e42207d5-da42-4406-9410-697a09565a39,"canvas, oil paint","canvas, oil paint"
e4bee7bc-9f32-4767-9d0a-bc7da71529ba,"canvas, oil paint","canvas, oil paint"
e4c2f9a1-5382-459a-abf9-4a4eeb38c23c,"canvas, oil paint","canvas, oil paint"
e4cf9629-1e1c-4dfc-89fd-b28084d92c4c,"canvas, oil paint","canvas, oil paint"
e50bf5ad-00d2-4436-b099-9a182a1c8302,"canvas, oil paint","canvas, oil paint"
e5353d6d-740e-4a61-ad33-74eb59bf2766,"oil paint, panel","oil paint, panel"
e58f61d0-ce8e-4bdd-9637-466b3e78a0dc,"canvas, oil paint","canvas, oil paint"
e591beb9-5577-49ef-af67-a06cd3ef404a,"canvas, oil paint","canvas, oil paint"
e5c83ba2-775b-45bd-a312-842af038a860,"canvas, oil paint","canvas, oil paint"
e6232e1b-1086-4d52-afc3-3c4bc6adba69,"oil paint, panel","oil paint, panel"
e64edf5c-07f3-43a2-9651-89c7b4a4cf8a,"canvas, oil paint","cardboard, oil paint"
e6b175a0-d71a-4a4c-9960-d365745fe38a,"canvas, oil paint","canvas, oil paint"
e6d17757-22ed-4a31-9853-1ab893081d35,"canvas, oil paint","canvas, oil paint"
e7511c10-e6bb-4448-85ba-5fa2a5d93246,"canvas, oil paint","canvas, oil paint"
e77ccf78-5103-44a0-bc98-e89ab319a7cd,"canvas, oil paint","canvas, oil paint"
e7ae9e7b-1a04-4c9a-8723-ce6f2efdc90c,"canvas, oil paint","canvas, oil paint"
e7f971d8-e0bd-48ad-8b72-6837c5c5f6b2,"panel, tempera","poplar panel, tempera"
e8207879-8368-4fd8-a8be-dc19b4f95cab,"canvas, oil paint","canvas, oil paint"
e83d4641-b7f6-4ee6-9a57-5a58f3988c28,"canvas, oil paint","canvas, oil paint"
e8628dd6-b785-4f38-9bed-2e2583f0527d,"canvas, oil paint","canvas, oil paint"
e87c79e5-682d-4cd3-96ca-9358c754c41f,"canvas, oil paint","canvas, oil paint"
e8dde052-a309-42e7-ac30-e8cd4728fc73,"canvas, oil paint","canvas, oil paint"
e902c0e1-06a0-4131-8113-e7f0aafa79d4,fresco,fresco
e9207f2d-9602-4a15-8dda-e25f30ed7dc9,"canvas, oil paint","canvas, oil paint"
e988c8bd-0bbb-4d78-8e77-af56d065222e,"canvas, oil paint","canvas, oil paint"
e9c84f3b-3d0a-44e7-bec4-fe2d3e6490f8,"canvas, oil paint","canvas, oil paint"
e9e39102-2968-49e1-8c95-7bea14297fe6,"canvas, oil paint","canvas, oil paint"
ea25ea6e-0a0c-4542-b255-078dfc62a61a,"canvas, oil paint","canvas, oil paint"
ea2773f9-f32b-4975-b5ee-5250b56c7aee,"panel, tempera","poplar panel, tempera"
ea799bcb-90f5-40b1-8f8b-e272788fff4c,"canvas, oil paint","canvas, oil paint"
eaa51a6a-3058-462d-91ee-5e818e329486,"canvas, oil paint","oil paint, panel"
ead04b8e-a4a2-4f19-a50a-412bd5949e52,"canvas, oil paint","canvas, oil paint"
eaec9a35-b789-4048-905a-cd9856451f8a,"canvas, oil paint","canvas, oil paint"
eb291971-af17-4546-8679-3237cb2f3d27,"paper, watercolor paint",ivory
ebd7dcae-baa5-4b1a-91fb-db989ed87776,"canvas, oil paint","canvas, oil paint"
ebf6647e-bb3b-494e-8e05-3d7a0505b0d8,"canvas, oil paint","cardboard, oil paint"
ec2ad9fa-90f5-4f88-97e5-99e43ea7309a,"canvas, oil paint","canvas, oil paint"
ecb20858-b39a-4691-9d38-4a89a2e11126,"paper, pastel","paper, pastel"
ecc57828-d461-4437-b2ab-1b68081de443,"canvas, oil paint","oil paint, panel"
eccf5efd-46b3-4f17-b121-ef7f7340075b,"canvas, oil paint","canvas, oil paint"
ececc1f5-0433-4da2-a389-a9238c954f47,"canvas, oil paint","canvas, oil paint"
ecf32ac0-7a35-4321-b1c4-9ff9afaab3a0,"canvas, oil paint","canvas, oil paint"
ed06422f-2705-4a48-bcaf-9bf9091775bd,"canvas, oil paint","canvas, oil paint"
ed5f13c6-9565-4cc3-8a56-40563d83cd1f,"canvas, oil paint","canvas, oil paint"
edf28989-42b1-466e-b8c3-bb57a1b3b25a,"canvas, oil paint","canvas, oil paint"
edff3230-3ed0-43b1-8fd9-690feb378040,"canvas, oil paint","canvas, oil paint"
ee135039-981c-4eab-8bbf-025b03b2957d,"canvas, oil paint","canvas, oil paint"
ee8f704b-d8a6-40b4-a65b-110d457c79b8,"canvas, oil paint","canvas, oil paint"
ef01d7c6-bfb7-49db-9ba9-9dedf4d8c5f7,"oil paint, panel","oil paint, panel"
ef0954a9-2b60-45e1-bb87-ebf7eeb92af9,"canvas, oil paint","canvas, oil paint"
ef84b855-790b-4931-a7ad-fdf63e65f2cd,"canvas, oil paint","canvas, oil paint"
ef98bfdb-a500-4f98-80b1-59ab9e7be8bc,"canvas, oil paint","canvas, oil paint"
efaf339e-f867-4d4a-8723-71d9d5597f74,"canvas, oil paint","canvas, oil paint"
efd7b68a-3ef4-4f5e-9843-3b0515b87bc8,fresco,fresco
eff966c4-863a-4e35-83e4-fd0a57632ed5,"canvas, oil paint","canvas, oil paint"
f02dc595-65bb-4905-8355-6b577ea61c65,"canvas, oil paint","canvas, oil paint"
f051461e-2930-4404-923d-ee96f506a283,"canvas, oil paint","canvas, oil paint"
f094d52c-b494-4450-82be-afd0c8e2612a,"canvas, oil paint","canvas, oil paint"
f0d414d0-8e4c-42ca-a762-df3b25cec11a,"canvas, oil paint","oil paint, panel"
f0d5ab0b-a793-4f21-ab70-c0bb85eca2ae,"canvas, oil paint","canvas, oil paint"
f1165240-6d16-43da-8dc2-9fab57f3dd98,"canvas, oil paint","canvas, oil paint"
f118ca88-defd-4e2a-9923-53e4191068aa,"canvas, oil paint","canvas, oil paint"
f13f6951-ed33-4485-9d3a-bc5584670d21,fresco,"canvas, fresco"
f14841e1-1540-486b-9aad-4ec8bdbc5c7e,"canvas, oil paint","canvas, oil paint"
f176414c-633d-4b9f-a2bb-4ea33261ca98,"oil paint, panel","oil paint, panel"
f19de58e-3120-41ee-aa0f-d443d833e2b3,"canvas, oil paint","canvas, oil paint"
f2531b40-94c9-4c67-a026-48c2102171dd,"oil paint, panel","oil paint, panel"
f2794efc-48af-4f50-b54d-013db3fd43fe,"canvas, oil paint","canvas, oil paint"
f2bd8544-6203-49b7-8018-7f79baaf09a9,"canvas, oil paint","canvas, oil paint"
f2c30af7-f2ed-4924-a839-92a0574d7af7,"oil paint, panel","canvas, oil paint"
f2ebe62e-a2f8-4e87-a1f9-859973a5c668,"canvas, oil paint","canvas, oil paint"
f2ed087d-f4ef-40df-abfb-d2af68cd5a51,"canvas, oil paint","canvas, oil paint"
f2fb4516-bf9d-4d22-8f82-b75ca9d60fbc,"canvas, oil paint","canvas, oil paint"
f39c440e-e3ec-4061-9bcf-c190b24146c8,"canvas, oil paint","canvas, oil paint"
f3c2fe0a-6b9c-4c60-8f96-8928c546da34,"canvas, oil paint","canvas, oil paint"
f3fd3065-794b-4274-9621-24109f582285,"canvas, oil paint","canvas, oil paint"
f40d2476-f356-4cf4-8eef-61bed1d9c59e,"canvas, oil paint","canvas, oil paint"
f498f2be-37c8-4ac2-a6e2-6f3e38658e3e,"canvas, oil paint","canvas, oil paint"
f4bd6549-e7bf-4e30-a7d3-4116725c121a,"oil paint, panel","oil paint, poplar panel"
f4cba860-e6db-4b0a-a65b-d5239d2516a3,"canvas, oil paint","oil paint, panel"
f4d2c9e9-915e-460b-be69-58be9e3cd070,"canvas, oil paint","canvas, oil paint"
f5124618-a5fe-4bc1-8506-7fdd2b9d83ff,oil paint,"canvas, oil paint"
f516489a-3a51-4c12-a536-33618fc493ee,"canvas, oil paint","oil paint, wood"
f5576026-f2f9-4dda-adad-407b1429f33d,"canvas, oil paint","canvas, oil paint"
f576e232-2abe-4c18-8c05-8595a1ed28fa,"oil paint, panel","oil paint, poplar panel"
f5bfcf01-0ade-4f15-8273-c73ecd26ad9f,"canvas, oil paint","canvas, oil paint"
f5d9ac9a-0962-4898-b911-5292121a1269,"canvas, oil paint","canvas, oil paint"
f6901586-11e5-4609-945e-521dacf9f22d,"canvas, oil paint",oil paint
f69698b7-edab-42f6-9349-00c5e9ead01b,"canvas, oil paint","canvas, oil paint"
f6cf4668-798f-4cfc-8899-3c0b131f4d73,"canvas, oil paint","canvas, oil paint"
f6f9ef28-f883-4126-9bda-071ed67ae39a,"watercolor paint, paper","cardboard, watercolor paint"
f711dbc5-407e-4980-92ad-56f95f6db6f6,"canvas, oil paint","canvas, oil paint"
f77389bd-ae5b-49e1-aac5-4ed20071bf4f,"canvas, oil paint","canvas, oil paint"
f798b612-8787-4cea-bc15-dd4cc36fb69d,"canvas, oil paint","canvas, oil paint"
f7c4397e-e9d9-49d9-94f3-5f9f31a94bc6,"canvas, oil paint","canvas, oil paint"
f7c43d37-22ff-43e0-8e95-d91dd5905a57,"panel, tempera","oil paint, panel"
f7fe5ed5-0117-4551-943b-50539a74f8fc,"canvas, oil paint",oil paint
f829d710-b790-42d4-b47b-947370717ab5,"oil paint, panel","oil paint, panel"
f861e919-ce1a-4ae2-8d95-41aed9607e9f,"canvas, oil paint","canvas, oil paint"
f88275ee-44b2-457e-90ea-8b17f724902b,"oil paint, panel","oil paint, wood"
f8ceef99-d944-472b-82a3-a9564760538c,"oil paint, panel","oil paint, panel"
f8dccaf6-cbf4-4ef4-8313-53370508fddd,"oil paint, panel","canvas, oil paint"
f8f55345-8c88-470f-95a0-ca253c0f86a7,"canvas, oil paint","canvas, oil paint"
f91c624d-8127-4dab-b034-4126c20c4a05,"oil paint, panel","oil paint, panel"
f9406477-6702-4d16-8d7d-cc8ba5931817,"canvas, oil paint","canvas, oil paint"
f97a8e8e-780f-4267-9acc-68b663aec0a7,"canvas, oil paint","oil paint, panel"
f9882a04-2bc8-45ef-9619-75c8d84084f0,"canvas, oil paint","canvas, oil paint"
f9a53266-eefc-41bc-85c0-ca590465acdb,"canvas, oil paint","canvas, oil paint"
f9bbe58c-da82-40be-8b23-1f64cfdbbbc3,"canvas, oil paint","canvas, oil paint"
f9cc817e-8fa6-4bb4-9c51-2e6237640185,"canvas, oil paint","canvas, oil paint"
fa32bdb1-9cfb-4fa0-83b2-2ef4e8584c1e,"oil paint, panel","canvas, oil paint"
fab4ab28-c12b-4180-b7f6-c672de036d7d,"canvas, oil paint","canvas, oil paint"
fada772a-e7be-4a03-88d4-16bda29e963e,"canvas, oil paint","canvas, oil paint"
fae188b3-e608-41d4-ac96-2df25f79d14c,"canvas, oil paint","canvas, oil paint"
fb5b46e0-00d2-43ca-8fc1-2d9d28990e76,"canvas, oil paint","canvas, oil paint"
fb69cb28-1d31-4b67-a7cb-9cbe4146dce0,"canvas, oil paint","canvas, oil paint"
fb73f556-ea30-4ef1-b281-0bfdc3023e33,"canvas, oil paint","canvas, oil paint"
fba9ef5c-5cdf-4be9-8ada-446cf78e913f,"canvas, oil paint","canvas, oil paint"
fbb37642-0aa7-462e-8fd5-33f47fb4a370,"canvas, oil paint","canvas, oil paint"
fbdca9db-0203-4c0d-9256-42ec999476fe,"canvas, oil paint","canvas, oil paint"
fc56d527-b88d-4955-ae3b-d3cb9d28476b,"canvas, oil paint","canvas, oil paint"
fc8725d4-1abe-4b13-80e9-c6da71e457ba,"canvas, oil paint","canvas, oil paint"
fcaeeb2b-649b-4759-8175-c771193a90a5,"canvas, oil paint","canvas, oil paint"
fcd7c126-79b3-4b9f-b03c-45e39cce0c6b,"canvas, oil paint","canvas, oil paint"
fd04bfe8-17ba-45de-a825-090db12dde8b,"canvas, oil paint","canvas, oil paint"
fd089846-a7b0-43f1-b175-a7393d245712,"oil paint, panel","oil paint, panel"
fd14a335-c09b-4436-b606-1545d1d6da91,"oil paint, panel","oil paint, panel"
fd5c3a7e-0ac0-4f84-b08c-543269375342,"oil paint, panel","oak panel, oil paint"
fdeaa1c3-d0bf-4ca1-b208-7acdd7a7e7d2,"canvas, oil paint","canvas, oil paint"
fe62efd4-f18c-42ec-be2e-9cbdc0a76f53,"panel, tempera","gold leaf, parchment, tempera"
fea7ccd2-9a79-4e74-a0bd-01c33b59d5bc,"canvas, oil paint","canvas, oil paint"
fedc0d2f-ac60-44b9-a4d4-7b32dd453cd4,"canvas, oil paint","canvas, oil paint"
fee7200f-6f5b-4388-bcbb-839f3e8eecb7,"canvas, oil paint","canvas, oil paint"
ff2a48f0-1396-4ad9-ad30-ac9cf06015a3,"canvas, oil paint",oil paint
ff4fd09d-3025-41ce-81a2-0dc4a62ebf32,"canvas, oil paint","canvas, oil paint"
ff7d9afb-8d52-4dd1-abda-3adb20c01904,"canvas, oil paint","canvas, oil paint"
ff97686d-26d4-40c7-b189-7ec2ee7f5dfc,"canvas, oil paint","canvas, oil paint"
ff9af402-4095-4885-aba7-9183f94613ec,"oil paint, panel","oil paint, panel"
ffac7882-22ad-487b-84b1-7d60570d1724,"oil paint, panel","oil paint, panel"
ffb89989-4377-4923-b2eb-3867d4fa91c3,"canvas, oil paint","canvas, oil paint"
ffcbdb4b-22ed-40fe-a6a3-de50c16c6b0b,"canvas, oil paint","canvas, oil paint"
00094447-bb7f-40de-b6a9-b10d6caecf79,"canvas, oil paint","canvas, oil paint"
000a08a8-c867-43bd-915a-d227e7f2e48d,"canvas, oil paint","gouache paint, paper, watercolor paint"
0012c7c7-4828-4a5d-9003-ace867a3ad69,oil paint,oil paint
00203ada-dec7-4968-8047-a341e1a6f632,"canvas, oil paint","canvas, oil paint"
0026863a-9630-4c09-a2bb-ba2f5f509db9,"canvas, oil paint","canvas, oil paint"
0063edcc-d346-4785-898e-bda4b543c606,"canvas, oil paint","canvas, oil paint"
0087baa8-f9b8-458f-bdd9-778cf665ca54,"canvas, oil paint","canvas, oil paint"
008d7d1d-3697-486e-ae7d-fe7570ae7a14,"canvas, oil paint","India ink, gouache paint, paper, pastel, watercolor paint"
0091b4f1-3af8-4953-be51-ba7f5eaa5752,"canvas, oil paint","oil paint, panel"
0095023d-d4ea-4a46-bde0-85c2371145ca,"oil paint, panel","paint, poplar panel"
00a369bb-09e0-497c-a32d-4960c485ad5b,"ivory, pastel","gouache paint, ivory, watercolor paint"
00b26091-37d6-469f-bde7-d5ea56bddc23,"canvas, oil paint","canvas, oil paint"
00ee4cc7-a91c-4234-99ed-c2e8b8f8f192,"oil paint, panel","canvas, oil paint"
0115adf0-96ec-4b09-9169-25f8e8b9cba5,oil paint,"canvas, oil paint"
013f8c77-f735-465f-952f-a148a2570381,"canvas, oil paint",oil paint
01452e86-499d-441e-9b6f-9c3d8215281c,"oil paint, panel","oak panel, oil paint"
0157c889-62c7-4a05-a3bc-f0e088977950,"oil paint, panel","paint, panel"
016df82e-fd3a-40f7-aa01-8ca6276b932a,"canvas, oil paint","canvas, oil paint"
01739412-5e36-45ec-b200-d3362c562a64,"canvas, oil paint","canvas, oil paint"
01744559-19db-46aa-9818-b3cf7b1066b4,"canvas, oil paint","canvas, oil paint"
01a78008-0a98-4e5c-b006-9e88f9a830f6,"canvas, oil paint","canvas, oil paint"
01c2be9f-9949-4d62-8079-f15bca4d1496,"oil paint, panel",oil paint
01ee991d-1ad1-47b4-8135-370c92acc42f,"oil paint, panel","oil paint, panel, transferred on canvas"
0217a460-3bd5-4123-b1e9-71514968c744,"oil paint, panel","oil paint, panel"
021a6c79-f650-4292-b1cf-ec023dc522c6,"canvas, oil paint","canvas, oil paint"
025de756-87e7-4137-8da5-b5ede1bd7b41,"paper, watercolor paint","India ink, gouache paint, paper"
02643d8a-40d0-4b16-bb94-533c4fb5068a,"canvas, oil paint",oil paint
02879528-3c92-49ba-8bcf-c92ad40aaf42,"canvas, oil paint","canvas, oil paint"
028afded-7385-4f8d-b148-6e1c010a57af,"canvas, oil paint","canvas, oil paint"
02a9994a-5171-4e23-a2ed-0f8ef63d00e3,"oil paint, panel","canvas, paint"
02e4e36a-90f7-4c59-96ec-0c00d1ea0302,"oil paint, panel","lime panel, oil paint"
0302c662-f995-4ccf-88c7-8ec99046fc7a,"canvas, oil paint","canvas, oil paint"
030c1641-9f7d-4a7c-9838-6d5bc7e5fb9c,"canvas, oil paint","canvas, oil paint"
031e8ec3-29c7-4b39-a8a3-8e8a5e21273d,"canvas, oil paint","canvas, oil paint"
0323d2e4-de98-41f6-addd-cadf4c07a35e,"canvas, oil paint","canvas, oil paint"
034a2b9d-b18a-4c8b-b101-2f6762f8d898,"canvas, oil paint","canvas, oil paint"
03706de7-d896-43a1-8dc7-ec49bf4f51ae,"canvas, oil paint","oil paint, panel"
03859852-bb24-4acd-b51a-0a79134a1e34,"canvas, oil paint",oil paint
038e2be8-ea4a-4fef-8cad-c789bd5f9a5b,"oil paint, panel",oil paint
03a253a3-ac65-466f-ad81-ab7f9767da0b,"canvas, oil paint","canvas, oil paint"
03d0f23b-f01d-4bb6-9c9f-7a4504176e5b,"gouache paint, paper","ivory, watercolor paint"
03e599cb-4eba-4864-b795-0e2c79a3dd82,"oil paint, panel","canvas, oil paint"
03f2545e-7e2d-4ed5-80cb-2cb25e508e58,"canvas, oil paint","canvas, oil paint"
0403bf05-8b77-4462-be80-42bf7a210c11,"canvas, oil paint","cardboard, oil paint"
041976eb-b680-42b1-9623-08ba326afb65,"oil paint, panel","canvas, oil paint"
042055eb-3750-43df-84ea-049bd022ae7c,"canvas, oil paint","canvas, oil paint"
042dfe73-a971-4bed-93d5-07bbd5267323,"canvas, oil paint","canvas, oil paint"
04396185-bf98-43b4-89ae-7bb2a1886fa6,"oil paint, panel","paint, poplar panel"
046931f8-2e16-4fde-b80b-7c1684bf71cd,"canvas, oil paint","canvas, oil paint"
047213fa-1eba-4022-aed2-bf9a71a3f770,"canvas, oil paint","oil paint, panel"
047f8206-591f-4278-838d-c2a203f9eec3,"canvas, oil paint","canvas, oil paint"
048194d8-d51c-44ea-a790-d24d4980c02b,"canvas, oil paint","canvas, oil paint"
0497b2aa-8a36-4f10-902e-b9b673dfefc9,"canvas, oil paint","cardboard, oil paint"
049bc1e9-973f-48de-930a-086f737dffb4,"oil paint, panel","oakwood, oil paint"
04d1699f-dd5a-4eaa-8e9d-00900e3cae48,"canvas, oil paint","canvas, oil paint"
04d37a3e-3a91-4b67-8033-9844e3fe220e,"canvas, oil paint","canvas, oil paint, paper"
0513084d-0198-4ec8-ad86-8e3858df193b,"paper, pastel","paper, pastel"
051ae5a9-a000-40b9-ac5f-8bcb69ef640f,"canvas, oil paint","canvas, oil paint"
0521651b-9adc-4fb7-86c6-823cdde1afff,"canvas, oil paint","canvas, oil paint"
0528c2a7-a31f-4597-91bc-164ba3ff550d,"canvas, oil paint","canvas, oil paint"
052fe9ce-1e5c-4b86-a688-69b1717bae70,"oil paint, panel","canvas, oil paint"
054e29a2-0954-4efd-afba-d55b2c802bd7,"canvas, oil paint","canvas, oil paint"
05828653-772e-4908-980c-a1cd90d68517,"canvas, oil paint",oil paint
05a5be8e-1296-43cb-98ae-86df93f96f9a,"canvas, oil paint","canvas, oil paint"
05c8db28-b3ef-4f16-a668-8b8081c554ce,"oil paint, panel","panel, tempera"
05cb5b39-e5d3-4482-b6d9-a7d01aedd50f,"canvas, oil paint","canvas, oil paint"
060288cc-fedd-4df7-b0a3-eed160f8ac0c,"canvas, oil paint",oil paint
0642cdec-0372-463d-8040-dde1c6408851,oil paint,"canvas, oil paint"
06440f0f-70e0-4c35-9310-b5d2867cccb9,"canvas, oil paint","canvas, oil paint"
0668ebae-f53b-40fd-9293-22242fb65500,"canvas, oil paint","canvas, oil paint"
066c223b-a4e7-4e6f-b36d-d87e6749f60c,"canvas, oil paint","canvas, oil paint"
06abd60a-8ed1-48c5-bf25-0d56f339f90c,"canvas, oil paint","canvas, oil paint"
06ae8c7d-8a2a-4918-b1c4-ac18ac69c95d,"oil paint, panel","canvas, oil paint"
06c34e8f-6c8f-4128-9252-802c945dbb36,"canvas, oil paint","canvas, oil paint"
06d88fec-fdbb-4be7-9851-67037533987e,"canvas, oil paint",oil paint
07131195-3612-4a0b-9341-b8c17d17c64e,oil paint,tempera
0720a4e4-be47-4b40-88eb-06037f434bea,"canvas, oil paint","canvas, oil paint"
07237a4d-187a-48d0-877b-e5e192d5d06a,"canvas, oil paint","canvas, oil paint"
0737f1e2-ac42-4fa1-88ca-84d3c815ebe7,"canvas, oil paint","canvas, oil paint"
073cbe96-24ef-4088-8b32-cadf741eda84,"canvas, oil paint","canvas, oil paint"
07582aaa-b433-4ca0-a6e7-d4de4ec3aede,"ivory, pastel","gouache paint, ivory, watercolor paint"
076441a2-adc7-46d0-b384-d644675e144b,"canvas, oil paint","canvas, oil paint"
0771b0f2-0e7a-4448-849b-c7fc1ccf7929,"canvas, oil paint","canvas, oil paint"
0796a5af-26f1-4cb8-831e-01fd71dc6655,"canvas, oil paint","oil paint, tempera, wood"
07ae029b-4961-416a-8072-cb3f9e100f09,"canvas, oil paint","oak panel, oil paint"
07e5be96-e589-4bcd-80fb-5c342f448496,"canvas, oil paint",oil paint
08382c31-2a98-4461-ab7e-0f730e036988,"oil paint, panel","oil paint, panel"
08420fcb-2591-4ae0-8a86-8d3eaf23de53,"canvas, oil paint","canvas, oil paint"
08793052-4bd1-4c0d-a335-bfae74ea6914,"canvas, oil paint","canvas, oil paint"
0886bc9f-6565-40ff-9210-3a192b2e6037,"oil paint, panel","oak panel, oil paint"
089f1972-50af-4807-a031-a7fcc2c51ce9,"canvas, oil paint",oil paint
08d11732-9dcb-49b4-8770-4c8a940883c4,"canvas, oil paint","cardboard, tempera"
08d4ca0c-4632-45e9-97bb-62116ff76c7e,"oil paint, panel","oil paint, panel"
08e27ec4-f466-4a45-b9f2-3bf41e256580,"canvas, oil paint","canvas, oil paint"
0904802a-864b-40ce-9828-e4628fb7a571,"panel, tempera","panel, tempera"
0939e610-9113-4b71-9b36-c7b015047761,"canvas, oil paint","canvas, oil paint"
095a46ce-f883-411f-92c5-1961b1886c7b,"canvas, oil paint","canvas, oil paint"
0962a5c3-342f-458e-9e73-9bf8eff94e8f,"canvas, oil paint","gouache paint, paper, pastel"
0998e70d-3943-4097-a31c-5cee850cb393,"canvas, oil paint","oil paint, panel"
09a02fe8-6152-4d89-844a-addd8dff5adb,"paper, pastel","paper, pastel"
09be45f1-e6fa-453e-b222-74abfd4698df,"canvas, oil paint","canvas, oil paint"
09cb3aa4-304a-45e9-b7b4-36c4cc18e044,"canvas, oil paint","canvas, oil paint"
09da4370-8d88-4f9b-aea0-4b304bd14901,"canvas, oil paint","canvas, oil paint"
0a460108-1b65-4470-9f12-b3bf9912d6bb,"canvas, oil paint","canvas, oil paint"
0a4f4571-7388-4e79-a8cf-c7f3f0569c39,"canvas, oil paint","canvas, oil paint"
0a588288-b756-4619-b785-cb1f3767f03f,"canvas, oil paint","gouache paint, parchment, watercolor paint"
0a8a8575-cfc5-49ad-a637-08c3847e3791,"canvas, oil paint","canvas, oil paint"
0a8cdf31-c224-4364-af6e-358f821f53c1,"canvas, oil paint","canvas, oil paint"
0acb1e2b-7e3b-4aaf-8700-439f5d1e9824,"canvas, oil paint","oil paint, panel"
0ad7ca3f-30bf-4e42-8623-09de5e44c14d,"canvas, oil paint","canvas, oil paint"
0ae5bafd-fd3e-44be-90f6-08efd8fc3b6a,"canvas, oil paint","oil paint, panel"
0b287042-7ab2-4125-9fd3-892919c81f3a,"canvas, oil paint","canvas, oil paint"
0b651e92-8f92-49f0-8c89-58b878c1ecb2,"canvas, oil paint","paper, watercolor paint"
0b7235cb-0f4d-4637-912e-f7379ac49ff6,"oil paint, panel","oil paint, panel"
0b8a4d35-dcde-4c5f-b351-2f651697e597,"oil paint, panel","mixed technique, poplar panel"
0b9650fe-a636-44c1-90d9-e7e8e9669e2f,"canvas, oil paint","oil paint, panel"
0bd4574e-afc8-4ff6-a190-8c6859584083,"canvas, oil paint","oil paint, panel"
0bdf6066-08f7-4176-8c41-4910877aa288,"canvas, oil paint",oil paint
0bee4b6c-1cb0-48f5-a895-d41620ce5824,"canvas, oil paint","canvas, oil paint"
0bf749ef-c604-4f27-a326-aae15ca29733,"canvas, oil paint","canvas, oil paint"
0bf78be1-d172-42de-aa21-83bb4fb72b96,"canvas, oil paint","canvas, oil paint"
0bfa21bf-0213-4f03-a8a9-ba96086dad33,"canvas, oil paint","canvas, oil paint"
0c56a1a8-61de-4642-873c-8e89619d96c3,"canvas, oil paint","canvas, oil paint"
0c576e0e-87f7-414d-9446-2e565a462dde,"paper, watercolor paint",watercolor paint
0c593886-a5c6-4594-a51f-b85056a9a76d,"canvas, oil paint","canvas, oil paint"
0c7f2772-07e9-474e-a272-0f1e96d66c1b,"canvas, oil paint","canvas, oil paint"
0c88b605-ef32-4af3-acab-f2f73387d114,"canvas, oil paint","gouache paint, paper"
0c944b2a-2615-4a72-843a-e2aedeefe3f2,"canvas, oil paint","canvas, oil paint"
0cd26a92-3021-4d10-87bd-51f44ccc6e8e,"canvas, oil paint","canvas, oil paint"
0cd5289e-8472-43cc-93d2-5faf49a198f3,"canvas, oil paint","canvas, oil paint"
0ce98de5-b90f-4e95-aa41-6c24fd8025fd,"canvas, oil paint","canvas, oil paint"
0cf406cd-e18b-4436-9c69-d246aaaed031,"panel, tempera",wood
0cfb59e5-951a-4b80-855f-5c0bd2df891d,"canvas, oil paint","cardboard, oil paint"
0d1b45d1-f0aa-4228-86f2-fcd64907a214,"canvas, oil paint","canvas, oil paint"
0d31221f-40ff-4019-bda0-bdd417ae2091,"canvas, oil paint","canvas, oil paint"
0d66167a-e26b-4a01-bbd9-c9dd570d4bb0,"canvas, oil paint","canvas, oil paint"
0d7b27b4-5e5f-4abd-b889-896717ad8195,"canvas, oil paint","oil paint, panel"
0dd25fd2-51b2-4c7d-8ba2-023812f57860,"canvas, oil paint","canvas, oil paint"
0ded1c96-1d8b-4ba9-8c24-5d45215e85fa,"canvas, oil paint","canvas, oil paint"
0e1a0b08-b75e-49d6-8ea3-a5c7861b4318,"canvas, oil paint","canvas, oil paint"
0e1c94fe-d138-4235-a0d2-df7ea2226a40,"canvas, oil paint",oil paint
0e4bddc2-4658-4f68-8e16-1467d3cce38f,"canvas, oil paint","canvas, oil paint"
0e4f9707-2401-453f-a093-9c1f1d05da6b,"canvas, oil paint","cardboard, oil paint"
0e5efec8-63b1-4cf1-9abb-60c74d24e460,"canvas, oil paint","canvas, oil paint"
0e899e0b-1818-4d5d-abcb-0ad5de5ee41c,"canvas, oil paint",oil paint
0ea47f70-3d87-494a-8910-f9e083e5b8b7,"canvas, oil paint","canvas, oil paint"
0ebae806-9e54-49dd-9b27-b5a1eb0b8a85,"canvas, oil paint","canvas, oil paint"
0efc6834-e14f-4f4e-bef0-ed81d6bcf6a0,"paper, pastel","paper, pastel"
0f0de98b-9600-4c31-9e9c-df6c873eabed,"canvas, oil paint","canvas, oil paint"
0f132a8e-8d9a-440d-b62a-c4cc48988d82,"canvas, oil paint","canvas, oil paint"
0f23ec17-ca2b-4d86-88d8-742bbaef0fc3,"canvas, oil paint","canvas, oil paint"
0f6ea2f7-33ce-4656-be74-b83cf5d94b04,"canvas, oil paint","canvas, oil paint"
0f832713-562a-45db-9c5c-f8f9fd68b22b,"oil paint, panel","panel, tempera"
0f882110-bd95-46db-878b-e2433f681eae,"canvas, oil paint",watercolor paint
0f90eee6-dc44-446c-999f-13a0810f55c6,"canvas, oil paint","canvas, oil paint"
0fb1c457-305d-4aa8-8091-191d5ae428cc,"canvas, oil paint","canvas, oil paint"
0fc703fa-e57a-4d8f-b6b8-7693fdf6f747,"canvas, oil paint","canvas, oil paint"
0fe0049a-860d-4455-90d9-8bf22e89a3f2,"canvas, oil paint","canvas, oil paint"
0ff22faa-234b-4705-8c20-139e9e41097d,"oil paint, panel","oil paint, panel"
0ff5e17b-0974-4686-979e-756a76e56ad4,"canvas, oil paint","canvas, oil paint"
102d67c0-00ca-4de7-bb50-e6a8797e46e4,"canvas, oil paint","canvas, oil paint"
10a5faa1-afc4-4429-bdb2-e3536e8d5615,oil paint,oil paint
10a9929a-7bc3-4848-b9a9-b0cce6dae4b2,"canvas, oil paint","canvas, oil paint"
10ddf3e9-94ea-4354-ba0a-7ffd12d87ab5,"oil paint, panel","oak panel, oil paint"
10fb7f30-0eac-47fd-8c3a-c43719cf2ab7,"canvas, oil paint","canvas, oil paint"
11360fd4-e07c-4561-8835-eb459a9455ad,"canvas, oil paint","canvas, oil paint"
1136bc79-acd8-4554-b42a-6e37e7c9e2e0,"canvas, oil paint","canvas, oil paint"
1167e0d7-fff8-4b03-9768-6c469da4a271,"canvas, oil paint","canvas, oil paint"
11836896-024e-44ec-a928-cdc10f00c0c1,"canvas, oil paint","canvas, oil paint"
1187cb5a-2f41-44b0-af3c-41bf5cd55483,"paper, pastel","paper, pastel"
11c8c968-8a40-4364-baaa-0a5e87cf7f59,"oil paint, panel","oil paint, panel"
11db4437-02b9-41bf-acb6-1f8cf0aee439,"canvas, oil paint","canvas, oil paint"
11dcb30c-0da7-4132-9dad-157d2727480a,"canvas, oil paint","oil paint, panel"
1229bc2c-525c-4cc6-bc6c-e88c9fc642fb,"oil paint, panel","oil paint, panel"
125adc00-51c1-42da-b126-d6e72d3ddeda,"canvas, oil paint","canvas, oil paint"
12609c81-d82b-4384-a036-47107973c3bf,"canvas, oil paint","canvas, oil paint"
12788666-49bb-4bbd-93eb-1ff97a3f31d3,"canvas, oil paint","canvas, oil paint"
1299db02-97c5-4d1f-a3d3-7affbb7d421f,"canvas, oil paint","canvas, oil paint"
12d32f99-b84d-4000-a23a-19f4ff6ebfae,"oil paint, panel","canvas, oil paint"
12dbd0b1-06c4-4d16-aee3-fc41bd74b53a,"canvas, oil paint","canvas, oil paint"
130b2239-951b-40ee-922d-40046296bd16,"oil paint, panel","canvas, oil paint"
1311d8e1-afd9-436d-a345-c301d930de8a,"canvas, oil paint","canvas, oil paint"
1334a786-0bf5-4040-a8ee-cad3aa194448,"canvas, oil paint","canvas, oil paint"
1365ffcf-c34b-48ea-a486-04ec42b58934,"canvas, oil paint","canvas, oil paint"
13690500-7f13-4c29-8e07-76089a9ff4a9,"canvas, oil paint","canvas, oil paint"
139f5da5-c076-4c23-930d-da5c61907f31,"canvas, oil paint","canvas, oil paint"
13a0bd41-d1dc-4f9c-8cae-c0469e4241f9,"canvas, oil paint","canvas, oil paint"
13a4638f-f8c9-4f89-9643-4975c56a5cbd,"canvas, oil paint","canvas, oil paint"
13c98ed3-3a77-42af-82a6-d43284ae40e8,"canvas, oil paint","canvas, oil paint"
13d32f85-28fa-4d62-aab0-ea9f4cd7cd19,"canvas, oil paint","canvas, oil paint"
13e3d08f-b333-45ad-81f5-6c3f76c940b3,"canvas, oil paint","canvas, oil paint"
13f66fba-4675-4c23-a04e-5afa9a875eba,"canvas, oil paint","oil paint, panel"
1420ac8c-6164-4f2e-89b5-6b8503e20644,"oil paint, panel","canvas, oil paint"
148a3f60-2869-4cec-ad78-9a4ce4d593a7,"canvas, oil paint","canvas, oil paint"
14a42eb3-e2fe-4699-a346-2da9c6eea711,"oil paint, panel","canvas, oil paint"
14c82a84-dc49-4b5e-baf6-540e2f0cd8a0,"canvas, oil paint","canvas, oil paint"
14d1035d-ccf5-432e-a7e1-2bc9345be0df,"canvas, oil paint","oil paint, panel"
14d5f0d4-c5ad-4770-9d7f-b4166b00e58a,"oil paint, panel","canvas, oil paint"
15222fbe-6fad-4509-bd75-ab4007d59911,"canvas, oil paint","canvas, oil paint"
155cc74c-dc95-4604-a4d7-673a7c727c9f,"oil paint, panel",oil paint
155e2958-9804-48a4-bc29-a733a7c7bf10,"canvas, oil paint","canvas, oil paint"
158b7f51-6437-47f3-9b21-340384a16079,"paper, pastel","canvas, paper, pastel"
15d7271e-5563-4cf3-98cf-06723915043e,watercolor paint,"paper, watercolor paint"
15dd96e5-b93c-4add-8dc5-47b744a6914c,"canvas, oil paint","canvas, oil paint"
15eca033-50a2-45e4-8400-d9caac5be64b,"canvas, oil paint",oil paint
15ed0869-814b-4dd9-a84b-437d8ebeb449,"oil paint, panel",canvas
1650bfc5-6e77-4d2b-b2a9-d45352918540,"oil paint, panel",fir panel
168533d2-a1c8-4123-a60e-246641ecbbf5,"canvas, oil paint","canvas, oil paint"
16a0fb0e-07d9-47d8-8b72-fa783a3e6f8c,"canvas, oil paint",oil paint
16ae0319-f4d9-454d-abc1-6621e3abff50,"oil paint, panel","oak panel, oil paint"
16ba0195-0a1a-47ba-a2ff-81327da7cd51,"oil paint, panel","oil paint, panel"
16cdbe05-ee91-4492-9bf2-ee12a6464d42,oil paint,oil paint
16e670ca-227a-44b4-b0fd-73856b3c2e6d,"canvas, oil paint","canvas, oil paint"
170e383d-a4ca-4c90-8ea3-9681fc6e4a43,"canvas, oil paint",oil paint
17179fdc-ba7e-419b-9ecb-063e18a15ab1,"canvas, oil paint","oil paint, panel"
1717de15-b934-4877-aedd-1e82273f9650,"canvas, oil paint","canvas, oil paint"
175878ad-e047-48bd-855f-b656a0efcdaa,"canvas, oil paint","oil paint, panel"
176fb162-e398-4c80-8969-2cf3d0e0f925,"canvas, oil paint","oil paint, panel"
177d6c86-a516-4fa7-9d0a-855a06a703fb,watercolor paint,"paper, pen"
17d28bc0-c874-4bbd-91d4-8e7540ec9294,"canvas, oil paint","canvas, oil paint"
1817d4f3-6e03-4a00-9e38-31ddd1c2736f,"canvas, oil paint","oil paint, panel"
181c71ef-ab07-4f55-94eb-498507a1fd8c,"canvas, oil paint","canvas, oil paint"
186f9c10-92e7-4d9e-b289-d5468107c5ec,"canvas, oil paint","oakwood, oil paint"
1879911b-cc13-4409-b39a-b9829a59fcee,"oil paint, panel","canvas, oil paint"
1888b5bc-e242-4879-9fab-57fdad8975fe,"canvas, oil paint","canvas, oil paint"
189c9585-d34b-4cf0-b463-dd6fd526510f,"canvas, oil paint","canvas, oil paint"
18a75592-4876-4740-b873-8b2f1db00a79,"oil paint, panel","canvas, oil paint"
18bad692-e7f2-45e4-bbae-3e2e91bc8196,"canvas, oil paint","canvas, oil paint"
18c3e7c9-015f-43fa-9b2a-88ffb3b7cc56,"oil paint, panel","oil paint, panel"
18ee6125-4a0a-4835-9e69-121914b67f14,"oil paint, panel","oak panel, oil paint"
18f7ddf8-b795-4071-9766-acc1672c82b2,"canvas, oil paint","canvas, oil paint"
193ac327-883d-4b70-9217-02349431c1c5,"panel, tempera","paint, poplar panel"
194b7b2e-1575-43e3-a5b5-139146b862c0,"canvas, oil paint","canvas, oil paint"
1951f880-aaa2-4647-acbe-d3a83b03d7e2,"canvas, oil paint",oil paint
195fafad-7423-487f-accd-c00328449836,"canvas, oil paint","canvas, oil paint"
19717202-5287-45ce-859d-00eb99d6a521,"oil paint, panel",oil paint
197cf0fe-e519-4b53-a0c7-c73e7008e66f,"canvas, oil paint","oil paint, panel"
199fe736-bacf-4cde-92a1-9136ff882a8b,oil paint,"oil paint, panel"
19e18d25-21e4-4e9c-b84c-50420a1795eb,"canvas, oil paint","canvas, oil paint"
1a2fd5e7-39af-4b9f-9f8e-d3630f59a184,"canvas, oil paint","canvas, oil paint"
1a7664d1-167a-478a-9909-2494511c428b,"oil paint, panel","oil paint, panel"
1abe9619-576c-44ba-b01f-d9916edfc304,"canvas, oil paint",oil paint
1ad216dd-7d40-4fb0-a893-f31860029b41,"canvas, oil paint","canvas, oil paint"
1ad95918-c348-4a0c-9afb-da772875ad09,"canvas, oil paint","cardboard, oil paint"
1b00871e-266d-4540-9d20-de4ac279c083,"canvas, oil paint","canvas, oil paint"
1bbf11ad-0e7c-4218-954c-e307d3340722,"canvas, oil paint","canvas, oil paint"
1be612ec-1a8d-43d9-b7ea-547acb993576,"canvas, oil paint","canvas, oil paint"
1c2f8d2e-2921-4c31-b243-e4eb156a5889,"canvas, oil paint","canvas, oil paint"
1c9aaf2c-ce74-4c44-bf07-484d1ade80ab,"canvas, oil paint","cardboard, oil paint"
1d235274-2ca9-494c-8fb1-32279c2e2346,"canvas, oil paint","canvas, oil paint"
1d35ce6f-e8e3-4c32-a26a-365269aef587,"canvas, oil paint","canvas, oil paint"
1dc9de9f-2791-4d58-ba1b-c082e02b0d0b,"canvas, oil paint","oil paint, panel"
1e3d34b2-f864-4dab-beda-c7636c823dde,"canvas, oil paint","canvas, oil paint"
1e5cce70-9b68-4624-8710-93de80b006e6,"canvas, oil paint","canvas, oil paint"
1e682188-2d21-4f30-abaf-8879a41c0618,"paper, pastel",pastel
1e9ff2f3-ddde-4a2c-9318-31da1790f27b,"canvas, oil paint","canvas, oil paint"
1f2ed4e1-4718-44e5-a3f7-d357242c91e0,"canvas, oil paint","canvas, oil paint"
1f96fe29-9e79-4168-954b-c40904fb316b,"canvas, oil paint","canvas, oil paint"
1fc8afa5-6e97-4683-b717-183404d9a5ab,"canvas, oil paint","canvas, oil paint"
1ff06d9f-e9ba-4179-9648-bd13e7b70cef,"canvas, oil paint","oil paint, wood"
1ffc3e29-fc67-4639-90f3-d6b6b3e9328d,"canvas, oil paint","paper, pastel"
204e60c1-187c-4135-8039-dbae43dd0bfc,"canvas, oil paint",oil paint
20545c6d-db06-4b06-891f-5cbd8ef85198,"canvas, oil paint","oak panel, oil paint"
20765aee-cdbb-4113-ae52-38f22560f342,"canvas, oil paint","canvas, oil paint"
2109e5b9-2a7d-4793-81e7-4315728041d3,"canvas, oil paint","canvas, oil paint"
212f997e-c3e0-4be3-863f-ce5c78c1e1cc,"oil paint, panel","canvas, oil paint"
21730710-69fc-41ed-8b45-c5b5f2bc0a86,"canvas, oil paint","canvas, oil paint"
21b4ec2b-e4fd-49c9-948b-59dd41ae91de,"canvas, oil paint","canvas, oil paint"
224b0c28-47ac-473d-8f63-2da27c47125d,"canvas, oil paint","oil paint, panel"
2258287c-5bbe-4e90-87b0-27fd14b1d3f0,"canvas, oil paint","canvas, oil paint"
22830106-6679-4cf8-a76e-3d56f455fa42,"canvas, oil paint","canvas, oil paint"
22d7a76e-0635-4042-828e-87a556a52e4c,"canvas, oil paint","canvas, oil paint"
23baa831-a279-48dc-a6df-aeb92ead6233,"canvas, oil paint","canvas, oil paint"
23ceccc1-ba58-44f0-92ce-5877adff3acf,"canvas, oil paint","canvas, oil paint"
240976d0-b76a-449b-ac3e-d699afb86abd,"canvas, oil paint","canvas, oil paint"
2446870e-38eb-4265-9dc0-897c32a91bbd,"canvas, oil paint","canvas, oil paint"
24928011-18a2-45cd-bff7-4662f10eacef,"oil paint, panel","canvas, oil paint"
24eb65e6-c7d0-42b5-8d25-3d438981acbf,"canvas, oil paint","parchment, watercolor paint"
2505e2f1-8fbe-4447-9c2c-974f4ebcba5e,"canvas, oil paint","canvas, oil paint"
25749705-1e59-42d6-9da2-030b699549d2,"paper, pastel","parchment, pastel"
2578f269-7ecf-4452-8e8f-4eb7c319ca9f,"canvas, oil paint","canvas, oil paint"
25ac36f7-770a-44f7-b806-ee51a679b55b,"canvas, oil paint","canvas, oil paint"
2600829d-4dd5-4bc6-968d-a1711eb566dc,"canvas, oil paint","canvas, oil paint"
26288888-8c93-40a5-a484-8a15c9c1b39c,"canvas, oil paint","canvas, oil paint"
266619d8-2532-4fed-9f4d-f8bb5186c680,"canvas, oil paint","oil paint, panel"
26a2f97e-27e3-40dd-8795-564bc0ddd666,"canvas, oil paint","canvas, oil paint"
26e23b7b-4ac5-4858-b210-5dc586cae962,"canvas, oil paint","canvas, oil paint"
2705767e-d2be-4cfc-8ab0-dadb6b02c565,"canvas, oil paint","canvas, oil paint"
27cd8d80-1094-4678-93f0-f90c785dd89d,"canvas, oil paint","canvas, oil paint"
27ea2f66-272e-4eaf-9601-484d9d826da8,"canvas, oil paint","canvas, oil paint"
2828ee98-487b-4da8-8b16-86f6f29e127e,"canvas, oil paint","canvas, oil paint"
284c3c0b-f58d-419a-839c-2c1df83ea76b,"canvas, oil paint","canvas, oil paint"
286caa2f-1569-4417-bddb-b10fa9c5e010,"canvas, oil paint","canvas, oil paint"
28a9932a-c4e7-475b-8953-b8b164675e4d,"oil paint, panel","copper sheet, oil paint"
28c7533c-220f-479b-983c-c436bc98b500,"canvas, oil paint","canvas, oil paint"
28d63d65-4a0b-44fc-822a-6ade3d42728c,"canvas, oil paint",card stock
28d899ba-9f1d-486a-8105-0ca0db01705b,"canvas, oil paint","canvas, oil paint"
29637cde-5ae4-41a5-a3c6-47a8b662383e,"canvas, oil paint","oil paint, panel"
29c72bd1-d8b3-4e5b-9d9e-2ad840bdeb95,"canvas, oil paint","canvas, oil paint"
29d8c19c-e687-480d-a0b8-f8a34ba65984,"canvas, oil paint","canvas, oil paint"
2abda9f3-a3e9-4b82-b341-e4bb976b2db7,"canvas, oil paint","oil paint, panel"
2ad195de-01e4-401e-971b-2455048e05ba,"canvas, oil paint","canvas, oil paint"
2b4d058c-d9b6-4910-9796-0d839ecba542,"canvas, oil paint","canvas, oil paint"
2b80ff58-7428-4d47-99cb-98132efc497c,"canvas, oil paint",oil paint
2bb3ba2d-54eb-4f28-bb5f-ce790dd6ef11,"canvas, oil paint","canvas, oil paint"
2bdca103-7021-4bb6-a9ee-96a4ca5ef2a0,"canvas, oil paint","canvas, oil paint"
2c17a3d0-be1c-4c58-98b2-9e12d18cbecd,"canvas, oil paint","canvas, oil paint"
2c5bc880-bd7a-4fc1-8d90-68a9459bb900,"canvas, oil paint","canvas, oil paint"
2cd58970-b73c-441e-b611-5dcae8dd8f10,"canvas, oil paint","canvas, oil paint"
2d0c80fd-42f2-4cd0-bcc7-1dc665ffa008,"canvas, oil paint","canvas, oil paint"
2d3ebc8d-6ebf-4473-87e2-35d127190f0d,"canvas, oil paint","canvas, oil paint"
2dac99ea-a2b4-4a40-a6bc-4b69a5e9c247,"canvas, oil paint","canvas, oil paint"
2dc4051c-8a1b-45f6-9c7c-8fb3d94d1582,"canvas, oil paint","canvas, oil paint"
2e767379-eb46-4186-8342-7b47ad34aa75,"canvas, oil paint","paper, pastel"
2ea0a803-e4c2-45fd-839e-99a261b4af4b,"canvas, oil paint","canvas, oil paint"
2f1b07fb-424b-4539-a4be-ec747c5928a6,"canvas, oil paint","canvas, oil paint"
2f424aca-fb5b-49b7-a873-3ffddf6b7460,"canvas, oil paint","canvas, oil paint"
2f5f19e9-f82e-4ad5-ba6a-11e13a30fcb4,"canvas, oil paint","canvas, oil paint"
2fa40747-5c82-4ce8-b288-71d49be9452a,"canvas, oil paint","canvas, oil paint"
2fc3ae53-6eca-4743-a821-5077d1f7a3f4,"canvas, oil paint","canvas, oil paint"
2fd41878-da37-499f-ba4d-17a28b2b2c12,"canvas, oil paint","canvas, oil paint"
30215224-42a1-4d51-ae2d-10e3defbc5ce,"canvas, oil paint","canvas, oil paint"
305df56a-50bf-4f00-8bda-0b0a9072d505,"oil paint, panel","canvas, oil paint"
3126dadf-8033-44d9-b5af-29edf71c3117,watercolor paint,"vellum, watercolor paint"
317b2c93-1ccc-4e8e-99c8-354734ec2f4c,"canvas, oil paint","canvas, oil paint"
31bd7aa1-7f08-489a-8de2-2cf6e917937d,"canvas, oil paint","canvas, oil paint"
321c3f7d-bb35-4bf6-a58e-0a062f8fc735,"canvas, oil paint","canvas, oil paint"
324d646f-a984-438f-ad0a-e963ea027fc1,"canvas, oil paint","canvas, oil paint"
32573b92-f305-4ed4-b72e-047dbcbfd1d0,"oil paint, panel","canvas, oil paint"
327c4443-f1df-4e5f-b79f-b2dc41505922,"canvas, oil paint","canvas, oil paint"
329f5d75-b4bf-4877-b6a0-61c0ab00a132,"canvas, oil paint","canvas, oil paint"
32e9459d-b39d-40cc-842c-34256f135ef3,"canvas, oil paint","canvas, oil paint"
33009adb-2202-49f0-a5ed-f05509cffd66,"canvas, oil paint","canvas, oil paint"
330c59d1-432c-43f5-b128-a6b38333f6c0,"canvas, oil paint","canvas, oil paint"
332dd1c3-daeb-4054-86c3-25cb2434d798,"canvas, oil paint","canvas, oil paint"
335e979b-14c9-4807-97bc-bdae39f844a4,"oil paint, panel","gold, vellum, watercolor paint"
33c26c51-00cb-4446-8e04-4f40f56c3810,"canvas, oil paint","canvas, paper, pastel"
340c2717-250d-4230-9d38-4fcb85d16bb1,"ivory, gouache","porcelain, vitreous enamel"
343b6373-4c2a-4b70-bcb2-a88b1b5d64bb,"canvas, oil paint","canvas, oil paint"
34eb0f41-0bd7-4650-93f4-8b850f3acbb3,watercolor paint,watercolor paint
350d1ab9-1dff-4112-a026-cbc8150ace9c,"canvas, oil paint","canvas, oil paint"
35810ad8-6863-422a-a104-13d412a07090,"canvas, oil paint","canvas, oil paint"
