gt,pred,similarity_score,exact_match,meteor,bleu,rouge1,rouge2,rougeL
Jerome,"Christ, Crucifixion, tree",0.5684913992881775,0.0,0.0,0.0,0.0,0.0,0.0
"Grand Canal, San Simeone Piccolo","Venice, boat, canal, gondola, man, woman",0.9143523573875427,0.0,0.09803921568627452,0.040824829046386304,0.1818181818181818,0.0,0.1818181818181818
"boat, house, tree","castle, river, town",0.9436885118484497,0.0,0.0,0.0,0.0,0.0,0.0
"Christ Child, Mary, boy, mother, woman","Mary, child, angel, throne",0.9149301648139954,0.0,0.17241379310344826,0.05795053470733952,0.4,0.0,0.2
"Christ, infant, man, woman","Christ Child, Mary, Jesus Christ, Saint Joseph, baby",0.8731937408447266,0.0,0.11363636363636363,0.02777619034011792,0.16666666666666666,0.0,0.16666666666666666
Marg Moll,woman,-0.13477756083011627,0.0,0.0,0.0,0.0,0.0,0.0
windmill,windmill,1.0,1.0,0.5,0.1778279410038923,1.0,0.0,1.0
"boy, landscape painting, man","man, woman",0.8885267972946167,0.0,0.13157894736842105,0.05501080739920602,0.3333333333333333,0.0,0.3333333333333333
"book, man",man,0.33464086055755615,0.0,0.2631578947368421,0.06541924356118012,0.6666666666666666,0.0,0.6666666666666666
"Marie-Hortense Fiquet, woman",woman,-0.2586367130279541,0.0,0.17857142857142855,0.024066394763145416,0.5,0.0,0.5
"landscape painting, mountain",village,-0.038661133497953415,0.0,0.0,0.0,0.0,0.0,0.0
Jesus Christ,"Jesus Christ, Mary Magdalene",0.8701693415641785,0.0,0.8522727272727273,0.16990442448471224,0.6666666666666666,0.5,0.6666666666666666
"boat, tree","boat, cow, man, river, sailing ship, water",0.8782926797866821,0.0,0.2,0.033031643180138064,0.22222222222222224,0.0,0.22222222222222224
Eva Olivecrantz,woman,-0.20857450366020203,0.0,0.0,0.0,0.0,0.0,0.0
"Marie-Hortense Fiquet, backrest, brown hair, chair, dress, part, sitting, waist-length hair, woman",woman,-0.3142329454421997,0.0,0.04587155963302752,2.9700290627924664e-06,0.15384615384615385,0.0,0.15384615384615385
"landscape, path, poplar","Cézanne, Cypresses, garden, landscape, path, tree",0.934644341468811,0.0,0.5681818181818182,0.08633400213704504,0.4,0.25,0.4
"shipwrecking, storm",shipwreck,0.8667483925819397,0.0,0.2631578947368421,0.0,0.6666666666666666,0.0,0.6666666666666666
"Christ Child, Madonna and Child, Mary, curtain, landscape, mountain","Christ Child, Mary",0.8660218119621277,0.0,0.3042328042328042,0.04279677428117006,0.5,0.4,0.5
"Bubalus, animal bite, blood, body of water, buffalo, combat, plant, reed, shore, stripe, swamp, tiger, tiger attack","Buffalo, Tiger",0.8058542609214783,0.0,0.06451612903225806,9.835385474482388e-05,0.21052631578947367,0.0,0.21052631578947367
"White people, dance, girl, woman","child, mother",0.8846429586410522,0.0,0.0,0.0,0.0,0.0,0.0
"Christ Child, Mary, boy, woman","Christ Child, Mary",0.9069821238517761,0.0,0.6134259259259259,0.288715663092199,0.7499999999999999,0.6666666666666666,0.7499999999999999
"Jesus Christ, John the Evangelist, Joseph of Arimathea, Mary, Mary Magdalene, Mary of Clopas, Nicodemus, Salome, tomb","Jesus Christ, Mary Magdalene, Pilate",0.8792802691459656,0.0,0.19976265822784808,0.01457707635624149,0.3636363636363636,0.2,0.3636363636363636
fruit,lemon,0.8077788352966309,0.0,0.0,0.0,0.0,0.0,0.0
tree,"ice skating, horse, man, woman",0.47053009271621704,0.0,0.0,0.0,0.0,0.0,0.0
"Haïk, battlement, broad-leaved tree, city, cloud, cupola, garden, man, merlon, minaret, rampart, roof, sky, tower, wall, woman","Al-Qasr, Al-Qasr, Al-Qasr, Al-Qasr, Al-Qasr, Al-Qas",0.605358898639679,0.0,0.0,0.0,0.0,0.0,0.0
Willem Coymans,man,0.21182243525981903,0.0,0.0,0.0,0.0,0.0,0.0
"Christ, Jesus Christ, John the Evangelist, Lamentation of Christ, Mary, Mary Magdalene, bone, cloth, death, hammer, pliers, sadness, skull, suffering, tree","Christ, Mary Magdalene, Jesus Christ, man",0.8968414664268494,0.0,0.19076923076923075,0.011727649686984937,0.37037037037037035,0.24,0.22222222222222224
Jesus Christ,"Jesus Christ, woman",0.9187218546867371,0.0,0.8928571428571429,0.24028114141347542,0.8,0.6666666666666666,0.8
Dutch Civic Guard,"16th-century, 17th-century, 18th-century, 19th-century, 20th",0.40221840143203735,0.0,0.0,0.0,0.0,0.0,0.0
"Christ Child, Mary, boy, woman","Christ Child, Joseph, Mary, baby Jesus",0.8614548444747925,0.0,0.5010893246187365,0.09554427922043669,0.5454545454545454,0.22222222222222224,0.5454545454545454
Rouen Cathedral,Rouen Cathedral,0.9999998807907104,1.0,0.9375,0.316227766016838,1.0,1.0,1.0
picnic,"picnic, river, tree",0.5754919052124023,0.0,0.4166666666666667,0.11362193664674995,0.5,0.0,0.5
"Christ, Jesus Christ, John the Evangelist, Lamentation of Christ, Mary, Mary Magdalene, saint","Jesus Christ, Mary Magdalene, Mary of Magdala, Mary of Bethany, Mary of Jerusalem, Mary of Salome,",0.9191005825996399,0.0,0.22556390977443608,0.04505546423412899,0.41379310344827586,0.22222222222222224,0.3448275862068966
"Volckera Knobbert, diadem cap, millstone collar",woman,-0.2823678255081177,0.0,0.0,0.0,0.0,0.0,0.0
woman,woman,0.9999998807907104,1.0,0.5,0.1778279410038923,1.0,0.0,1.0
"beard, hat, moustache",man,0.2920093536376953,0.0,0.0,0.0,0.0,0.0,0.0
girl,child,0.6124427914619446,0.0,0.0,0.0,0.0,0.0,0.0
"Beek stream in Haarlem, Grote Kerk, Oude Groenmarkt, Vleeshal, horse, man, sled, tower","Church of Saint John the Baptist, Amsterdam, tree",0.6896680593490601,0.0,0.0,0.0,0.0,0.0,0.0
"Doge of Venice, Harlequin, Henry I of Lorraine, Indigenous peoples of the Americas, Pierrot, Scapino, agony, blood, bois de Boulogne, broad-leaved tree, carriage, disguise, duel, duke of Guise, fog, glade, kneeling, major trauma, masquerade ball, medicine, morning, sky, snow, standing, sword, walking, winter",woman,-0.29396456480026245,0.0,0.0,0.0,0.0,0.0,0.0
"Baucis, Hermes, Jupiter, Philemon","man, woman",0.7367855906486511,0.0,0.0,0.0,0.0,0.0,0.0
"John of Capistrano, Louis of Toulouse",Saint Francis of Assisi,0.5243026614189148,0.0,0.08620689655172413,0.04873039689743777,0.2,0.0,0.2
"Eggedal, house","house, landscape",0.8555684685707092,0.0,0.25,0.1495348781221221,0.5,0.0,0.5
Matterhorn,Matterhorn,1.0000001192092896,1.0,0.5,0.1778279410038923,1.0,0.0,1.0
René Moreau de Maupertuis,"Anna Maria of Austria, Maria Theresa of Austria, Maria Theresa of Austria, Maria Theresa of Austria, Maria Theresa of Austria, Maria Theresa of",0.7367392182350159,0.0,0.0,0.0,0.0,0.0,0.0
"Venetian Arsenal, Venice","Venice, bridge, clock tower, gondola, man, ship, tower",0.8277860879898071,0.0,0.14285714285714288,0.02777619034011792,0.18181818181818182,0.0,0.18181818181818182
"chicken, street, woman",street,0.21816271543502808,0.0,0.17857142857142855,0.024066394763145416,0.5,0.0,0.5
bouquet,flower,0.9845799207687378,0.0,0.0,0.0,0.0,0.0,0.0
tree,market,0.4711052477359772,0.0,0.0,0.0,0.0,0.0,0.0
"landscape painting, tree",tree,0.606836199760437,0.0,0.17857142857142855,0.024066394763145416,0.5,0.0,0.5
"coast, rock, sea","sea, shore",0.901427686214447,0.0,0.17241379310344826,0.09069748827745895,0.4,0.0,0.4
"Venice, courtyard","building, man, woman",0.7598103284835815,0.0,0.0,0.0,0.0,0.0,0.0
"Christ Child, angel, musician, oboe, thurible","Christ Child, angel, angel Gabriel, angel Michael, angel Raphael, angel Raphael, angel Raphael, angel Raphael, angel Raphael, angel Raphael",0.7293729782104492,0.0,0.35007610350076107,0.05039518688486959,0.23999999999999996,0.1739130434782609,0.23999999999999996
"Christ Child, Mary","Mary, child",0.8784821033477783,0.0,0.3448275862068965,0.10785809837243004,0.8,0.0,0.4
wind wave,"sea, sky",0.9045684933662415,0.0,0.0,0.0,0.0,0.0,0.0
"1795–1820 clothing, Charles IV of Spain, man","dog, man, rifle, soldier",0.832541823387146,0.0,0.07462686567164178,0.037951271263104894,0.18181818181818182,0.0,0.18181818181818182
"child, gaze towards the viewer, girl, headgear, necklace, red hair, rosacea, shirt, smile, waist-length hair, wall, window, window sill","girl, window",0.8254449367523193,0.0,0.05780346820809248,3.6182361120583015e-05,0.1904761904761905,0.0,0.1904761904761905
"Biblical Magi, Christ Child, Mary, adoration, boy, woman",Adoration of the Magi,0.8470687866210938,0.0,0.13157894736842105,0.0351487760467425,0.3333333333333333,0.0,0.16666666666666666
Tower of Babel,Tower of Babel,0.9999998807907104,1.0,0.9814814814814815,0.5623413251903491,1.0,1.0,1.0
"Charlotte Berend-Corinth, woman",Carmen Miranda,0.6869122385978699,0.0,0.0,0.0,0.0,0.0,0.0
"chair, mestizo, shawl, washing, woman",woman,-0.23216211795806885,0.0,0.10869565217391304,0.003257032351754417,0.33333333333333337,0.0,0.33333333333333337
Bartolomeo Panciatichi,man,0.1472640037536621,0.0,0.0,0.0,0.0,0.0,0.0
horse,horse,1.0,1.0,0.5,0.1778279410038923,1.0,0.0,1.0
"Charon, Cupressus, barque, cloud, corpse, cove, evening, island, oar, shroud, sky, sunset","Cypresses, island, man, night, sea, sky",0.9315882921218872,0.0,0.08771929824561403,0.01786024416690236,0.2222222222222222,0.0,0.2222222222222222
Jakob Muffel,man,0.2375982403755188,0.0,0.0,0.0,0.0,0.0,0.0
"Gotland, Visby","beach, cliff, sea",0.8737654685974121,0.0,0.0,0.0,0.0,0.0,0.0
William III of England,George I,0.8514376282691956,0.0,0.0,0.0,0.0,0.0,0.0
"Charles VII of France, man",man,0.03743539750576019,0.0,0.10869565217391304,0.003257032351754417,0.33333333333333337,0.0,0.33333333333333337
"landscape painting, tree, woman",woman,-0.18584640324115753,0.0,0.13513513513513511,0.008853531856477262,0.4,0.0,0.4
"Manaò tupapaú, Paul Gauguin, art of painting, hat, man, musician, painter",Paul Gauguin,0.8188860416412354,0.0,0.18564356435643564,0.0035129731579771513,0.3076923076923077,0.18181818181818182,0.3076923076923077
"Jesus Christ, John the Baptist","Christ, John the Baptist, angel, man",0.7828197479248047,0.0,0.778186274509804,0.5081327481546147,0.7272727272727272,0.6666666666666665,0.7272727272727272
"man, musician",man,0.37010136246681213,0.0,0.2631578947368421,0.06541924356118012,0.6666666666666666,0.0,0.6666666666666666
"Frederick Henry of Orange-Nassau, Maurice of Nassau, horse","horse, man",0.7778022289276123,0.0,0.06756756756756756,0.007444903200446295,0.2,0.0,0.2
"Dutch Civic Guard, Nicolaes van Bambeeck","Amsterdam, guard, man, soldier, spear",0.7630685567855835,0.0,0.0847457627118644,0.0439891724758422,0.1818181818181818,0.0,0.1818181818181818
man,man,0.9999998807907104,1.0,0.5,0.1778279410038923,1.0,0.0,1.0
"Ecce Homo, Jesus Christ",market,-0.2150726616382599,0.0,0.0,0.0,0.0,0.0,0.0
"chestnut hair, chignon, dress, hat, hatmaking, sitting, stool, woman",woman,-0.24037928879261017,0.0,0.06097560975609756,5.965462840365855e-05,0.19999999999999998,0.0,0.19999999999999998
"Joannes Woverius, Justus Lipsius, Peter Paul Rubens, Philip Rubens, Seneca, bust, gaze towards the viewer, man","Jan van der Heyden, Jan van der Heyden, Jan van der Heyden, Jan van der Heyden, Jan van der Hey",0.6258313655853271,0.0,0.0,0.0,0.0,0.0,0.0
woman,woman,0.9999998807907104,1.0,0.5,0.1778279410038923,1.0,0.0,1.0
"Christ Child, Jerome, Mary, boy, mother, woman","Christ Child, Mary, Joseph",0.894263744354248,0.0,0.3814262023217247,0.08881915596542085,0.5454545454545454,0.2222222222222222,0.5454545454545454
"Argenteuil, Seine, landscape, sailing ship","bridge, boat, sailboat, sail, sky, water",0.8558821082115173,0.0,0.09803921568627452,0.0,0.1818181818181818,0.0,0.1818181818181818
Eva Bonnier,woman,-0.08873771876096725,0.0,0.0,0.0,0.0,0.0,0.0
"Catholic priest, altar server, book, corpse",Saint John the Baptist,0.5006320476531982,0.0,0.0,0.0,0.0,0.0,0.0
"fruit, grape, pomegranate, wine glass","grape, pomegranate",0.8681986331939697,0.0,0.39893617021276595,0.07055995207471726,0.5714285714285715,0.4,0.5714285714285715
man,man,0.9999998807907104,1.0,0.5,0.1778279410038923,1.0,0.0,1.0
Europa,Venus,0.2204819619655609,0.0,0.0,0.0,0.0,0.0,0.0
"Thorvald Bindesbøll, painting, table, vase",Carl Moll,0.7904964685440063,0.0,0.0,0.0,0.0,0.0,0.0
"beard, man, ruff",man,0.11329682171344757,0.0,0.17857142857142855,0.024066394763145416,0.5,0.0,0.5
"Western concert flute, broad-leaved tree, cloud, dance, herder, herma, man, mons pubis, nymph, putto, rural area, sitting, sky, woman","Adam and Eve, Eve, tree",0.8751301169395447,0.0,0.028409090909090908,0.003267233242468289,0.08333333333333333,0.0,0.08333333333333333
Eastman Johnson,John Henry Carr,0.7464699745178223,0.0,0.0,0.0,0.0,0.0,0.0
"St. Peters Flood, Watergraafsmeer, Zeeburg dike, levee, levee breach","boat, cliff, fishing, man, sea, sky, ship, tower",0.9000966548919678,0.0,0.0,0.0,0.0,0.0,0.0
flower,"basket, flower, fruit, grape, tulip",0.6404551267623901,0.0,0.35714285714285715,0.05372849659117709,0.33333333333333337,0.0,0.33333333333333337
"1795–1820 clothing, woman",Anna of Russia,0.882757842540741,0.0,0.0,0.0,0.0,0.0,0.0
"California, Donner Lake","mountain, road, valley",0.8793908357620239,0.0,0.0,0.0,0.0,0.0,0.0
"gaze towards the viewer, hat, necklace, pearl, woman",Anna of Austria,0.872016429901123,0.0,0.0,0.0,0.0,0.0,0.0
"nymph, satyr, sexual assault","Venus, man, woman",0.8857874870300293,0.0,0.0,0.0,0.0,0.0,0.0
iceberg,"iceberg, ship, sea, sky",0.8170809149742126,0.0,0.3846153846153847,0.08034284189446518,0.4,0.0,0.4
"Pablo Picasso, man","Picasso, woman",0.8996766805648804,0.0,0.17241379310344826,0.09069748827745895,0.4,0.0,0.4
"Medusa, Tadeusz Błotnicki",Joseph Stalin,0.6736446022987366,0.0,0.0,0.0,0.0,0.0,0.0
mountain,landscape,0.9231433868408203,0.0,0.0,0.0,0.0,0.0,0.0
"Francis of Assisi, John the Baptist","Christ, Francis of Assisi, lamb, man, monk",0.8308980464935303,0.0,0.4826958105646631,0.16348126556655487,0.4615384615384615,0.3636363636363636,0.4615384615384615
"girl, headscarf, rose, shawl, sitting, sky, smile",girl,-0.04681704565882683,0.0,0.078125,0.0004407913958354948,0.25,0.0,0.25
"Francis of Assisi, John the Baptist, Madonna and Child, Saint Lucy, Zenobius of Florence","Christ Child, Mary, Saint Francis of Assisi, Saint John the Baptist, Saint Peter",0.9176585078239441,0.0,0.45413669064748197,0.12867921557157555,0.5925925925925927,0.32,0.5185185185185186
"Worthington Whittredge, man, portrait",man,0.08404698222875595,0.0,0.13513513513513511,0.008853531856477262,0.4,0.0,0.4
"Bernardino of Siena, Donatus of Arezzo, Martin of Tours, beggar","Saint Martin of Tours, Saint Peter the Apostle, Saint Peter the Martyr, Saint Stephen, Saint Ursula",0.8507541418075562,0.0,0.27777777777777773,0.06087895024805787,0.23076923076923075,0.16666666666666669,0.23076923076923075
man,man,0.9999998807907104,1.0,0.5,0.1778279410038923,1.0,0.0,1.0
"Consuelo Vanderbilt, Lord Ivor Spencer-Churchill, boy, mother, portrait, woman",woman,-0.2700282633304596,0.0,0.06097560975609756,5.965462840365855e-05,0.19999999999999998,0.0,0.19999999999999998
"Park of Versailles, garden, statue, tree","Jardin des Tuileries, tree",0.8650850057601929,0.0,0.08620689655172413,0.04873039689743777,0.2,0.0,0.2
"Saint Nicholas, man, saint",Saint Stephen,0.8753543496131897,0.0,0.13157894736842105,0.05501080739920602,0.3333333333333333,0.0,0.3333333333333333
Charles IV of Spain,Charles IV of Spain,1.0,1.0,0.9921875,1.0,1.0,1.0,1.0
"Heracles, Nautilus, dog","Hercules, dog",0.8378912806510925,0.0,0.17241379310344826,0.09069748827745895,0.4,0.0,0.4
"Salo Pute, broad-leaved tree, cloud, corpse, horse, raven, sword, torch, woman","horse, man, woman",0.8726889491081238,0.0,0.09803921568627451,0.009388605004877648,0.28571428571428575,0.0,0.28571428571428575
"White people, man, portrait",man,0.15318992733955383,0.0,0.13513513513513511,0.008853531856477262,0.4,0.0,0.4
man,man,0.9999998807907104,1.0,0.5,0.1778279410038923,1.0,0.0,1.0
Saint Peter,Joseph,0.3475745916366577,0.0,0.0,0.0,0.0,0.0,0.0
"cattle, forest","forest, horse, road, tree",0.8727409839630127,0.0,0.22727272727272727,0.08034284189446518,0.3333333333333333,0.0,0.3333333333333333
"Bretons, Brittany, apron, coif, dress, field, house, landscape, peasant, rural area, sky, tree, woman",woman,-0.2794828414916992,0.0,0.03937007874015748,4.0194972443398975e-07,0.13333333333333333,0.0,0.13333333333333333
horse,"Charles I of England, horse",-0.13481077551841736,0.0,0.35714285714285715,0.05372849659117709,0.33333333333333337,0.0,0.33333333333333337
George Catlin,man,0.23250840604305267,0.0,0.0,0.0,0.0,0.0,0.0
"Canis lupus, Faustulus, Remus, Romulus, herder, infant","Christ Child, John the Baptist, Mary, Saint John the Evangelist, Saint John the Baptist, woman",0.7431373000144958,0.0,0.0,0.0,0.0,0.0,0.0
Charley Toorop,"garden, tree",0.8288003206253052,0.0,0.0,0.0,0.0,0.0,0.0
Samson,"lion, man",0.6319928169250488,0.0,0.0,0.0,0.0,0.0,0.0
"Mary Magdalene, waist-length hair, woman",Saint John the Evangelist,0.48025286197662354,0.0,0.0,0.0,0.0,0.0,0.0
"France, Mardi Gras, boulevard Montmartre, parade, street","Paris, street",0.7615845799446106,0.0,0.07692307692307691,0.012274570264879268,0.22222222222222224,0.0,0.22222222222222224
flower,Celosia argentea,0.6629621982574463,0.0,0.0,0.0,0.0,0.0,0.0
"Bartholomew the Apostle, Christ Child, John the Baptist, Mary, barefoot, beard, book, boy, crucifix, hermit, knife, man, mother, platform, sitting, standing, woman","Christ Child, Mary, John the Baptist, Saint John the Evangelist, Saint Luke the Evangelist",0.8068971633911133,0.0,0.22622256449749711,0.05460409562148299,0.3888888888888889,0.17647058823529413,0.2777777777777778
Theo Mann-Bouwmeester,Princess Marie of Denmark,0.6676217913627625,0.0,0.0,0.0,0.0,0.0,0.0
"Judith, White people, shawl, sword, turban",Judith,-0.27322718501091003,0.0,0.0909090909090909,0.0011981952414407235,0.2857142857142857,0.0,0.2857142857142857
man,man,0.9999998807907104,1.0,0.5,0.1778279410038923,1.0,0.0,1.0
"Apollo, Ceres","Eurydice, Hades, Persephone, Pluto, woman",0.734127938747406,0.0,0.0,0.0,0.0,0.0,0.0
"Adonis, Aphrodite, Venus, areola, blond hair, broad-leaved tree, brown, brown hair, chignon, cloud, collar, couple, dagger, eye contact, female breast, hug, hunting dog, lovers embrace, nipple, parforce horn, part, rural area, sitting, sky, spear, toplessness, tree, trunk, waist-length hair, woman","Diana, Hestia, Apollo, Artemis, Apollo and Artemis, Diana and Hestia, Hestia and Apollo,",0.7723592519760132,0.0,0.0,0.0,0.0,0.0,0.0
"Bruges, Giovanna Cenami, bed, bedroom, chandelier, coif, couple, dog, dress, hat, marriage, mirror, standing, window, woman","Jan van Eyck, woman",0.8170164823532104,0.0,0.03378378378378378,0.004000034562268221,0.1,0.0,0.1
"John Gell, man, portrait","John Jervis, 1st Earl of St Vincent",0.7103055715560913,0.0,0.11627906976744187,0.033031643180138064,0.18181818181818182,0.0,0.18181818181818182
"Louveciennes, house, landscape, snow, winter",church,-0.2028561681509018,0.0,0.0,0.0,0.0,0.0,0.0
"Catherine of Siena, Christ Child, Francis of Assisi, Madonna and Child, Mary","Christ Child, Mary, Saint John the Baptist",0.8934995532035828,0.0,0.2222222222222222,0.045004676767961084,0.3157894736842105,0.23529411764705885,0.3157894736842105
"cloud, house, lake, tree",landscape,-0.12937778234481812,0.0,0.0,0.0,0.0,0.0,0.0
Johannes Bosboom,Charles de Gaulle,0.5652837157249451,0.0,0.0,0.0,0.0,0.0,0.0
Christ Child,"Christ Child, Joseph, Mary, Three Wise Men",0.7980548739433289,0.0,0.75,0.06985342056580097,0.4444444444444445,0.2857142857142857,0.4444444444444445
"book, hourglass, human skull, inkwell, oil lamp, playing card, quill, seal, sheet music, table, tablecloth, violin","book, clock, inkwell, skull, violin",0.9143388867378235,0.0,0.1342281879194631,0.008419219380660595,0.38095238095238093,0.0,0.2857142857142857
"church building, human figure","Amsterdam, Amsterdam Cathedral, Amsterdam Cathedral, Amsterdam Cathedral, Amsterdam Cathedral, Amsterdam Cathedral, Amsterdam Cathedral, Amsterdam Cathedral, Amsterdam Cathedral, Amsterdam Cathedral",0.5379932522773743,0.0,0.0,0.0,0.0,0.0,0.0
Jacobus Scheltema,Carl Adolph von Schwerin,0.8684604167938232,0.0,0.0,0.0,0.0,0.0,0.0
Epsom Derby,horse racing,0.7884313464164734,0.0,0.0,0.0,0.0,0.0,0.0
"Cupid, Venus",Venus,0.0018670298159122467,0.0,0.2631578947368421,0.06541924356118012,0.6666666666666666,0.0,0.6666666666666666
"back, blanket, bracelet, brasero, buttocks, carpet, chestnut hair, chignon, cushion, dimples of Venus, drapery, fruit, half reclining, hip, nudity, odalisque, smoke, tray, waist, waist-length hair, wall, woman",woman,-0.3176139295101166,0.0,0.020491803278688523,9.085387822660784e-13,0.07142857142857142,0.0,0.07142857142857142
Yosemite Valley,Yosemite Valley,1.0000001192092896,1.0,0.9375,0.316227766016838,1.0,1.0,1.0
"Port-Villez, Seine, landscape, tree",river,-0.23026655614376068,0.0,0.0,0.0,0.0,0.0,0.0
Moses,"Christ Child, Mary, angel, woman",0.45754703879356384,0.0,0.0,0.0,0.0,0.0,0.0
"Yves Elisabeth Morisot, interior, portrait, woman",woman,-0.17934003472328186,0.0,0.0909090909090909,0.0011981952414407235,0.2857142857142857,0.0,0.2857142857142857
Giant Mountains,"mountain, mist",0.9199084639549255,0.0,0.25,0.0,0.5,0.0,0.5
"Cleopatra, agony, areola, aspic viper, dress, décolletage, earring, eyebrow, female breast, nipple, nostril, pearl, shirt, snakebite, suicide, toplessness, waist-length hair, woman",Mary,0.2157622128725052,0.0,0.0,0.0,0.0,0.0,0.0
"Veronika Heiss, woman",woman,-0.1798122525215149,0.0,0.17857142857142855,0.024066394763145416,0.5,0.0,0.5
"Child Saint John, Christ, Holy Family, John the Baptist, Mary, dove","Christ Child, Mary, Joseph, angel, cherub, child, mother",0.8966887593269348,0.0,0.18691588785046728,0.025124218547395095,0.3157894736842105,0.0,0.2105263157894737
"flower, portrait, woman",woman,-0.1434604674577713,0.0,0.17857142857142855,0.024066394763145416,0.5,0.0,0.5
"bird, domestic duck, duck, grass, rural area, waterhole","duck, grass",0.8864392042160034,0.0,0.25337837837837834,0.015744053406497194,0.4,0.25,0.4
"Christ Child, Madonna and Child, Mary, boy, mother, woman","Christ Child, Mary, child",0.9255712628364563,0.0,0.3713235294117647,0.06884169961000239,0.6153846153846153,0.36363636363636365,0.46153846153846156
"Achilles, Odysseus, helmet, transvestism","Bacchus, Dionysus, woman",0.8100917339324951,0.0,0.0,0.0,0.0,0.0,0.0
"Christ Child, Mary, boy, mother, woman","Christ Child, Mary, Joseph",0.8909848928451538,0.0,0.5076628352490421,0.24117803988461298,0.6,0.5,0.6
"cup, knife, peach, walnut",fruit,0.26585009694099426,0.0,0.0,0.0,0.0,0.0,0.0
"Mark the Evangelist, man, reading",Saint John the Evangelist,0.38315239548683167,0.0,0.38265306122448983,0.13232169883599026,0.4444444444444445,0.28571428571428575,0.4444444444444445
Joseph,"St. Paul, angel, book",-0.023998882621526718,0.0,0.0,0.0,0.0,0.0,0.0
"Virginie Amélie Avegno Gautreau, bracelet, dress",woman,-0.2217784970998764,0.0,0.0,0.0,0.0,0.0,0.0
"Cucurbita maxima, Prunus subg. Prunus, fig",pumpkin,0.41780683398246765,0.0,0.0,0.0,0.0,0.0,0.0
"Frederick I of Sweden, Sophie Charlotte of Hesse-Kassel, Ulrika Eleonora I of Sweden","Charles II of England, Charles III of England, Charles IV of England, Charles V of England, Charles VI of England, Charles VII of",0.8210827112197876,0.0,0.10714285714285715,0.010900096978029118,0.16666666666666669,0.0,0.16666666666666669
"human head, man, portrait",man,0.16468915343284607,0.0,0.13513513513513511,0.008853531856477262,0.4,0.0,0.4
Child Saint John,"Mary, child Jesus, child Jesus in the arms of Mary, child Jesus in the arms of John the Baptist, John the Baptist, tree",0.8246933221817017,0.0,0.2,0.009849349468888718,0.15384615384615383,0.0,0.15384615384615383
London,"Castle of St. John, park, people",-0.18394112586975098,0.0,0.0,0.0,0.0,0.0,0.0
"bird, girl, table",Mary Magdalene,0.7077447175979614,0.0,0.0,0.0,0.0,0.0,0.0
"Andromeda, Perseus, nudity, rock","Eros, Cupid, woman",0.870750904083252,0.0,0.0,0.0,0.0,0.0,0.0
"Charles Edward Stuart, coat",Charles X of France,0.8845863342285156,0.0,0.125,0.08034284189446518,0.25,0.0,0.25
"Heracles, Hydra, club, combat, corpse, man","Venus, snake, woman",0.90428227186203,0.0,0.0,0.0,0.0,0.0,0.0
"4th Duke of Argyll, John Campbell, crown",George III,0.7238640189170837,0.0,0.0,0.0,0.0,0.0,0.0
"Moon, light source, moonlight, rural area, tree","forest, moon, night, woman",0.9261369705200195,0.0,0.07462686567164178,0.037951271263104894,0.18181818181818182,0.0,0.18181818181818182
"man, portrait",man,0.5161008834838867,0.0,0.2631578947368421,0.06541924356118012,0.6666666666666666,0.0,0.6666666666666666
Bartolomé Esteban Murillo,Bartolomeo Murillo,0.9431661367416382,0.0,0.17241379310344826,0.09069748827745895,0.4,0.0,0.4
woman,woman,0.9999998807907104,1.0,0.5,0.1778279410038923,1.0,0.0,1.0
"bathing, bathroom, bathtub, brown hair, chignon, female breast, louver, shirt, standing, storage water heater, toplessness, washing, window, woman",woman,-0.3048108220100403,0.0,0.03067484662576687,7.361966004159171e-09,0.10526315789473684,0.0,0.10526315789473684
Herman Wolters,woman,-0.1661556512117386,0.0,0.0,0.0,0.0,0.0,0.0
"painting, studio",man,0.3347131907939911,0.0,0.0,0.0,0.0,0.0,0.0
Ingeborg Kaurin,woman,-0.14550156891345978,0.0,0.0,0.0,0.0,0.0,0.0
Jerome,Paul of Tarsus,0.5161533951759338,0.0,0.0,0.0,0.0,0.0,0.0
"canvas, frame, painting support, stretcher",painting,-0.13474754989147186,0.0,0.10869565217391304,0.003257032351754417,0.33333333333333337,0.0,0.33333333333333337
Saint Sebastian,"Christ, execution, man, woman",0.7925345301628113,0.0,0.0,0.0,0.0,0.0,0.0
"assistive cane, cap, old age, sitting",man,0.04677310585975647,0.0,0.0,0.0,0.0,0.0,0.0
"Acropolis of Athens, Parthenon, ancient Greek temple, low-angle shot, ruins, sky","Acropolis, Athens, column",0.8862677812576294,0.0,0.09803921568627451,0.009388605004877648,0.28571428571428575,0.0,0.28571428571428575
flower,girl,0.14820806682109833,0.0,0.0,0.0,0.0,0.0,0.0
Paleisstraat,"Amsterdam, woman",0.8107928037643433,0.0,0.0,0.0,0.0,0.0,0.0
William Wilson Corcoran,John C. Breckinridge,0.8770533204078674,0.0,0.0,0.0,0.0,0.0,0.0
"flower, pear, still life, vase","fruit, flower, vase",0.8870368599891663,0.0,0.20833333333333331,0.069372929071742,0.5,0.0,0.5
"forest, tree","horse, man, path, tree",0.9027224183082581,0.0,0.22727272727272727,0.08034284189446518,0.3333333333333333,0.0,0.3333333333333333
"bedroom, child, foot, health care, physician",woman,-0.19910746812820435,0.0,0.0,0.0,0.0,0.0,0.0
"English Channel, Porte dAval, cliff, cloud, landscape, sea, sky, Étretat","Etretat, cliff, sea",0.9316492676734924,0.0,0.10752688172043011,0.01310285379903269,0.30769230769230765,0.0,0.30769230769230765
woman,woman,0.9999998807907104,1.0,0.5,0.1778279410038923,1.0,0.0,1.0
woman,woman,0.9999998807907104,1.0,0.5,0.1778279410038923,1.0,0.0,1.0
flower,flower,1.0,1.0,0.5,0.1778279410038923,1.0,0.0,1.0
Grote Markt,"market, man, woman",0.8570350408554077,0.0,0.0,0.0,0.0,0.0,0.0
Joseph Anthony,John Adams,0.864269495010376,0.0,0.0,0.0,0.0,0.0,0.0
"girl, piano, portrait, woman",woman,-0.20877361297607422,0.0,0.13513513513513511,0.008853531856477262,0.4,0.0,0.4
"body of water, cloud, estuary, man, rowing boat, sailboat, sailing, sky","boat, fishing boat, fishing boat in rough sea, man, sea, ship, storm",0.9357888698577881,0.0,0.09009009009009009,0.020255986027125642,0.17391304347826086,0.0,0.08695652173913043
"Mary, Saint Anne","Mary, angel, book, child, curtain, curtain rod, curtain tieback, curtain tieback, curtain tieback, curtain tieback",0.5954490900039673,0.0,0.4464285714285714,0.013217947626377298,0.1111111111111111,0.0,0.1111111111111111
"Bathsheba, apron, baluster, balustrade, barefoot, brown hair, chestnut hair, chignon, cleavage, clothing, cushion, domestic worker, drapery, dress, décolletage, female breast, garden, gaze, group of humans, hair care, headband, jewelry box, malleolus, navel, necklace, nipple, nudity, palace, pearl, see-through clothing, shawl, sitting, standing, terrace, toe, tread, tree, wash basin, washing, woman","Bathsheba, Bathsheba washing her hair",0.771461546421051,0.0,0.03296703296703296,8.726390933459443e-06,0.10714285714285714,0.0,0.07142857142857142
Aven,"hill, river, tree",0.8642730116844177,0.0,0.0,0.0,0.0,0.0,0.0
Father Time,"Cupid, wing",0.784818172454834,0.0,0.0,0.0,0.0,0.0,0.0
Romuald,Saint Agatha,0.5219374895095825,0.0,0.0,0.0,0.0,0.0,0.0
"rural area, tree","house, tree",0.9462960362434387,0.0,0.17241379310344826,0.09069748827745895,0.4,0.0,0.4
"cottage, peasant","house, man, plow",0.6282944679260254,0.0,0.0,0.0,0.0,0.0,0.0
"forest, sky, tree",forest,0.0024324972182512283,0.0,0.17857142857142855,0.024066394763145416,0.5,0.0,0.5
"Adolphe Crémieux, desk, elderly people, fauteuil, man, paper, quill, sitting, study, white hair, writing",Jean-Baptiste Cremieux,0.9188887476921082,0.0,0.0,0.0,0.0,0.0,0.0
Georg Stang,man,0.2089286744594574,0.0,0.0,0.0,0.0,0.0,0.0
"Biblioteca Nazionale Marciana, Doges Palace, Feast of the Ascension, Grand Canal, Marriage of the Sea ceremony, Piazza San Marco, Piazzetta San Marco, Punta della Dogana, San Marco basin, St Marks Campanile, Venice, bucentaur, cloud, column of San Marco, column of San Teodoro, molo of the Doges Palace, sky","Venice, boat, gondola, man, woman",0.9005793333053589,0.0,0.011441647597254004,9.89172750748448e-06,0.03773584905660377,0.0,0.03773584905660377
"City wall of Visby, Visby, house",landscape,-0.19349637627601624,0.0,0.0,0.0,0.0,0.0,0.0
"Christ Child, Mary, Saint George, Vincent Ferrer, boy, man, woman","Christ Child, Mary, Joseph, angel, baby Jesus, man",0.9298469424247742,0.0,0.45510204081632655,0.1150460085904485,0.4444444444444445,0.25,0.4444444444444445
"areola, armpit, ballet flat, brown, chignon, choker, dressing table, eyebrow, female breast, flacon, gaze, hairstyle, kerosene lamp, lampshade, mirror, mirror image, mons pubis, navel, nipple, nudity, pubic hair removal, specular reflection, standing, underarm hair, waist, waist-length hair, woman",woman,-0.31685903668403625,0.0,0.014577259475218658,1.5174142897742188e-17,0.05128205128205127,0.0,0.05128205128205127
"Boaz, Rembrandt, beard, headgear, man, necklace, ring, white hair",man,0.08999054878950119,0.0,0.06097560975609756,5.965462840365855e-05,0.19999999999999998,0.0,0.19999999999999998
"body of water, forest, rural area","lake, tree",0.8665356636047363,0.0,0.0,0.0,0.0,0.0,0.0
"Venice, palace, stairs","Alexander the Great, Alexander the Younger, Alexander V, Alexander VI, Alexander VII, Alexander VIII, Alexander X, Alexander XI, Alexander",0.5446275472640991,0.0,0.0,0.0,0.0,0.0,0.0
"Ruisdael-Hobbema watermill, tree, watercourse","mill, millwheel, water wheel",0.9051546454429626,0.0,0.0,0.0,0.0,0.0,0.0
"Orientalist painting, Roustam Raza, man, portrait",man,0.09475217759609222,0.0,0.0909090909090909,0.0011981952414407235,0.2857142857142857,0.0,0.2857142857142857
"man, portrait",man,0.5161008834838867,0.0,0.2631578947368421,0.06541924356118012,0.6666666666666666,0.0,0.6666666666666666
Joseph Dugan,John H. H. H. H. H. H. H. H. H. H. H. H. H. H,0.5134224891662598,0.0,0.0,0.0,0.0,0.0,0.0
"Anthony van Dyck, man, self-portrait",man,0.12029514461755753,0.0,0.10869565217391304,0.003257032351754417,0.33333333333333337,0.0,0.33333333333333337
"landscape painting, snow, winter","house, snow, sky, tree",0.9235459566116333,0.0,0.125,0.08034284189446518,0.25,0.0,0.25
"forest, woman",woman,0.11003700643777847,0.0,0.2631578947368421,0.06541924356118012,0.6666666666666666,0.0,0.6666666666666666
"Chloe, Daphnis, barefoot, black hair, blond hair, blowing horn, clothed male, couple, drapery, female breast, loincloth, male toplessness, man, naked female, navel, part, plant, running, rural area, see-through clothing, storm, teenager, thunderstorm, trail, wind, woman","Eros, Cupid, woman",0.8746637105941772,0.0,0.015723270440251572,2.6484252133554767e-06,0.05263157894736842,0.0,0.05263157894736842
"castle, military colours, sewing, woman",woman,-0.26969286799430847,0.0,0.10869565217391304,0.003257032351754417,0.33333333333333337,0.0,0.33333333333333337
John the Baptist,Joseph,0.2651810348033905,0.0,0.0,0.0,0.0,0.0,0.0
"Christ Child, Mary, boy, mother, woman","Christ Child, Mary",0.8861377239227295,0.0,0.5165692007797271,0.20687381245863395,0.6666666666666666,0.5714285714285715,0.6666666666666666
woman,woman,0.9999998807907104,1.0,0.5,0.1778279410038923,1.0,0.0,1.0
"1795–1820 clothing, Incroyables and Merveilleuses, Juliette Récamier, candelabra, couch, cushion, dress, footstool, woman",woman,-0.29462721943855286,0.0,0.04237288135593221,1.0926126318830351e-06,0.13333333333333333,0.0,0.13333333333333333
park,woman,0.3178703784942627,0.0,0.0,0.0,0.0,0.0,0.0
bouquet,flower,0.9845799207687378,0.0,0.0,0.0,0.0,0.0,0.0
"Abel, Cain, landscape, man, murder, tree",tree,0.38236507773399353,0.0,0.0909090909090909,0.0011981952414407235,0.2857142857142857,0.0,0.2857142857142857
forest,"Avenue of Trees, bridge, fence, girl, man, path, tree",-0.18290981650352478,0.0,0.0,0.0,0.0,0.0,0.0
"Christ, Pilate washing his hands, Pilates court, Pontius Pilatus, man, soldier, woman","Christ, man",0.7801113724708557,0.0,0.0909090909090909,0.0011981952414407235,0.2857142857142857,0.0,0.2857142857142857
"White people, bow, earring, fichu, miniature, portrait, woman",woman,-0.29713040590286255,0.0,0.0684931506849315,0.00016215809237314185,0.2222222222222222,0.0,0.2222222222222222
"Francis of Assisi, prayer, skull",Francis of Assisi,0.8939324617385864,0.0,0.6134259259259259,0.288715663092199,0.7499999999999999,0.6666666666666666,0.7499999999999999
"Colosseum, Rome, arcade, cloud, grass, herb, ruins, sky","Aqueduct of Trajan, city, sky, town",0.9342378377914429,0.0,0.06410256410256411,0.02925226826055808,0.14285714285714288,0.0,0.14285714285714288
Alexander Pope,John Dryden,0.8457028269767761,0.0,0.0,0.0,0.0,0.0,0.0
"Christ Child, Mary, book, bookbinding, chastity, fauteuil, gold, lily, sitting, veil","Mary, child Jesus, book",0.9154794812202454,0.0,0.14563106796116504,0.01837435741392463,0.39999999999999997,0.0,0.26666666666666666
Venus,"man, woman",0.15367574989795685,0.0,0.0,0.0,0.0,0.0,0.0
"Matthew the Apostle, man","Christ, execution, man, woman",0.693616509437561,0.0,0.125,0.08034284189446518,0.25,0.0,0.25
"James Monroe, man, portrait",John Adams,0.8383398652076721,0.0,0.0,0.0,0.0,0.0,0.0
"Christ Child, Mary, boy, woman","Christ Child, Mary, St. John the Baptist, St. Michael, St. Peter",0.7503201961517334,0.0,0.5257936507936508,0.09329460218997072,0.37499999999999994,0.28571428571428575,0.37499999999999994
"Saints Cosmas and Damian, blood, decapitation, executioner, head, sword","Christ, execution, man, woman",0.896583080291748,0.0,0.0,0.0,0.0,0.0,0.0
"landscape painting, tree","hill, landscape, thistle",0.8792950510978699,0.0,0.16666666666666666,0.11362193664674995,0.3333333333333333,0.0,0.3333333333333333
"Christ, apostle, saint",Saint Stephen,0.7034741640090942,0.0,0.17241379310344826,0.09069748827745895,0.4,0.0,0.4
"California, Lake Tahoe, Sierra Nevada","Lake Clark, mountain, snow, tree",0.8656460046768188,0.0,0.10000000000000002,0.05372849659117709,0.20000000000000004,0.0,0.20000000000000004
"Christ Child, Mary, boy, mother, woman","Christ Child, Mary, Jesus Christ",0.88140869140625,0.0,0.43314500941619577,0.21771262023986562,0.5454545454545454,0.4444444444444445,0.5454545454545454
Diogenes of Sinope,"dog, man, book",0.8821062445640564,0.0,0.0,0.0,0.0,0.0,0.0
"Aeneas, Ascanius, Dido, clothing, clothing in the ancient world, domestic worker, landscape, statue","Cleopatra, Cleopatra VII, Cleopatra II, Cleopatra III, Cleopatra IV, Cleopatra V",0.7132561206817627,0.0,0.0,0.0,0.0,0.0,0.0
"artificial pond, cattle, cloud, landscape painting, pastoral, sky, tree","cow, field, pasture",0.8836992383003235,0.0,0.0,0.0,0.0,0.0,0.0
Louise of Sweden,woman,-0.15870511531829834,0.0,0.0,0.0,0.0,0.0,0.0
"Carl August, Crown Prince of Sweden",Jean-Baptiste de la Tour,0.6274746656417847,0.0,0.0,0.0,0.0,0.0,0.0
"1st Baronet, Sir Thomas Rumbold","John Hervey, 4th Earl of Bristol",0.9005680680274963,0.0,0.0,0.0,0.0,0.0,0.0
Abraham van Beijeren,"fruit, meat, table",0.7658994197845459,0.0,0.0,0.0,0.0,0.0,0.0
"Arabs, Archangel Michael, Jesus Christ, John the Baptist, Mary, White people, bishop, infant, man, robe, saint, woman","Christ Child, Mary, Saint John the Baptist, Saint Luke the Evangelist, Saint Peter",0.8479163646697998,0.0,0.1807228915662651,0.06722594553117525,0.4000000000000001,0.14285714285714288,0.33333333333333337
"boy, girl, portrait","child, girl, hay, hay bale, hay bale, hay bale, hay bale, hay bale, hay b",0.7329408526420593,0.0,0.11904761904761904,0.013217947626377298,0.1111111111111111,0.0,0.1111111111111111
woman,woman,0.9999998807907104,1.0,0.5,0.1778279410038923,1.0,0.0,1.0
sheet music,"Eurydice, Hades, Leda, Persephone, Perseus, Pygmalion, Pygmalion and",0.6514545679092407,0.0,0.0,0.0,0.0,0.0,0.0
"Christ Child, Madonna and Child, Mary, angel, bird, lute","Christ Child, Mary, child",0.9188353419303894,0.0,0.3713235294117647,0.06884169961000239,0.6153846153846153,0.36363636363636365,0.46153846153846156
"Belle Île, landscape, littoral zone, storm, wind wave","sea, waves",0.7678008675575256,0.0,0.06756756756756756,0.0,0.2,0.0,0.2
"dog, lawyer, sheep","animal, animal husbandry, animal skin, animal skin trade, animal skin warehouse, animal skin workshop, animal skinyer, animal skinning",0.751695454120636,0.0,0.0,0.0,0.0,0.0,0.0
"Dnieper, flower","North Sea, dune, grass, horizon, mist, sky, water",0.8242714405059814,0.0,0.0,0.0,0.0,0.0,0.0
Estate Berkenrode,"building, man, woman",0.8751499652862549,0.0,0.0,0.0,0.0,0.0,0.0
man,man,0.9999998807907104,1.0,0.5,0.1778279410038923,1.0,0.0,1.0
"Auvers-sur-Oise, garden, landscape, plant, tree","house, tree",0.8632124066352844,0.0,0.10638297872340426,0.03336574130316504,0.28571428571428575,0.0,0.28571428571428575
Jan Boudaen Courten,man,0.11514502763748169,0.0,0.0,0.0,0.0,0.0,0.0
boat,"Fort Amsterdam, ship",0.4115733504295349,0.0,0.0,0.0,0.0,0.0,0.0
"English Channel, Fécamp, bank, cliff, foam, landscape, littoral zone, pebble, wind wave","sea, sky",0.8431413173675537,0.0,0.0,0.0,0.0,0.0,0.0
"Edward R. Bacon, man, portrait",Carl Malmsten,0.8442812561988831,0.0,0.0,0.0,0.0,0.0,0.0
"Tiberius, angel, bed, garden pond, portico, sculpture in the round, temple",Jesus Christ,0.6873801350593567,0.0,0.0,0.0,0.0,0.0,0.0
"Jesus Christ, man",Christ the Redeemer,0.6503596901893616,0.0,0.16666666666666666,0.11362193664674995,0.3333333333333333,0.0,0.3333333333333333
Conversion of Paul the Apostle,"Christ, horse, man, mountain, road, sky, tree",0.8020766973495483,0.0,0.0,0.0,0.0,0.0,0.0
Constantinople,"Istanbul, river, ship",-0.09783495962619781,0.0,0.0,0.0,0.0,0.0,0.0
"White people, dress, flower, lace, woman",Anna Maria of Austria,0.8191898465156555,0.0,0.0,0.0,0.0,0.0,0.0
"man, military uniform, portrait, sergeant",man,0.16495442390441895,0.0,0.10869565217391304,0.003257032351754417,0.33333333333333337,0.0,0.33333333333333337
"hill, oak, rock","rock, tree",0.8731032609939575,0.0,0.17241379310344826,0.09069748827745895,0.4,0.0,0.4
"basket, box, boy, child, hat, infant, people, train, wagon, woman","train, woman",0.8106809258460999,0.0,0.10869565217391304,0.003257032351754417,0.33333333333333337,0.0,0.33333333333333337
"horse, ice, ice skating, sky, snow, winter","ice skating, winter",0.9168404340744019,0.0,0.3872053872053872,0.07009437890436555,0.6,0.25,0.6
Alfred Guillou,Édouard Manet,0.8822558522224426,0.0,0.0,0.0,0.0,0.0,0.0
Anthony van Dyck,man,0.2993752360343933,0.0,0.0,0.0,0.0,0.0,0.0
"Jesus Christ, Pharisees, interior space, man",Jesus Christ,0.7940691709518433,0.0,0.33482142857142855,0.04279677428117006,0.5,0.33333333333333337,0.5
"Agony in the Garden, Jesus Christ",Mary,0.4089498817920685,0.0,0.0,0.0,0.0,0.0,0.0
"Christ Child, Mary, boy, mother, woman","Mary, Christ Child, woman",0.9555327296257019,0.0,0.5441810344827586,0.1225504602011117,0.8,0.25,0.6
Jerome,St. Jerome,0.7307011485099792,0.0,0.45454545454545453,0.1495348781221221,0.6666666666666666,0.0,0.6666666666666666
Herbert Esche,Carl Moll,0.8670580387115479,0.0,0.0,0.0,0.0,0.0,0.0
"Ennery, house, tree","church, man, tree",0.9586448073387146,0.0,0.16666666666666666,0.11362193664674995,0.3333333333333333,0.0,0.3333333333333333
"Saint-Rémy-de-Provence, garden, hospital, tree","house, man, tree",0.9100638031959534,0.0,0.12820512820512822,0.0814136751754278,0.25,0.0,0.25
"boat, church building, cloud, dome, sailing ship, sky","Amsterdam, canal, city, house, sailboat, sky, town",0.9457335472106934,0.0,0.06329113924050632,0.028634401465295497,0.13333333333333333,0.0,0.13333333333333333
Paul III,Pope Paul III,0.7122998833656311,0.0,0.8928571428571429,0.24028114141347542,0.8,0.6666666666666666,0.8
Saint Cecilia,Mary,0.6162314414978027,0.0,0.0,0.0,0.0,0.0,0.0
"Paul the Apostle, soldier","Jesus Christ, man",0.871013343334198,0.0,0.0,0.0,0.0,0.0,0.0
"Duke of Bohemia, Saint Wenceslaus I, Vitus, man","body, death, man, woman",0.8171737194061279,0.0,0.06578947368421052,0.029556479778261396,0.16666666666666666,0.0,0.16666666666666666
"mountain, tree","river, tree",0.9653201103210449,0.0,0.25,0.1495348781221221,0.5,0.0,0.5
"Capitoline Hill, Cordonata Capitolina, Santa Maria in Aracoeli, arch, sky","Arch of Titus, Capitoline Hill, horse, man, woman",0.8852692246437073,0.0,0.2607709750566893,0.05062667121584364,0.33333333333333326,0.125,0.22222222222222224
"landscape painting, tree","landscape, mountain, river, tree",0.9446262121200562,0.0,0.32258064516129037,0.09554427922043669,0.5714285714285715,0.0,0.5714285714285715
Henry Hoare,"John Murray, 1st Viscount Murray",0.8272294998168945,0.0,0.0,0.0,0.0,0.0,0.0
"Actaeon, Diana, bathing, forest, nymph","Bacchus, nymph",0.9121029376983643,0.0,0.10638297872340426,0.03336574130316504,0.28571428571428575,0.0,0.28571428571428575
"Jesus Christ, cross","Christ, Crucifixion, Mary Magdalene, Mary of Magdala, Mary of the Magdalen, Mary of the Mag",0.8193886876106262,0.0,0.11904761904761904,0.013217947626377298,0.1111111111111111,0.0,0.1111111111111111
"Charon, Cupressus, barque, cloud, corpse, cove, evening, island, shroud, sky, sunset","Lake Como, boat, man, woman",0.8987072706222534,0.0,0.0,0.0,0.0,0.0,0.0
Ignacio de Garcini y Queralt,Jean-Baptiste de la Tour,0.87005215883255,0.0,0.10204081632653061,0.06257106818159155,0.22222222222222224,0.0,0.22222222222222224
"Holy Face of Jesus, Saint Veronica, Veil of Veronica, smile",Mary Magdalene,0.7814271450042725,0.0,0.0,0.0,0.0,0.0,0.0
"Ulrik Frederik Gyldenløve, cravat",man,0.14112085103988647,0.0,0.0,0.0,0.0,0.0,0.0
"Christ Child, Mary, Paul the Apostle, Saint Peter, boy, mother, woman","Christ Child, Mary, man",0.9201638102531433,0.0,0.28586839266450914,0.06909866532427987,0.39999999999999997,0.30769230769230765,0.39999999999999997
"Areopagus, Phryne, group of men, toplessness",woman,-0.19498738646507263,0.0,0.0,0.0,0.0,0.0,0.0
"Athena, Perseus, nudity","Adam, Eve, woman",0.844393253326416,0.0,0.0,0.0,0.0,0.0,0.0
horse,"horse, man, woman",-0.015755189582705498,0.0,0.4166666666666667,0.11362193664674995,0.5,0.0,0.5
apple tree,apple tree,1.0000001192092896,1.0,0.9375,0.316227766016838,1.0,1.0,1.0
"Annunciation, Mary, angel",Mary,0.4474050998687744,0.0,0.17857142857142855,0.024066394763145416,0.5,0.0,0.5
"Convolvulaceae, belt, bindweed, brown hair, daisy, dress, earring, embroidery, eyebrow, flower, grass, meadow, rural area, smile, standing, waist-length hair, woman, wreath",woman,-0.32853201031684875,0.0,0.02631578947368421,3.6653070477096275e-10,0.0909090909090909,0.0,0.0909090909090909
"boy, chestnut hair, cloak, drapery, eyebrow, feather, hat, human skull, rosacea, standing",man,0.042797334492206573,0.0,0.04587155963302752,0.0,0.0,0.0,0.0
harp,"harp, woman",0.8407914638519287,0.0,0.45454545454545453,0.1495348781221221,0.6666666666666666,0.0,0.6666666666666666
"Christ Child, Mary, boy, mother, woman","Christ Child, Mary",0.8861377239227295,0.0,0.5165692007797271,0.20687381245863395,0.6666666666666666,0.5714285714285715,0.6666666666666666
"bonnet, boy, dress",child,0.3849339187145233,0.0,0.0,0.0,0.0,0.0,0.0
"Christ Child, Jesus Christ, Joseph, Mary, adoration of the Magi, dog, man","Christ Child, Mary, Joseph",0.8374431729316711,0.0,0.17857142857142855,0.02734470381093783,0.5,0.14285714285714288,0.375
"Honfleur, cart, house, landscape, road, snow","road, snow, tree",0.9101791381835938,0.0,0.3289473684210526,0.08839449202722564,0.4444444444444444,0.28571428571428575,0.4444444444444444
Holger Drachmann,Edvard Munch,0.7262765765190125,0.0,0.0,0.0,0.0,0.0,0.0
"Saint-Mammès, Seine","Seine River, village",0.8648920059204102,0.0,0.2380952380952381,0.11362193664674995,0.3333333333333333,0.0,0.3333333333333333
Rembrandt,woman,-0.10487901419401169,0.0,0.0,0.0,0.0,0.0,0.0
Jesus Christ,"Christ, Mary, Lamentation, Mary Magdalene, Jesus Christ, woman",0.8335863351821899,0.0,0.7211538461538463,0.05873949094699214,0.4,0.25,0.4
"Annunciation, Mary, woman","Christ Child, Mary, angel, throne",0.9062057137489319,0.0,0.15625,0.05372849659117709,0.25,0.0,0.25
man,John Van der Heijden,0.35609492659568787,0.0,0.0,0.0,0.0,0.0,0.0
"Aino, suicide",woman,-0.16394753754138947,0.0,0.0,0.0,0.0,0.0,0.0
"beggar, corpse, man, projectile weapon, rock, stream, wagon","man, mountain, road, wagon",0.9175295829772949,0.0,0.13157894736842105,0.0351487760467425,0.3333333333333333,0.0,0.3333333333333333
"Florence Sittenham McCormick, pearl necklace, sun hat, wicker",woman,-0.27649885416030884,0.0,0.0,0.0,0.0,0.0,0.0
"Andromeda, Perseus, sea monster","Eros, Venus",0.8849571943283081,0.0,0.0,0.0,0.0,0.0,0.0
Ludolf Backhuysen II,man,0.10541921854019165,0.0,0.0,0.0,0.0,0.0,0.0
"Christ carrying the cross, Jesus Christ","Christ, flag, horse, man, woman",0.8770185708999634,0.0,0.0847457627118644,0.0439891724758422,0.1818181818181818,0.0,0.1818181818181818
"Helena Fourment, gaze towards the viewer",woman,-0.26528698205947876,0.0,0.0,0.0,0.0,0.0,0.0
"Mary Magdalene, cross, human skull, mortification of the flesh, skull, waist-length hair, woman","Christ, Jesus Christ, man, rock, tree",0.8587786555290222,0.0,0.04065040650406504,0.0,0.0,0.0,0.0
"Grave of Christiaan Brunings and Frederik Willem Conrad, Grote Kerk, his pupil, man, ship model, woman","church, man",0.2894565165042877,0.0,0.03424657534246575,0.00013635815858095574,0.1111111111111111,0.0,0.1111111111111111
flower,"girl, girl with doll, doll",0.6810205578804016,0.0,0.0,0.0,0.0,0.0,0.0
"American Civil War, Francis Channing Barlow, man, prisoner, soldier","1st Minnesota Volunteer Infantry, 2nd Minnesota Volunteer Infantry, 3rd Minnesota Volunteer Infantry, 4th Minnesota Volunteer Infantry,",0.46160733699798584,0.0,0.0,0.0,0.0,0.0,0.0
"Helen of Troy, Menelaus, Peisistratos, Peisistratus, Telemachus, body armor, crown","Helen of Troy, Helen of Troy, Helen of Troy, Helen of Troy, Helen of Troy, Helen of Troy, Helen of Troy,",0.84929358959198,0.0,0.2652652652652652,0.04520838194719227,0.19354838709677416,0.13793103448275865,0.19354838709677416
"cage, parforce horn","bird cage, dress, horn, music, musical instrument, rope, string",0.8593271374702454,0.0,0.27777777777777785,0.028517539529041507,0.3333333333333333,0.0,0.3333333333333333
Gustaf Adolf Reuterholm,man,0.13414958119392395,0.0,0.0,0.0,0.0,0.0,0.0
"sitting, woman",woman,0.07793153077363968,0.0,0.2631578947368421,0.06541924356118012,0.6666666666666666,0.0,0.6666666666666666
Augustine of Hippo,Saint Nicholas,0.641441285610199,0.0,0.0,0.0,0.0,0.0,0.0
"Seine, Vétheuil, landscape, snow, tree, village","Gisors, snow, tree",0.9421402812004089,0.0,0.3289473684210526,0.08839449202722564,0.4,0.25,0.4
fruit,"fruit, glass, fruit bowl, fruit basket, fruit bowl, fruit bowl, fruit bowl, fruit bowl, fruit bowl, fruit bowl,",0.48394331336021423,0.0,0.1851851851851852,0.010802314890908065,0.10526315789473684,0.0,0.10526315789473684
Francis of Assisi,Francis of Assisi,0.9999999403953552,1.0,0.9814814814814815,0.5623413251903491,1.0,1.0,1.0
tree,landscape,0.5695397257804871,0.0,0.0,0.0,0.0,0.0,0.0
"Johann Joachim Winckelmann, man, portrait",man,0.17754532396793365,0.0,0.10869565217391304,0.003257032351754417,0.33333333333333337,0.0,0.33333333333333337
"Jesus Christ, angel","Christ, angel, cup",0.8853479623794556,0.0,0.625,0.24028114141347542,0.6666666666666666,0.5,0.6666666666666666
"Josef Jüttner, flower",woman,-0.19280412793159485,0.0,0.0,0.0,0.0,0.0,0.0
"Nereids, black hair, clothing in the ancient world, drapery, gaze, hair care, jewelry box, mirror, see-through clothing, woman, wreath",Aphrodite,0.7568893432617188,0.0,0.0,0.0,0.0,0.0,0.0
"Jeanne Hébuterne, black, gaze towards the viewer, red hair, smile, waist-length hair, woman",Jeanne Hébuterne,0.9382119178771973,0.0,0.15756302521008406,0.0012923506022069113,0.35294117647058826,0.2666666666666667,0.35294117647058826
"Georgette Charpentier, Marguerite Charpentier, Paul Charpentier, boy, dog, dress, family, girl, interior, mother, portrait, sitting, woman","Marie, 1875-1964, child, dog, woman",0.7942506670951843,0.0,0.06711409395973154,0.007079691396432093,0.19047619047619047,0.0,0.19047619047619047
"Cannes, house, tree","Menton, Mediterranean Sea, sea, sky, woman",0.894632875919342,0.0,0.0,0.0,0.0,0.0,0.0
"Anne, Princess Royal and Princess of Orange",Anna of Denmark,0.825435996055603,0.0,0.07575757575757576,0.029950417327249696,0.2,0.0,0.2
Martinus Alewijn,"boy, dog, sheep",0.8176664710044861,0.0,0.0,0.0,0.0,0.0,0.0
man,man,0.9999998807907104,1.0,0.5,0.1778279410038923,1.0,0.0,1.0
Helena Augusta,Mary Magdalene,0.7786422371864319,0.0,0.0,0.0,0.0,0.0,0.0
Barthélémy Aneau,man,0.1304081827402115,0.0,0.0,0.0,0.0,0.0,0.0
"cavalry, military camp, sutler","horse, man, tent",0.8821097016334534,0.0,0.12820512820512822,0.0,0.0,0.0,0.0
Coin in the fishs mouth,"Christ, boat, man, woman",0.925189197063446,0.0,0.0,0.0,0.0,0.0,0.0
"Paris horse market, Percheron, Pitié-Salpêtrière Hospital, boulevard de lHôpital, bridle, cloud, equestrianism, fence, hoof, horse, livestock blanket, man, rein, rider, tree",horse racing,0.8205012083053589,0.0,0.02617801047120419,1.1192959259475125e-05,0.07407407407407407,0.0,0.07407407407407407
"cannibalism, cave, corpse, flaying, hanging, man, meal, nudity, rock, viscus","man, nude",0.8236748576164246,0.0,0.05434782608695652,0.002738826828955665,0.16666666666666669,0.0,0.16666666666666669
"Paul Verlaine, beard, poetry",Paul Cézanne,0.8670853972434998,0.0,0.13157894736842105,0.05501080739920602,0.28571428571428575,0.0,0.28571428571428575
"Bombing of Guernica, Spanish Civil War",Guernica,0.8881269693374634,0.0,0.0909090909090909,0.0011981952414407235,0.2857142857142857,0.0,0.2857142857142857
"Porta Furba, ruins","Fortaleza de São João da Barra, São João da Barra",0.6664659976959229,0.0,0.0,0.0,0.0,0.0,0.0
"Christ Child, Mary","Christ Child, Mary, Jesus Christ",0.9423795342445374,0.0,0.7986111111111112,0.26591479484724945,0.7499999999999999,0.6666666666666666,0.7499999999999999
Henri II of Navarre,Charles IX of France,0.9165922403335571,0.0,0.125,0.08034284189446518,0.25,0.0,0.25
"Christ Child, Mary, boy, woman","Christ Child, Mary",0.9069821238517761,0.0,0.6134259259259259,0.288715663092199,0.7499999999999999,0.6666666666666666,0.7499999999999999
"Agamemnon, Artemis, Iphigenia",Nebuchadnezzar II,0.841317355632782,0.0,0.0,0.0,0.0,0.0,0.0
"illness, unidentified man",man,0.1504281461238861,0.0,0.17857142857142855,0.024066394763145416,0.5,0.0,0.5
"Child Saint John, Christ Child, Mary, boy, mother, woman","Christ Child, Mary, angel, angelic wing, child, mother",0.9427583813667297,0.0,0.33707865168539325,0.13784336590962212,0.5882352941176471,0.26666666666666666,0.47058823529411764
"Christ Child, Mary, boy, mother, woman","Mary, child Jesus, Christ Child, Christ Child in the arms of Mary, motherhood",0.94652259349823,0.0,0.38142620232172475,0.036362270465000714,0.3157894736842105,0.11764705882352941,0.3157894736842105
"Christ Child, Mary, boy, woman",Mary,0.372545063495636,0.0,0.10869565217391304,0.003257032351754417,0.33333333333333337,0.0,0.33333333333333337
Maria Josefa de Castilla Portugal y Wanasbrok,Maria Luisa of Spain,0.8701353669166565,0.0,0.07462686567164178,0.037951271263104894,0.18181818181818182,0.0,0.18181818181818182
"Hound, Who sues for a cow pays with a cow, child, lawyer, man, office, queue, woman","bank, dog, man, woman",0.9428227543830872,0.0,0.10135135135135134,0.004756869561706164,0.2,0.0,0.2
"Jan Asselijn, man",man,0.09647852927446365,0.0,0.17857142857142855,0.024066394763145416,0.5,0.0,0.5
tree,landscape,0.5695397257804871,0.0,0.0,0.0,0.0,0.0,0.0
"Jesus Christ, Keys of Heaven, Saint Peter",Jesus Christ,0.8351879715919495,0.0,0.28846153846153844,0.025957555738330737,0.4444444444444445,0.2857142857142857,0.4444444444444445
"Asnières-sur-Seine, French window, prostrate shrub, restaurant, window","house, window",0.18598702549934387,0.0,0.07692307692307691,0.012274570264879268,0.2,0.0,0.2
"Royal Palace of Amsterdam, dog, man, woman",woman,-0.244562566280365,0.0,0.078125,0.0004407913958354948,0.25,0.0,0.25
"Dorothea Berck, woman",man,0.09891145676374435,0.0,0.0,0.0,0.0,0.0,0.0
temple,"Temple of Vesta, woman",0.3152931332588196,0.0,0.3846153846153847,0.08034284189446518,0.4,0.0,0.4
"Abigail Willing Peters, portrait, woman",woman,-0.20522446930408478,0.0,0.10869565217391304,0.003257032351754417,0.33333333333333337,0.0,0.33333333333333337
"Auguste Ravez, magistrate",man,0.10364755988121033,0.0,0.0,0.0,0.0,0.0,0.0
"Moisson, Papaver rhoeas, Seine, Vétheuil, meadow, rural area, sky, île de Bouche","Pontoise, poppy",0.8588804602622986,0.0,0.0,0.0,0.0,0.0,0.0
"goat, landscape, landscape painting, shepherd, tree, woman","horse, man, palm tree",0.914951503276825,0.0,0.07462686567164178,0.037951271263104894,0.18181818181818182,0.0,0.18181818181818182
Ceres,"Apollo, Artemis, Hera, Zeus",0.8054224252700806,0.0,0.0,0.0,0.0,0.0,0.0
"John III Sobieski, Polish hussars, banner","Battle of Poitiers, battle, cavalry, horse, infantry, flag, man, soldier, woman",0.8898025751113892,0.0,0.0,0.0,0.0,0.0,0.0
"game, hill, sunset","baseball, baseball field, baseball player, baseball player in motion, baseball player on the field, baseball player with bat, baseball player with glove",0.6467490196228027,0.0,0.0,0.0,0.0,0.0,0.0
"bridge, laundry detergent, river, woman",woman,-0.22047913074493408,0.0,0.10869565217391304,0.003257032351754417,0.33333333333333337,0.0,0.33333333333333337
"nude, portrait, woman",woman,0.04903118312358856,0.0,0.17857142857142855,0.024066394763145416,0.5,0.0,0.5
Stanisław Leszczyński,man,0.25724366307258606,0.0,0.0,0.0,0.0,0.0,0.0
boy,boy,0.9999997019767761,1.0,0.5,0.1778279410038923,1.0,0.0,1.0
"Basilica of St. Severin, house, tree","city, church, man, tower",0.8936594724655151,0.0,0.0,0.0,0.0,0.0,0.0
"Syringa, Syringa vulgaris, flower, purple, vase, window",Lilac,0.8064690828323364,0.0,0.0,0.0,0.0,0.0,0.0
"landscape, mirror image, ruins, tree, watercourse","Pont de la Tournelle, river, tower",0.8152920007705688,0.0,0.0,0.0,0.0,0.0,0.0
man,man,0.9999998807907104,1.0,0.5,0.1778279410038923,1.0,0.0,1.0
"Christ Child, Gabriel, Jesus Christ, Mary, Saint Christopher, Saint Sebastian, Vincent Ferrer, White people, angel, boy, landscape, lily, man, martyrdom of Saint Sebastian, prayer, woman",St. Jerome,0.733806312084198,0.0,0.0,0.0,0.0,0.0,0.0
John of God,Saint Francis of Assisi,0.4367463290691376,0.0,0.16129032258064518,0.08034284189446518,0.28571428571428575,0.0,0.28571428571428575
"Maria Nozeman, Robbert Muys",woman,-0.17147129774093628,0.0,0.0,0.0,0.0,0.0,0.0
"calvary, prayer, woman","crucifixion, woman",0.8259167671203613,0.0,0.17241379310344826,0.09069748827745895,0.4,0.0,0.4
"bed, cushion, nudity, woman",woman,-0.22379353642463684,0.0,0.13513513513513511,0.008853531856477262,0.4,0.0,0.4
"Saint-Omer, tree","church, boat, man, river, sky, tree",0.9341734647750854,0.0,0.20833333333333334,0.040824829046386304,0.25,0.0,0.25
man,man,0.9999998807907104,1.0,0.5,0.1778279410038923,1.0,0.0,1.0
Hortensia del Prado,woman,-0.1235911101102829,0.0,0.0,0.0,0.0,0.0,0.0
"Amstel, Omval, dog, estate, fisher, longboat, man, sailboat, trekschuit, windmill, woman","Delft, boat, man, woman",0.9103449583053589,0.0,0.0970873786407767,0.016603106174265705,0.26666666666666666,0.0,0.26666666666666666
"Deianira, Heracles, Nessus, bow, centaur, kidnapping, landscape, woman","Adam and Eve, Eve, man",0.8808975219726562,0.0,0.0,0.0,0.0,0.0,0.0
Charlotte Berend-Corinth,woman,-0.20678910613059998,0.0,0.0,0.0,0.0,0.0,0.0
"Balingsta gård, tree",woman,-0.23588092625141144,0.0,0.0,0.0,0.0,0.0,0.0
"boat, cloud, family, lake, sky, tree",tree,0.42372453212738037,0.0,0.0909090909090909,0.0011981952414407235,0.2857142857142857,0.0,0.2857142857142857
Immaculate Conception of Mary,Mary,0.6206331253051758,0.0,0.13513513513513511,0.008853531856477262,0.4,0.0,0.4
Jesus Christ,Jesus Christ,0.9999998807907104,1.0,0.9375,0.316227766016838,1.0,1.0,1.0
Henry Clay,John Adams,0.8764190673828125,0.0,0.0,0.0,0.0,0.0,0.0
"Child Saint John, Christ Child, Mary, Saint Barbara, boy, woman","Christ Child, Mary, Joseph",0.898797333240509,0.0,0.31323877068557915,0.08872444253557525,0.4285714285714285,0.3333333333333333,0.4285714285714285
"cravat, man",man,0.12691280245780945,0.0,0.2631578947368421,0.06541924356118012,0.6666666666666666,0.0,0.6666666666666666
"sitting, woman",woman,0.07793153077363968,0.0,0.2631578947368421,0.06541924356118012,0.6666666666666666,0.0,0.6666666666666666
"Connecticut River, Mount Holyoke, Northampton, The Oxbow, Thomas Cole, agricultural land, artists portfolio, bird, canvas, chimney, easel, folding stool, haystack, horse, landscape, landscape painting, mountain, nature, paintbrush, painting, pastoral, promontory, river, sailboat, sky, smoke, storm, thunderstorm, tree, tree stump, umbrella","Connecticut River, storm",0.8661160469055176,0.0,0.04132231404958678,1.1706953435388203e-06,0.13953488372093023,0.048780487804878044,0.13953488372093023
"Govert van Slingelandt, child, tree, woman","child, couple, family, woman",0.8279259204864502,0.0,0.17241379310344826,0.05795053470733952,0.4,0.0,0.4
"Atlantic Ocean, Concarneau, boat, house, marine art, sailboat, sea, shore, sky","boat, harbor, sailboat, sea, sky",0.9350153803825378,0.0,0.3034855769230769,0.04069736657627501,0.5000000000000001,0.14285714285714288,0.5000000000000001
"Adoration of the Magi, Aeneas Takes Leave of Dido, An Allegory of Spring, Archduke Leopold Wilhelm of Austria, Arrest of Christ, Blind Leading the Blind, Boy with a Flute, Cain kills Abel, Dead Christ Supported by an Angel, Descent from the Cross, Ganymede, Hero mourns the dead Leander, Holy Family with St. John and Mary Magdalene, Judith with the head of Holofernes, Jupiter nurtured by Amalthea, Lamentation with angels, Madonna of the Cherries, Man with Ermine Coat, Pluto in his Chariot, Portrait of Francesco Donato, Portrait of Jacopo Strada, Portrait of King Philip IV of Spain, Portrait of a Lady with a collared pet attached by chain to her wrist, Portrait of a Man in a Beret, Portrait of a White-Bearded Man, Raising Lazarus, Raising the Young Man of Nain, Saint Jerome, Saint Margaret and the Dragon, Saints George and Cecilia (after Antonello da Messina), The Bravo, The Orator Giovan Pietro Maffeis (?) (1533-1603), The Three Philosophers, art collection, painting","Christ Child, Christus, Christus in the Temple, Christus in the Temple, Christus in the Temple, Christus in the",0.8659550547599792,0.0,0.024154589371980673,6.963344815359144e-06,0.0790960451977401,0.0,0.06779661016949153
Venice,"Doge's Palace, Venice, St. Mark's Basilica, Venice Doge's Palace, Venice Lagoon, Venice Bridge, Venice",0.5773159861564636,0.0,0.2173913043478261,0.01428363257865929,0.13333333333333333,0.0,0.13333333333333333
Trebizond Vilayet,tree,0.42500847578048706,0.0,0.0,0.0,0.0,0.0,0.0
"Turks, man, moustache, overcoat, shirt, turban, vest",man,0.15760859847068787,0.0,0.078125,0.0004407913958354948,0.25,0.0,0.25
"bed, lovesickness, physician, woman","child, man",0.8764455318450928,0.0,0.0,0.0,0.0,0.0,0.0
"Secale, cloud",field,0.8204687833786011,0.0,0.0,0.0,0.0,0.0,0.0
"apron, chair, chimney fire, coif, crock, crêpe, dress, food, frying pan, gaze towards the viewer, hearth, kitchen, pancake, pitcher, rushing, shawl, sitting, trammel hook, woman, wrinkle",woman,-0.29041191935539246,0.0,0.02127659574468085,2.46966446228419e-12,0.07142857142857142,0.0,0.07142857142857142
Charles XI of Sweden,Venus,-0.08203493058681488,0.0,0.0,0.0,0.0,0.0,0.0
Juliana of the Netherlands,Queen Elizabeth II,0.5327029824256897,0.0,0.0,0.0,0.0,0.0,0.0
"black hair, brooch, eyebrow, gaze towards the viewer, woman",woman,-0.20045924186706543,0.0,0.06097560975609756,5.965462840365855e-05,0.19999999999999998,0.0,0.19999999999999998
"Calling of Matthew, Matthew the Apostle","Christ, Jesus Christ, man",0.7679096460342407,0.0,0.0,0.0,0.0,0.0,0.0
"automat, chair, coffee, cosmetics, cup with stem, door, hat, light fixture, night, radiator, table, window, woman","Edward Hopper, woman",0.8173209428787231,0.0,0.034013605442176874,0.0014911434751178384,0.10526315789473684,0.0,0.10526315789473684
ruins,Roman ruins,0.17230746150016785,0.0,0.45454545454545453,0.1495348781221221,0.6666666666666666,0.0,0.6666666666666666
"Cupid, Eros, Galatea, Galatea, Pygmalion, arrow, artist, back, bow, box, brown hair, chignon, clothed male, gynoid, kiss, man, mask, naked female, nude, painting, shield, statue, studio, woman","Cupid, sculpture, sculpture studio",0.8990558385848999,0.0,0.040485829959514164,0.0003040964971191635,0.12903225806451613,0.0,0.12903225806451613
"hill, landscape painting",landscape,-0.082737997174263,0.0,0.17857142857142855,0.024066394763145416,0.5,0.0,0.5
"Christ Child, Mary, boy, woman","Mary, angel, lily",0.91543048620224,0.0,0.10416666666666666,0.05833544737207805,0.25,0.0,0.25
Carel Joseph Fodor,man,0.17278480529785156,0.0,0.0,0.0,0.0,0.0,0.0
"barge, boat, river","boat, boatyard, canal, man, river, tree",0.9413927793502808,0.0,0.30303030303030304,0.048549177170732344,0.4444444444444444,0.0,0.4444444444444444
"long gallery, masia, rain, vegetation, woman","house, man, woman",0.8864708542823792,0.0,0.08771929824561403,0.0417991745584234,0.2222222222222222,0.0,0.2222222222222222
"bear, tree, understory, windthrow","bear, forest",0.8697459101676941,0.0,0.13157894736842105,0.05501080739920602,0.3333333333333333,0.0,0.3333333333333333
"grape, melon, peach, plum, pomegranate",fruit,0.3896274268627167,0.0,0.0,0.0,0.0,0.0,0.0
"girl, peasant, sitting, woman",woman,-0.16817155480384827,0.0,0.13513513513513511,0.008853531856477262,0.4,0.0,0.4
"Christ Child, Fabian, Mary, Roch, Saint Sebastian","Christ Child, Mary, Saint John the Baptist, Saint Peter",0.8806272149085999,0.0,0.4383680555555556,0.06030725360407769,0.5,0.14285714285714288,0.5
"Theseus, banquet, dining room, food, nude","Bacchus, Dionysus, table",0.8096626996994019,0.0,0.0,0.0,0.0,0.0,0.0
"bread, physical container, spoon","fish, lemon, pot, table",0.8940292000770569,0.0,0.0,0.0,0.0,0.0,0.0
"La Rochelle, harbor","Amsterdam, harbor, ship, tree",0.8524944186210632,0.0,0.16129032258064518,0.08034284189446518,0.28571428571428575,0.0,0.28571428571428575
Vulcan,"Aeneas, Venus, warrior",-0.12505489587783813,0.0,0.0,0.0,0.0,0.0,0.0
Marie Huet,Carl Adolph Reinecke,0.905942976474762,0.0,0.0,0.0,0.0,0.0,0.0
"Christ Child, Mary, boy, circumcision, woman","Christ Child, Mary, Joseph",0.8718692660331726,0.0,0.5076628352490421,0.24117803988461298,0.6,0.5,0.6
"Adam, Eve","Adam, Eve, tree",0.927737295627594,0.0,0.8928571428571429,0.24028114141347542,0.8,0.6666666666666666,0.8
"man, portrait",Benjamin Franklin,0.6857873201370239,0.0,0.0,0.0,0.0,0.0,0.0
"boat, mountain, tree","mountain, river, tree",0.9783196449279785,0.0,0.3333333333333333,0.13512001548070346,0.6666666666666666,0.0,0.6666666666666666
"Catherine of Sweden, Countess Palatine of Kleeburg",Catharina van Oranje-Nassau,0.7448440790176392,0.0,0.0,0.0,0.0,0.0,0.0
"Judith, decapitation","Saint Sebastian, woman",0.7988839149475098,0.0,0.0,0.0,0.0,0.0,0.0
Anders Trulson,man,0.17898684740066528,0.0,0.0,0.0,0.0,0.0,0.0
"Battle of Trenton, George Washington, cannon, man, portrait",George Washington,0.8222253322601318,0.0,0.25337837837837834,0.015744053406497194,0.4,0.25,0.4
Ruisdael-Hobbema watermill,"mill, millwheel, millrace, millstone",0.8124490976333618,0.0,0.0,0.0,0.0,0.0,0.0
"Christ Child, Jesus Christ, Mary, angel, boy, landscape painting, mother, vegetation, woman",woman,-0.202070415019989,0.0,0.04587155963302752,2.9700290627924664e-06,0.15384615384615385,0.0,0.15384615384615385
Mary Keating,Lady Elizabeth Cavendish,0.8248617649078369,0.0,0.0,0.0,0.0,0.0,0.0
"Child Saint John, Christ Child, Christian cross, Corno di Nibbio, Il Fungo, Lake Como, Madonna and Child, Mary, Torre Costanza, Torrione Fiorelli, Uriel, angel, aureola, blessing, body of water, drapery, flower, landscape, nudity, plant, rock, sky","Christ Child, Mary, angel, basket, cherub, landscape, painting, painting, painting, painting, painting, painting, painting,",0.8833269476890564,0.0,0.11005917159763313,0.009383738851963244,0.2,0.08333333333333333,0.2
"Netherlands, geometric shape",city,0.07437091320753098,0.0,0.0,0.0,0.0,0.0,0.0
"Akerselva, Nedre Foss, building, river, waterfall",watermill,0.7377469539642334,0.0,0.0,0.0,0.0,0.0,0.0
"Joseph, Mary, marriage of the Virgin, woman","Christ, Mary Magdalene, Jesus Christ, man",0.8967924118041992,0.0,0.07246376811594203,0.03455747170954952,0.15384615384615383,0.0,0.15384615384615383
Paul the Apostle,"David, Goliath, man, horse, woman",0.809518039226532,0.0,0.0,0.0,0.0,0.0,0.0
"Ansanus, Christ Child, Jesus Christ, Madonna and Child, Mary, Mary Magdalene, angel, blessing","Christ Child, Mary, Saint John the Baptist",0.8317105770111084,0.0,0.16129032258064518,0.03901355967554589,0.3,0.2222222222222222,0.3
Gabriele Münter,Anna Maria von Bismarck,0.810754656791687,0.0,0.0,0.0,0.0,0.0,0.0
Carl XII of Sweden,Charles X of France,0.8963492512702942,0.0,0.125,0.08034284189446518,0.25,0.0,0.25
"Feast of Corpus Christi, Pius IX, Saint Peters Square, flabellum",Pope Pius IX,0.7891349792480469,0.0,0.20161290322580647,0.023300535123570106,0.30769230769230765,0.1818181818181818,0.30769230769230765
"Christ Child, Mary, boy, mother, woman","Christ Child, Mary, man, woman",0.9785540699958801,0.0,0.635593220338983,0.23394743548827707,0.7272727272727272,0.4444444444444445,0.7272727272727272
Henrik Bull,Edvard Munch,0.6204003691673279,0.0,0.0,0.0,0.0,0.0,0.0
Anna Ancher,"boy, book, chair, flower, handbag, reading, table",0.7945104241371155,0.0,0.0,0.0,0.0,0.0,0.0
"Bombus, Dionysus, landscape","Bacchus, tree",0.8054975271224976,0.0,0.0,0.0,0.0,0.0,0.0
"Christ Child, Mary, boy, hairstyle, mother, woman","Mary, Christ Child, tree",0.894845187664032,0.0,0.3814262023217247,0.08881915596542085,0.5454545454545454,0.2222222222222222,0.36363636363636365
"balustrade, caduceus, cornucopia, sky, woman",Diana,0.40857115387916565,0.0,0.0,0.0,0.0,0.0,0.0
"Christ Child, Mary","Christ Child, Mary",1.000000238418579,1.0,0.9814814814814815,0.5623413251903491,1.0,1.0,1.0
"fruit, grape, lemon, oyster, still life, wine, wine glass","fruit, oyster",0.8586423993110657,0.0,0.12048192771084336,0.00536993851769597,0.3636363636363636,0.0,0.3636363636363636
"Henry Clay, man, portrait",John C. Breckinridge,0.808480441570282,0.0,0.0,0.0,0.0,0.0,0.0
"Jesus Christ, Twelve Apostles, communion","Christ Child, Mary, table",0.8593440055847168,0.0,0.10204081632653061,0.06257106818159155,0.22222222222222224,0.0,0.22222222222222224
Paul Mounet,Jean-Baptiste-Camille Corot,0.832567036151886,0.0,0.0,0.0,0.0,0.0,0.0
tree,"fence, field, sky",0.456216961145401,0.0,0.0,0.0,0.0,0.0,0.0
"Source Bleue, tree","bridge, river",0.7582514882087708,0.0,0.0,0.0,0.0,0.0,0.0
"Georges Clemenceau, Musca, bow tie, brown hair, collar, dress shirt, eyebrow, gaze towards the viewer, hair loss, horseshoe moustache, jacket, man, physician, standing, white hair",Jean-Baptiste Léonard de Jouvenel,0.847265362739563,0.0,0.0,0.0,0.0,0.0,0.0
Claes Rålamb,Claes Röland,0.9333293437957764,0.0,0.25,0.1495348781221221,0.6666666666666666,0.5,0.6666666666666666
"Meuse, sailboat","boat, sailing ship",0.9139823317527771,0.0,0.0,0.0,0.0,0.0,0.0
"Athena, Heracles, Rosa, vice, virtue","Eurydice, Hades, Persephone, woman",0.8623389601707458,0.0,0.0,0.0,0.0,0.0,0.0
"California, Sequoioideae",Sequoia sempervirens,0.911733090877533,0.0,0.0,0.0,0.0,0.0,0.0
Raising of the Cross,Jesus Christ,0.7796187400817871,0.0,0.0,0.0,0.0,0.0,0.0
"allegory, skeleton, woman",Mary Magdalene,0.7750428318977356,0.0,0.0,0.0,0.0,0.0,0.0
"Eurydice, adder",Eurydice,0.9502765536308289,0.0,0.2631578947368421,0.06541924356118012,0.6666666666666666,0.0,0.6666666666666666
man,man,0.9999998807907104,1.0,0.5,0.1778279410038923,1.0,0.0,1.0
Alma Thomas,Anna Maria Kowalska,0.7325400114059448,0.0,0.0,0.0,0.0,0.0,0.0
"Christ Child, Madonna and Child, Mary, boy, mother, woman","Mary, child Jesus, child Jesus, child Jesus, child Jesus, child Jesus, child Jesus, child Jesus, child Jesus, child Jesus",0.715499997138977,0.0,0.15,0.01340082578177889,0.21428571428571427,0.0,0.14285714285714285
"Apollo, Diana, Niobe","Apollo, Eros, Cupid, Eros, Venus, Venus, Venus, Venus, Venus, Venus, Venus, Venus, Venus",0.6383008360862732,0.0,0.125,0.01553712569276035,0.125,0.0,0.125
windmill,windmill,1.0,1.0,0.5,0.1778279410038923,1.0,0.0,1.0
Thomas the Apostle,Jesus Christ,0.7570172548294067,0.0,0.0,0.0,0.0,0.0,0.0
"Scipio Africanus, barefoot, beard, chignon, clothing in the ancient world, combat helmet, contrapposto, drapery, elderly people, fasces, female breast, group of humans, kneeling, male toplessness, man, navel, nipple, pubic hair removal, see-through clothing, standing, white hair, woman","Apollo, Cupid, Eros, Hera, Iphigenia, Zeus",0.7979440093040466,0.0,0.0,0.0,0.0,0.0,0.0
"cow, dog, fishing, horse, hunter, palace, sky, tree","building, city, lake, man, nature, river, sky, tree",0.9531905055046082,0.0,0.234375,0.05873949094699214,0.25,0.14285714285714285,0.25
"cloud, human figure, landscape painting, road","landscape, sky, tree",0.8942615985870361,0.0,0.08771929824561403,0.0417991745584234,0.2222222222222222,0.0,0.2222222222222222
"Rome, building","courtyard, house, well",0.8392704129219055,0.0,0.0,0.0,0.0,0.0,0.0
"Jesus Christ, John the Baptist, Mary, Saint George","Christ in Majesty, Mary Magdalene, Pentecost, St. John the Evangelist",0.8772127032279968,0.0,0.38490853658536583,0.05307712171072445,0.4444444444444445,0.125,0.33333333333333326
Pauline Virginie Ono-dit-Biot,woman,-0.24275119602680206,0.0,0.0,0.0,0.0,0.0,0.0
Carl Rudenschöld,Carl von Schenck,0.8819236159324646,0.0,0.2380952380952381,0.11362193664674995,0.3333333333333333,0.0,0.3333333333333333
"man, musical instrument, musician, woman",woman,-0.09292059391736984,0.0,0.10869565217391304,0.003257032351754417,0.33333333333333337,0.0,0.33333333333333337
"Orientalist painting, arch, column, interior, man, mosque",mosque,0.23732472956180573,0.0,0.078125,0.0004407913958354948,0.25,0.0,0.25
"1795–1820 clothing, Caroline Rivière, boa, broad-leaved tree, brown hair, dark brown, dress, earring, eyebrow, girl, glove, part, sky, smile, standing, village, watercourse, woman",woman,-0.297421932220459,0.0,0.024038461538461536,4.9604536745093506e-11,0.07999999999999999,0.0,0.07999999999999999
"Venus, gaze towards the viewer, mons pubis, sea, wind wave",Venus,-0.1638607680797577,0.0,0.054945054945054944,2.1945711360427958e-05,0.18181818181818182,0.0,0.18181818181818182
bouquet,fruit,0.46304118633270264,0.0,0.0,0.0,0.0,0.0,0.0
"Anselm Feuerbach, gaze towards the viewer, moustache, smoking, soul patch",Jean-Baptiste-Camille Corot,0.8591468930244446,0.0,0.0,0.0,0.0,0.0,0.0
"Notre-Dame de Paris, pont Saint-Michel, quai des Orfèvres","Seine, Notre-Dame de Paris, Pont au Change, Seine River, bridge, building",0.9387176632881165,0.0,0.4781626506024097,0.23462350320528,0.39999999999999997,0.33333333333333326,0.39999999999999997
"landscape painting, river","river, rock, tree",0.8783792853355408,0.0,0.16666666666666666,0.11362193664674995,0.3333333333333333,0.0,0.3333333333333333
Annunciation,"Mary, angel, book, dove",0.34812796115875244,0.0,0.0,0.0,0.0,0.0,0.0
Gottfrid Kallstenius,Carl Wilhelm von Klenze,0.8577597141265869,0.0,0.0,0.0,0.0,0.0,0.0
"Le Havre, landscape, tower","Fort de la Barre, man, sea, sky",0.929469108581543,0.0,0.0,0.0,0.0,0.0,0.0
Cheval des Marquises,"horse, man, woman",0.768031895160675,0.0,0.0,0.0,0.0,0.0,0.0
"Ahaz, Hezekiah","Christ Child, Mary, Joseph",0.7728654146194458,0.0,0.0,0.0,0.0,0.0,0.0
"forest, wind","river, sky, tree",0.8996478319168091,0.0,0.0,0.0,0.0,0.0,0.0
"3rd Count of Peñaranda, Gaspar de Bracamonte",Francisco de Miranda,0.8665110468864441,0.0,0.07575757575757576,0.029950417327249696,0.18181818181818182,0.0,0.18181818181818182
"Christ Child, Mary","Christ Child, Mary",1.000000238418579,1.0,0.9814814814814815,0.5623413251903491,1.0,1.0,1.0
"Christ, woman","man, woman",0.9098309278488159,0.0,0.25,0.1495348781221221,0.5,0.0,0.5
Coronation of the Virgin,"Christ, Mary, throne",0.8633488416671753,0.0,0.0,0.0,0.0,0.0,0.0
"Pierre Lacour, drawing, man, painter, sitting",John Stuart Mill,0.8710957169532776,0.0,0.0,0.0,0.0,0.0,0.0
"citadel, cloud, lightning, shield, spear, trumpet, woman","Christ's Entry into Jerusalem, Christ's Entry into the Temple, Christ's Entry into the Temple, Christ's Entry into the Temple, Christ",0.6562727093696594,0.0,0.0,0.0,0.0,0.0,0.0
Maria Francisca Bia,woman,-0.08784376084804535,0.0,0.0,0.0,0.0,0.0,0.0
"Andrew the Apostle, Apostle, Bartholomew the Apostle, Holy Chalice, James, Jesus Christ, John the Apostle, Judas Iscariot, Jude the Apostle, Last Supper, Matthew the Apostle, Philip the Apostle, Saint Peter, Simon the Zealot, St. James the Elder, Thomas the Apostle, bread, knife, son of Alphaeus","Jesus Christ, Last Supper, Mary Magdalene, Mary of Magdala, Mary of Bethany, Mary of Magdala",0.8636752963066101,0.0,0.10619047619047618,0.005656855210263965,0.16666666666666666,0.06896551724137931,0.16666666666666666
George Wade,"1st Baronet of the Forest of Dean, John Hare",0.6592873334884644,0.0,0.0,0.0,0.0,0.0,0.0
Christofer Rutger Ludvig Manderström,Carl Mannerheim,0.7047905325889587,0.0,0.0,0.0,0.0,0.0,0.0
"boat, storm",ship,0.09393705427646637,0.0,0.0,0.0,0.0,0.0,0.0
Christ Child,"Christ Child, Mary, Joseph",0.80162113904953,0.0,0.8522727272727273,0.16990442448471224,0.6666666666666666,0.5,0.6666666666666666
"Black people, Bursa, White people, arcade, back, black hair, buttocks, cross-legged sitting, dimples of Venus, drapery, female breast, gluteal sulcus, group of humans, hammam, hip, intergluteal cleft, loincloth, lying, navel, nude swimming, nudity, red hair, sitting, standing, steatomery, swimming pool, toplessness, walking, washing, woman","Bath, Bathhouse, Bathhouse interior, bathing, bathing woman, man, woman",0.8454299569129944,0.0,0.024691358024691357,0.0004908305297736708,0.03773584905660377,0.0,0.03773584905660377
"Moon, artificial pond, cloud, cow, evening, herder, phase of the moon, shore, sitting, sky, specular reflection, sunset, tree","cow, man, moon, river, tree",0.9181197881698608,0.0,0.08982035928143713,0.0052519350818344916,0.2608695652173913,0.0,0.2608695652173913
"Saint Sebastian, angel, man","Christ, tree",0.8602868318557739,0.0,0.0,0.0,0.0,0.0,0.0
"George Heathcote, man, portrait",John Adams,0.8248172998428345,0.0,0.0,0.0,0.0,0.0,0.0
Bombardment of Algiers,"Battle of Trafalgar, ship",0.770553708076477,0.0,0.16129032258064518,0.08034284189446518,0.28571428571428575,0.0,0.28571428571428575
William Sotheron,"John Jervis, 1st Earl of St Vincent",0.7430752515792847,0.0,0.0,0.0,0.0,0.0,0.0
"apple, peach","apple, fruit, fruit bowl, fruit plate, jug, table",0.8041226267814636,0.0,0.19230769230769235,0.02777619034011792,0.2,0.0,0.2
"landscape, river","city, house, landscape, mountain, sky",0.867357075214386,0.0,0.21739130434782608,0.05372849659117709,0.28571428571428575,0.0,0.28571428571428575
"smile, woman","curtain, man, woman",0.8138096928596497,0.0,0.2380952380952381,0.11362193664674995,0.4,0.0,0.4
John Martin,John Henry Dearlove,0.8578660488128662,0.0,0.2380952380952381,0.11362193664674995,0.4,0.0,0.4
"grape, leaf, raceme, wall",grape,0.35169488191604614,0.0,0.13513513513513511,0.008853531856477262,0.4,0.0,0.4
"Carl XV of Sweden, Désirée Clary, Josephine of Leuchtenberg, Oscar I of Sweden",woman,-0.19430296123027802,0.0,0.0,0.0,0.0,0.0,0.0
"Andromeda, Ceto, Perseus, nudity","Eros, Eros and Psyche, Psyche",0.8693363070487976,0.0,0.0,0.0,0.0,0.0,0.0
flower,flower,1.0,1.0,0.5,0.1778279410038923,1.0,0.0,1.0
"Christ Child, Mary","Christ Child, Mary, John the Baptist, Saint John the Evangelist, Saint Luke the Evangelist, Saint Peter",0.7910481095314026,0.0,0.6847545219638244,0.06087895024805787,0.3157894736842105,0.23529411764705882,0.3157894736842105
"1795–1820 clothing, 3-way road junction, Regency era, autumn, book, boredom, bouquet, broad-leaved tree, collar, couple, dog, dress, foulard, gate, glove, handbag, honeymoon, jacket, man, parasol, path, reading, rural area, sitting, sky, strolling, trousers, trunk, vest, wall, woman","dog, man, woman",0.8535103797912598,0.0,0.044642857142857144,1.7895274842852402e-06,0.15,0.0,0.15
"Munttoren, Singel, boat, tree","Amsterdam, canal, boat, house, man, tree",0.927751898765564,0.0,0.2380952380952381,0.048549177170732344,0.4,0.0,0.4
"Sierra Nevada, cloud, mountain, rock music, sky, snow, stream, tree","mountain, river, tree",0.9230695962905884,0.0,0.10752688172043011,0.01310285379903269,0.30769230769230765,0.0,0.30769230769230765
"Catskill Mountains, twilight","Mount Greylock, mountain, sky, sunset",0.8930789828300476,0.0,0.15625,0.0,0.25,0.0,0.25
"house, tree","house, tree",0.9999997019767761,1.0,0.9375,0.316227766016838,1.0,1.0,1.0
woman,Sultan Selim II,-0.1410837024450302,0.0,0.0,0.0,0.0,0.0,0.0
Grote Kerk,"Dordrecht, landscape, sky, tree",0.9146893620491028,0.0,0.0,0.0,0.0,0.0,0.0
man,man,0.9999998807907104,1.0,0.5,0.1778279410038923,1.0,0.0,1.0
"Louis Henri de La Tour dAuvergne, man, military, portrait",Charles X of France,0.8608336448669434,0.0,0.0,0.0,0.0,0.0,0.0
"Fritillaria, Fritillaria imperialis, bouquet, copper, flower, vase, wall","Fritillaria imperialis, vase",0.9128046631813049,0.0,0.3407407407407408,0.050224817180200824,0.5454545454545454,0.22222222222222224,0.5454545454545454
"Anna Ancher, Frederikke Treschow, Holger Drachmann, Hugo Alfvén, Laurits Tuxen, Marie Krøyer, Michael Peter Ancher, Midsummer, Skagen, beach, bonfire","fire, man, woman",0.8209712505340576,0.0,0.0,0.0,0.0,0.0,0.0
musical instrument,woman,0.12994161248207092,0.0,0.0,0.0,0.0,0.0,0.0
"family, girl, maternal bond, woman","child, woman",0.8775660395622253,0.0,0.10638297872340426,0.03336574130316504,0.28571428571428575,0.0,0.28571428571428575
"Jesus Christ, Mary, Mary Magdalene, aureola, man, waist-length hair, woman","Christ, death, Jesus Christ, Mary Magdalene, Mary of Magdala, Mary of Bethany, Mary of Magdala",0.8577191829681396,0.0,0.3542857142857143,0.08225964699966554,0.4,0.2608695652173913,0.32
"Holy Family, John the Baptist, child, city, hill, river, spring","Joseph, Mary, baby Jesus",0.8317052721977234,0.0,0.0,0.0,0.0,0.0,0.0
"Barcelona, Elisa Casas, flower, glove, plant, woman, yard",woman,-0.2573907673358917,0.0,0.0684931506849315,0.00016215809237314185,0.2222222222222222,0.0,0.2222222222222222
Pierre Cacault,Jean-Baptiste de la Motteuville,0.8734612464904785,0.0,0.0,0.0,0.0,0.0,0.0
John the Baptist,"mountain, waterfall",0.6675652861595154,0.0,0.0,0.0,0.0,0.0,0.0
"Christ carrying the cross, Jesus Christ","Christ, crown of thorns, cross, hand, man, star",0.9178458452224731,0.0,0.16129032258064518,0.03303164318013808,0.28571428571428575,0.0,0.28571428571428575
"Catskill Mountains, autumn","landscape, pasture, tree",0.857815146446228,0.0,0.0,0.0,0.0,0.0,0.0
Klemens Stang,Einar Moe,0.8782418370246887,0.0,0.0,0.0,0.0,0.0,0.0
"chair, church building, man, priest, sermon, woman","baptism, church, man, woman",0.9631607532501221,0.0,0.22388059701492535,0.04994668186788306,0.5454545454545454,0.0,0.5454545454545454
"John the Baptist, sheep",David,0.09008198231458664,0.0,0.0,0.0,0.0,0.0,0.0
"Sun, Venice, daylight, light source, sky","Venice, gondola, sun, sky",0.8967099189758301,0.0,0.2586206896551724,0.0641328089975786,0.6,0.0,0.4
"house, tree","house, man, palm tree, river, tree",0.9183156490325928,0.0,0.4166666666666667,0.048549177170732344,0.5,0.0,0.5
Godert van der Capellen,Charles X of France,0.7297455668449402,0.0,0.0,0.0,0.0,0.0,0.0
"PrimHolstein, grass, grazing, pasture, rural area",cow,0.4259527921676636,0.0,0.0,0.0,0.0,0.0,0.0
"drinking, interior, man, party, woman",woman,-0.18556033074855804,0.0,0.10869565217391304,0.003257032351754417,0.33333333333333337,0.0,0.33333333333333337
bouquet,flower,0.9845799207687378,0.0,0.0,0.0,0.0,0.0,0.0
annunciation to the shepherds,"Christ Child, angel, cow, shepherd",0.8650878071784973,0.0,0.12195121951219512,0.0,0.22222222222222224,0.0,0.22222222222222224
"Juan Gris, artist, man, portrait",Jean Cocteau,0.7973781824111938,0.0,0.0,0.0,0.0,0.0,0.0
"Atlantic Ocean, bird, cloud, coast, crepuscular ray, horizon, lighthouse, ocean, sailboat, sailing ship, sea, sky",Point Judith Lighthouse,0.8284286260604858,0.0,0.036231884057971016,0.0020810583614605045,0.1111111111111111,0.0,0.1111111111111111
boat,"boat, man, ship, sky, sea, ship, sky, ship, ship, ship, ship, ship, ship, ship,",0.5073234438896179,0.0,0.2173913043478261,0.01428363257865929,0.13333333333333333,0.0,0.13333333333333333
"glasses, philosophy",Jean-Baptiste de la Motte Fouqué,0.4617139399051666,0.0,0.0,0.0,0.0,0.0,0.0
"bangs, basket, bouquet, chestnut hair, choker, dark brown, dress, eyebrow, flower, gaze towards the viewer, girl, rose, smile, waist-length hair",girl,-0.19385464489459991,0.0,0.027624309392265196,9.963337543511952e-10,0.09523809523809523,0.0,0.09523809523809523
"tree, waterfall","river, waterfall",0.9284580945968628,0.0,0.25,0.1495348781221221,0.5,0.0,0.5
ruins,"Roman Forum, Via Sacra, temple",-0.05352751165628433,0.0,0.0,0.0,0.0,0.0,0.0
Johannes Camphuys,man,0.12224498391151428,0.0,0.0,0.0,0.0,0.0,0.0
"coast, harbor, sailing ship","ship, sea, shipwreck",0.9322082996368408,0.0,0.12820512820512822,0.0814136751754278,0.28571428571428575,0.0,0.28571428571428575
Louis Jacques Veltman,John Henry Biddle,0.9056439399719238,0.0,0.0,0.0,0.0,0.0,0.0
"St Stevens Church, man, sacristy","church, man",0.4125606417655945,0.0,0.39893617021276595,0.07055995207471726,0.5714285714285715,0.4,0.5714285714285715
"axe, man, religious painting, tree","man, woman",0.8481760621070862,0.0,0.10638297872340426,0.03336574130316504,0.28571428571428575,0.0,0.28571428571428575
"Gabriel, Mary, angel, female, hortus conclusus, landscape","Annunciation, angel, woman",0.8302315473556519,0.0,0.07575757575757576,0.029950417327249696,0.2,0.0,0.2
"jug, pipe, table","man, woman",0.8395941853523254,0.0,0.0,0.0,0.0,0.0,0.0
"hand-in-waistcoat, man, vest",Jean-Baptiste de la Tour,0.823203444480896,0.0,0.0,0.0,0.0,0.0,0.0
"Jesus Christ, man","Christ, Crucifixion",0.7686187624931335,0.0,0.17241379310344826,0.09069748827745895,0.4,0.0,0.4
"hat, man, rock, stream, tree, walking stick","river, man, tree",0.9280127882957458,0.0,0.15151515151515152,0.035617249382866124,0.4,0.0,0.4
Willem Croes,man,0.19053781032562256,0.0,0.0,0.0,0.0,0.0,0.0
man,man,0.9999998807907104,1.0,0.5,0.1778279410038923,1.0,0.0,1.0
Cupid,Cupid,1.0000001192092896,1.0,0.5,0.1778279410038923,1.0,0.0,1.0
Alfred Sisley,Pierre Bonnard,0.8497422933578491,0.0,0.0,0.0,0.0,0.0,0.0
"Christ Child, Madonna and Child, Mary, blond hair, boy, cherry, chestnut hair, cushion, female breast, mother, nipple, overcoat, pigtail, see-through clothing, sitting, toplessness, waist-length hair, woman","Mary, child",0.8099810481071472,0.0,0.04237288135593221,1.0926126318830351e-06,0.14285714285714288,0.0,0.07142857142857144
"Thomas Brooke-Pechell, man, portrait","John Jervis, 1st Earl of St Vincent",0.7141790390014648,0.0,0.0,0.0,0.0,0.0,0.0
"broad-leaved tree, hen, house, landscape, path, reed","house, tree",0.8748628497123718,0.0,0.15384615384615383,0.014597006292595256,0.4444444444444445,0.0,0.22222222222222224
"Alexandre Millerand, glasses",Gustav Heinrich von Schadow,0.7654708027839661,0.0,0.0,0.0,0.0,0.0,0.0
landscape painting,"house, landscape, tree",0.8440678119659424,0.0,0.2380952380952381,0.11362193664674995,0.4,0.0,0.4
"coast, herd, sheep",sheep,0.6020724177360535,0.0,0.17857142857142855,0.024066394763145416,0.5,0.0,0.5
Léopoldine Hugo,woman,-0.14071455597877502,0.0,0.0,0.0,0.0,0.0,0.0
"Jesus Christ, Mary, death, sadness","Jesus Christ, Mary Magdalene",0.8392760753631592,0.0,0.600907029478458,0.3096787331587729,0.6666666666666665,0.5714285714285715,0.6666666666666665
Countess Palatine Maria Eufrosyne of Zweibrücken,woman,-0.18200430274009705,0.0,0.0,0.0,0.0,0.0,0.0
"Capitoline Hill, Column of Phocas, Lacus Juturnae, Rome, Temple of Castor and Pollux, Temple of Saturn","Roman Forum, Temple of Antoninus and Faustina",0.9453369379043579,0.0,0.16924208977189112,0.02137134585333444,0.26086956521739124,0.09523809523809522,0.26086956521739124
"Claude Monet, Edmond Maître, Frédéric Bazille, Minerva, Otto Scholderer, Pierre-Auguste Renoir, Zacharie Astruc, book, ceramic, hat, man, musician, painter, painting, physical container, sculpture in the round, sitting, table, woman, Édouard Manet, Émile Zola","Charles Gleyre, Charles Leickert, Charles Meryon, Charles Pissarro, Charles Rougier, Émile Z",0.9146677255630493,0.0,0.016181229773462782,0.0029599239072856404,0.041666666666666664,0.0,0.041666666666666664
nudity,"bath, bathtub, dog, man, woman",0.5723352432250977,0.0,0.0,0.0,0.0,0.0,0.0
"David, Saul, beard, harp, man, sitting, turban","David, harp, harpist, harpist playing, harpist's head, harpist's hand, harp",0.8244543075561523,0.0,0.136986301369863,0.025098621243978974,0.23529411764705882,0.0,0.23529411764705882
"Andronikos II Palaiologos, Constantinople, Hagia Sophia, Roger de Flor","Alexander the Great, Alexander the Great's funeral procession",0.739529013633728,0.0,0.0,0.0,0.0,0.0,0.0
"bangs, blond hair, blue, décolletage, eyebrow, girl, kitten, pet, scarf, see-through clothing, sitting, smile","cat, girl",0.8163430690765381,0.0,0.0390625,0.00037065990463274877,0.11764705882352941,0.0,0.11764705882352941
Jesus Christ,"Christ, Crucifixion, Jesus Christ, man, woman",0.8154779076576233,0.0,0.78125,0.08633400213704504,0.5,0.33333333333333337,0.5
tree,"dog, goat, man, sheep, tree",0.5147740244865417,0.0,0.35714285714285715,0.05372849659117709,0.33333333333333337,0.0,0.33333333333333337
"Calvary, Carthusian Order, Crucifixion of Jesus, John the Evangelist, Passion, crucifixion, tree of life, tree of the knowledge of good and evil","Christ, Mary, Saint John the Evangelist",0.8004137873649597,0.0,0.07352941176470588,0.014039239051411242,0.21428571428571427,0.15384615384615385,0.21428571428571427
"Rembrandt, akimbo, man, standing",Rembrandt van Rijn,0.739931046962738,0.0,0.12820512820512822,0.0814136751754278,0.28571428571428575,0.0,0.28571428571428575
auto-da-fé,"Inquisition, man, woman",0.8073713183403015,0.0,0.0,0.0,0.0,0.0,0.0
Catharina Maria Voltemat,woman,-0.17948418855667114,0.0,0.0,0.0,0.0,0.0,0.0
"Christ Child, Mary, boy, mother, woman","Christ Child, Mary, child",0.9379666447639465,0.0,0.2586206896551724,0.24117803988461298,0.6,0.5,0.6
mountain,"El Pilar, El Pilar volcano, lake, mountain, palm tree, sky, tree",0.03619278967380524,0.0,0.25000000000000006,0.018850319022747353,0.16666666666666669,0.0,0.16666666666666669
"cow, grass, grazing, herd, pasture, rural area, sky, wetland","cow, field, grass, sky",0.9291519522666931,0.0,0.23529411764705882,0.030294193903784135,0.46153846153846156,0.0,0.46153846153846156
"Lucretia, woman",woman,-0.20564697682857513,0.0,0.2631578947368421,0.06541924356118012,0.6666666666666666,0.0,0.6666666666666666
man,man,0.9999998807907104,1.0,0.5,0.1778279410038923,1.0,0.0,1.0
Herman Cedercreutz,Count of Hohenlohe-Langenburg,0.8661082983016968,0.0,0.0,0.0,0.0,0.0,0.0
"Alpilles, Cupressus, Moon, Saint-Rémy-de-Provence, cloud, night, sky, star",Starry Night,0.7346600890159607,0.0,0.06756756756756756,0.007444903200446295,0.1818181818181818,0.0,0.1818181818181818
"body of water, rock, wind wave","Maine, sea, wave",0.9351536631584167,0.0,0.08771929824561403,0.0417991745584234,0.2222222222222222,0.0,0.2222222222222222
Epes Sargent,Samuel Johnson,0.7530350089073181,0.0,0.0,0.0,0.0,0.0,0.0
"house, tree, village pond","house, river",0.8234125971794128,0.0,0.13157894736842105,0.05501080739920602,0.3333333333333333,0.0,0.3333333333333333
"Japanese people, Prunus subg. Cerasus, areola, barefoot, building, drapery, eyebrow, female breast, flower, gaze towards the viewer, hygiene, kimono, malleolus, navel, nipple, nudity, pole, spring, standing, toe, washing, woman",woman,-0.3138672113418579,0.0,0.019083969465648856,1.229573534294269e-13,0.06666666666666667,0.0,0.06666666666666667
Tamar,"David, Bathsheba",0.8800324201583862,0.0,0.0,0.0,0.0,0.0,0.0
"bouquet, flower",flower,0.6391268968582153,0.0,0.2631578947368421,0.06541924356118012,0.6666666666666666,0.0,0.6666666666666666
man,man,0.9999998807907104,1.0,0.5,0.1778279410038923,1.0,0.0,1.0
Annunciation,Mary,0.7470853924751282,0.0,0.0,0.0,0.0,0.0,0.0
tree,"Amsterdam, park, river, tree",0.4766068756580353,0.0,0.3846153846153847,0.08034284189446518,0.4,0.0,0.4
bouquet,flower,0.9845799207687378,0.0,0.0,0.0,0.0,0.0,0.0
man,man,0.9999998807907104,1.0,0.5,0.1778279410038923,1.0,0.0,1.0
"Jamaica, sunset","sky, sunset",0.9404449462890625,0.0,0.25,0.1495348781221221,0.5,0.0,0.5
bullfighting,bullfighting,0.9999998807907104,1.0,0.5,0.1778279410038923,1.0,0.0,1.0
Martha Rigden,Mary Wortley Montagu,0.9082456827163696,0.0,0.0,0.0,0.0,0.0,0.0
Michiel Jansz van Middelhoven,John Calvin,0.6705911159515381,0.0,0.0,0.0,0.0,0.0,0.0
Saint-Séverin,"Cathedral of Saint John the Divine, arch, window",0.7770756483078003,0.0,0.0,0.0,0.2,0.0,0.2
"Lucretia, blood, contrapposto, female breast, major trauma, navel, nudity, poignard, waist-length hair, woman","Christ, woman",0.7319072484970093,0.0,0.04201680672268908,0.0006111148689636938,0.13333333333333336,0.0,0.13333333333333336
"Venus, eagle, horse, lion, pigeon, woman","Apollo, Cupid, lion, woman",0.906893253326416,0.0,0.17241379310344826,0.05795053470733952,0.4,0.0,0.4
"Christ Child, Mary","Christ Child, Mary",1.000000238418579,1.0,0.9814814814814815,0.5623413251903491,1.0,1.0,1.0
"hill, landscape, tree, valley",landscape,-0.11200781911611557,0.0,0.13513513513513511,0.008853531856477262,0.4,0.0,0.4
allegory of philosophy,Hera,0.8744035363197327,0.0,0.0,0.0,0.0,0.0,0.0
Tobias,man,0.6569711565971375,0.0,0.0,0.0,0.0,0.0,0.0
Venus,"Cupid, Venus",0.0018670298159122467,0.0,0.45454545454545453,0.1495348781221221,0.6666666666666666,0.0,0.6666666666666666
"Saint Peter, beard, book, key",Saint Peter,0.733641505241394,0.0,0.39893617021276595,0.07055995207471726,0.5714285714285715,0.4,0.5714285714285715
"Native Americans in the United States, portrait, woman",woman,-0.1299065351486206,0.0,0.0684931506849315,0.00016215809237314185,0.2222222222222222,0.0,0.2222222222222222
"Allium sativum, crock",garlic,-0.11720580607652664,0.0,0.0,0.0,0.0,0.0,0.0
"man, portrait",John H. Hays,0.7106112241744995,0.0,0.0,0.0,0.0,0.0,0.0
horse,"Charles X of France, horse, man, rider",-0.16354672610759735,0.0,0.31250000000000006,0.033031643180138064,0.25,0.0,0.25
"gaze towards the viewer, man",man,0.0832485780119896,0.0,0.10869565217391304,0.003257032351754417,0.33333333333333337,0.0,0.33333333333333337
"Mercury, Psyche","Apollo, Eros, Cupid, Eros and Cupid, Venus",0.6581017374992371,0.0,0.0,0.0,0.0,0.0,0.0
Christ Child,"Christ Child, Joseph, Mary",0.8112353086471558,0.0,0.8522727272727273,0.16990442448471224,0.6666666666666666,0.5,0.6666666666666666
"corpse, pain, woman","Alexander the Great, Alexander the Younger, Alexander the Elder, Alexander the Elder, Alexander the Younger, Alexander the Younger, Alexander",0.5390649437904358,0.0,0.0,0.0,0.0,0.0,0.0
Jesus at the home of Martha and Mary,"Mary Magdalene, Jesus Christ",0.8650529384613037,0.0,0.13157894736842105,0.0351487760467425,0.3333333333333333,0.0,0.16666666666666666
Jacob van Loo,man,0.294486403465271,0.0,0.0,0.0,0.0,0.0,0.0
"broad-leaved tree, field, flight, plough, raven, rural area, sky, snow, winter","bird, cart, snow",0.8933812379837036,0.0,0.049019607843137254,0.007894844292834697,0.14285714285714288,0.0,0.14285714285714288
Cornelis Backer,man,0.12563815712928772,0.0,0.0,0.0,0.0,0.0,0.0
"Christ Child, Madonna and Child, Mary, angel","Christ Child, Mary, angel, woman",0.9707605838775635,0.0,0.551470588235294,0.21197381067415422,0.6666666666666666,0.6,0.6666666666666666
"necklace, princess",girl,0.05157560482621193,0.0,0.0,0.0,0.0,0.0,0.0
"Christ Child, Mary, boy, mother, woman","Christ Child, Mary, Saint John the Baptist, Saint John the Evangelist, Saint Peter",0.7482534050941467,0.0,0.4394693200663351,0.0768968397262906,0.3157894736842105,0.23529411764705882,0.3157894736842105
"Roman Forum, house, tree","Colosseum, Roman Forum, Roman Aqueduct, Roman Bridge, Roman Theater",0.681742787361145,0.0,0.22222222222222224,0.050712153369465586,0.30769230769230765,0.18181818181818182,0.30769230769230765
"boat, mountain, tree",Raitaagh,0.8682220578193665,0.0,0.0,0.0,0.0,0.0,0.0
Carl Gustaf Wrangel,man,0.09683472663164139,0.0,0.0,0.0,0.0,0.0,0.0
Polyphemus,"Eros, Venus",0.8830579519271851,0.0,0.0,0.0,0.0,0.0,0.0
"Gouden Bocht, Herengracht","Amsterdam, canal, boat, boatman, building, building exterior, building roof, cloud, man, person, sky, street, tree",0.8205581903457642,0.0,0.0,0.0,0.0,0.0,0.0
"castle, footbridge, mountain, pine tree, waterfall","bridge, forest, river, waterfall",0.9296839833259583,0.0,0.08620689655172413,0.04873039689743777,0.2,0.0,0.2
"Jesus Christ, John the Baptist, Mary, crucifix","Christ, Crucifixion, Mary Magdalene, Saint John the Evangelist",0.9476436376571655,0.0,0.4445422535211268,0.06985342056580097,0.5333333333333333,0.15384615384615383,0.39999999999999997
"Tyre, tsunami",storm,0.5629453659057617,0.0,0.0,0.0,0.0,0.0,0.0
"Artemisia II of Caria, Judith, Saskia van Uylenburgh, Sophonisba, book, bracelet, cup with stem, domestic worker, dress, drink, earring, gemstone, kneeling, pearl, pearl necklace, queen regnant, red hair, sitting, table, tablecloth, waist-length hair, woman","book, candle, woman",0.8895828723907471,0.0,0.03236245954692557,4.395517768445915e-06,0.10810810810810811,0.0,0.10810810810810811
"Grand Canal, Punta della Dogana, Santa Maria della Salute, Venice","Venice, boat, canal, city, flag, man, ship, statue",0.8332008123397827,0.0,0.10204081632653061,0.025725069574826766,0.22222222222222224,0.0,0.11111111111111112
"portrait, woman",woman,-0.03444924205541611,0.0,0.2631578947368421,0.06541924356118012,0.6666666666666666,0.0,0.6666666666666666
"Nicholas I of Russia, art collection, chandelier, fauteuil, museum, painting, seat","room, table",-0.30618947744369507,0.0,0.0,0.0,0.0,0.0,0.0
"1874, Achille Ballière, Charles Bastien, François Jourde, Henri Rochefort, March 19, Paschal Grousset, Penal colony of New Caledonia, man, night, oar, prison escape, rudder, sailing ship, whaleboat, wind wave","boat, man, sea",0.8863404393196106,0.0,0.01893939393939394,1.956936247530599e-05,0.0588235294117647,0.0,0.0588235294117647
"Languedoc-Roussillon, house, landscape","house, sea",0.7889277935028076,0.0,0.17241379310344826,0.09069748827745895,0.4,0.0,0.4
"Madonna and Child, Roch","Jesus Christ, Mary, Joseph",0.6885762810707092,0.0,0.0,0.0,0.0,0.0,0.0
Wally Neuzil,"Egon Schiele, woman",0.9391446113586426,0.0,0.0,0.0,0.0,0.0,0.0
"fog, morning, sea","Obelisk of Constantinople, ship, sunset",0.8719558715820312,0.0,0.0,0.0,0.0,0.0,0.0
Christian Joakim Klingspor,Christian Johann von Klingspor,0.9081092476844788,0.0,0.32258064516129037,0.09554427922043669,0.5714285714285715,0.0,0.5714285714285715
flower,flower,1.0,1.0,0.5,0.1778279410038923,1.0,0.0,1.0
"apple, bottle, brioche, cherry, flower, sugar bowl","apple, bowl, cake, fruit, fruit bowl, fruit bowl, fruit bowl, fruit bowl, fruit bowl, fruit bowl, fruit bowl",0.7278092503547668,0.0,0.1234567901234568,0.01284618972676772,0.16,0.0,0.16
Princess Louise Auguste of Denmark,Anna Maria of Austria,0.7839669585227966,0.0,0.10204081632653061,0.06257106818159155,0.22222222222222224,0.0,0.22222222222222224
Anna Wallenberg,woman,-0.1186957135796547,0.0,0.0,0.0,0.0,0.0,0.0
Alexander VII,Pope Urban VIII,0.7628272175788879,0.0,0.0,0.0,0.0,0.0,0.0
"Mary, woman",Jesus Christ,0.7858006358146667,0.0,0.0,0.0,0.0,0.0,0.0
"Bathsheba, Bathsheba at her bath, armpit, back, barefoot, bathing, black hair, coif, dimples of Venus, drapery, eye contact, eyebrow, female breast, fountain, grass, group of humans, height, hip, kneeling, loincloth, malleolus, navel, necklace, nipple, nude swimming, nudity, pedicure, rural area, sandal, sitting, toe, toplessness, tree, turban, washing, woman","Diana, Hestia, nymph",0.8624767065048218,0.0,0.0,0.0,0.0,0.0,0.0
man,man,0.9999998807907104,1.0,0.5,0.1778279410038923,1.0,0.0,1.0
"Jesus Christ, man",Last Supper,0.44708049297332764,0.0,0.0,0.0,0.0,0.0,0.0
Ludvig Holberg,John Wilkes,0.7677159905433655,0.0,0.0,0.0,0.0,0.0,0.0
Carl August Adlersparre,man,0.12436048686504364,0.0,0.0,0.0,0.0,0.0,0.0
"Aktuelt, Social-Demokraten, cobbler, kerosene lamp, man, newspaper, pipe, sitting","man, smoking, table",0.8308593034744263,0.0,0.05952380952380952,0.015377056977980369,0.16666666666666666,0.0,0.16666666666666666
"White people, dress, pearl, woman","Elizabeth, Countess of Carlisle",0.8623292446136475,0.0,0.0,0.0,0.0,0.0,0.0
"Rouen, Rouen Cathedral, cathedral, morning",Rouen Cathedral,0.8403211236000061,0.0,0.2127659574468085,0.07055995207471726,0.5714285714285715,0.4,0.5714285714285715
"belt, boy, gaze towards the viewer, sword",boy,-0.3943312168121338,0.0,0.078125,0.0004407913958354948,0.25,0.0,0.25
"death, landscape, lumberjack, scythe, wood","man, woman",0.8225703239440918,0.0,0.0,0.0,0.0,0.0,0.0
tree,tree,0.9999999403953552,1.0,0.5,0.1778279410038923,1.0,0.0,1.0
"forest, tree","forest, man",0.9113423824310303,0.0,0.25,0.1495348781221221,0.5,0.0,0.5
"Saint George, dragon, fight with dragon, man","dragon, horse, knight, rider, sword",0.9062523245811462,0.0,0.07352941176470587,0.036015288308423515,0.16666666666666666,0.0,0.16666666666666666
"Christ Child, Madonna and Child, Mary, bird, book, parapet","Christ Child, Mary, angel, city, landscape, tree",0.9505899548530579,0.0,0.29040404040404044,0.06908501454998436,0.375,0.28571428571428575,0.375
"Eiffel Tower, Henri Rousseau, cloud, hot air balloon, paintbrush, palette","Henri Rousseau, man, palette, ship, sky, tree",0.9088707566261292,0.0,0.2634593356242841,0.05035983350735684,0.3529411764705882,0.13333333333333333,0.3529411764705882
Urban VIII,Cardinal Carlo Maria Viganò,0.5772796869277954,0.0,0.0,0.0,0.0,0.0,0.0
"Nils Gyldenstolpe, cravat",John III of Sweden,0.7791403532028198,0.0,0.0,0.0,0.0,0.0,0.0
tree,city,0.7364374399185181,0.0,0.0,0.0,0.0,0.0,0.0
"Christ Child, Mary, boy, mother, woman","Christ Child, Mary, Saint John the Baptist",0.800445020198822,0.0,0.4826958105646631,0.16348126556655487,0.4615384615384615,0.3636363636363636,0.4615384615384615
"Nicolas de Largillière, cloud, family, man, sheet music, sitting, tree, woman","Charles X of France, Marie Antoinette of France, Marie Louise of France",0.7492324113845825,0.0,0.0,0.0,0.0,0.0,0.0
"Paul the Apostle, Saint Peter",Saint Peter,0.8354942798614502,0.0,0.39893617021276595,0.07055995207471726,0.5714285714285715,0.4,0.5714285714285715
Jesus Christ,"Christ, Jesus Christ, Mary Magdalene, Mary of Magdala, Mary of Bethany, Mary of Jerusalem, Mary of Sal",0.7870396971702576,0.0,0.5357142857142857,0.02432542569851428,0.21052631578947367,0.11764705882352941,0.21052631578947367
"Biblioteca Nazionale Marciana, Doges Palace, Grand Canal, Jacques-Vincent de Languet de Gergy, Piazzetta San Marco, San Marco basin, Santa Maria della Salute, Venice, column of San Marco, column of San Teodoro, molo of the Doges Palace","Doge's Palace, Venice, boat, crowd, gondola, man, woman",0.906955897808075,0.0,0.07697456492637215,0.0019630090715513798,0.13636363636363638,0.04761904761904761,0.13636363636363638
hermit,Saint Francis of Assisi,0.269117534160614,0.0,0.0,0.0,0.0,0.0,0.0
"Dido, Juno, Memorial Gilded Ewer for Amsterdam Guild in Memory of the Artists Brother",Moses,0.4239211678504944,0.0,0.0,0.0,0.0,0.0,0.0
Frederick VI of Denmark,George IV,0.7896563410758972,0.0,0.0,0.0,0.0,0.0,0.0
"evening, landscape painting, tree",landscape,-0.11678187549114227,0.0,0.13513513513513511,0.008853531856477262,0.4,0.0,0.4
Folco Portinari,man,0.09872064739465714,0.0,0.0,0.0,0.0,0.0,0.0
"Green pea, Prunus subg. Prunus, apricot, asparagus, basket, cherry, currant, fruit, gooseberry, grape, leaf, peach, table","asparagus, basket, berry, cherry, fruit, plum",0.9516417384147644,0.0,0.21041666666666667,0.01939167108245287,0.36363636363636365,0.1,0.36363636363636365
"candle, reading, woman","candle, letter, woman",0.97122722864151,0.0,0.3333333333333333,0.13512001548070346,0.6666666666666666,0.0,0.6666666666666666
"Erato, Melpomene, Polyhymnia, musical instrument, sheet music, string instrument","Cyparissus, Cyparissus australis, Cyparissus luteus, Cypariss",0.7728670835494995,0.0,0.0,0.0,0.0,0.0,0.0
"Holy Family, John the Baptist, Madonna and Child, infant","Christ Child, Mary, child, cherub, man",0.9025195240974426,0.0,0.0574712643678161,0.024761510494160165,0.13333333333333333,0.0,0.13333333333333333
boat,ship,0.6169459819793701,0.0,0.0,0.0,0.0,0.0,0.0
man,Jacobus Sperantius,0.18673978745937347,0.0,0.0,0.0,0.0,0.0,0.0
"Coronation of the Virgin, Jesus Christ, life of Jesus in the New Testament, man","Christ, Christ Child, Mary, Mary Magdalene, Saint John the Baptist, Saint John the Evangelist, Saint Peter, Saint Peter",0.7793371081352234,0.0,0.10416666666666666,0.014216645907653848,0.1875,0.0,0.125
"horse, man, stable","horse, man",0.9050053358078003,0.0,0.6465517241379309,0.19180183554164504,0.8,0.6666666666666666,0.8
"Catherine of Alexandria, Christ Child, Mary, boy, woman","Christ Child, Mary, Joseph, John the Baptist, Mary Magdalene",0.8670978546142578,0.0,0.3155006858710563,0.11868405219520975,0.35294117647058826,0.26666666666666666,0.35294117647058826
"Place du Grand Sablon - Grote Zavel, house",market,-0.3373199999332428,0.0,0.0,0.0,0.0,0.0,0.0
"Irene of Rome, Saint Apollonia, Saint Sebastian, arrow, pincers, tooth","Mary Magdalene, John the Baptist",0.7179020047187805,0.0,0.0,0.0,0.0,0.0,0.0
Christian IV of Denmark,"battle, man, soldier",0.835071325302124,0.0,0.0,0.0,0.0,0.0,0.0
costume,Harlequin,0.4568515121936798,0.0,0.0,0.0,0.0,0.0,0.0
"Fillide Melandroni, black hair, bracelet, chignon, courtesan, dress, earring, eyebrow, waist-length hair, woman",woman,-0.2910374104976654,0.0,0.04237288135593221,1.0926126318830351e-06,0.14285714285714288,0.0,0.14285714285714288
"boat, broad-leaved tree, canal, cloud, cottage, house, rural area, sky, tree","canal, house, tree",0.9217451214790344,0.0,0.14705882352941177,0.010390199410106042,0.42857142857142855,0.0,0.42857142857142855
woman,Leda,0.004395982250571251,0.0,0.0,0.0,0.0,0.0,0.0
"mask, sea monster",Sva Cviqve Persona,0.8617287874221802,0.0,0.0,0.0,0.0,0.0,0.0
Medusa,Medusa,0.9999999403953552,1.0,0.5,0.1778279410038923,1.0,0.0,1.0
"Candaules, Gyges of Lydia, Nyssia, andiron, back, bed, bedroom, buttocks, carpet, clothed male, dimples of Venus, drapery, fireplace, gluteal sulcus, half reclining, intergluteal cleft, moustache, naked female, nightshirt, nudity, standing, woman","bed, man, nude, woman",0.8659907579421997,0.0,0.03533568904593639,0.000111870849422391,0.1142857142857143,0.0,0.1142857142857143
woman,woman,0.9999998807907104,1.0,0.5,0.1778279410038923,1.0,0.0,1.0
"landscape painting, mountain, nude",woman,-0.15541589260101318,0.0,0.0,0.0,0.0,0.0,0.0
castle,"castle, man, storm",0.6616811156272888,0.0,0.4166666666666667,0.11362193664674995,0.5,0.0,0.5
boat,"Amsterdam, storm",0.7230159640312195,0.0,0.0,0.0,0.0,0.0,0.0
Jules-Antoine Castagnary,Charles Gounod,0.8390984535217285,0.0,0.0,0.0,0.0,0.0,0.0
"Aphrodite, Athena, Eros, Hera, Paris, areola, black hair, boy, bracelet, broad-leaved tree, chestnut hair, chignon, chiton, clothed male, female breast, flower, goat, goatherd, grazing, herd, man, mons pubis, naked female, navel, necklace, pasture, peafowl, pubic hair removal, red hair, rural area, shadow, sky, smile, woman","Bacchus, Bacchantes, Bacchus and the Bacchantes, Bacchus and Ariadne, Bacchus",0.8066778182983398,0.0,0.0,0.0,0.0,0.0,0.0
Mary,"Christ Child, Mary, angel, cloud, flower, halo, man, woman",0.4146963953971863,0.0,0.27777777777777785,0.023980296761827107,0.19999999999999998,0.0,0.19999999999999998
"Thomas Chatterton, suicide by poison","bed, man, window",0.86676025390625,0.0,0.0,0.0,0.0,0.0,0.0
"horse, man, wagon","horse, man",0.9067705869674683,0.0,0.6465517241379309,0.19180183554164504,0.8,0.6666666666666666,0.8
"Cotopaxi volcano, volcanic eruption","Mount Etna, lake, mountain, volcano",0.871272623538971,0.0,0.12195121951219512,0.05372849659117709,0.22222222222222224,0.0,0.22222222222222224
"Aphrodite, Venus, armpit, birth of Aphrodite, chestnut hair, conch, foam, lying, navel, nudity, putto, sea, sky, waist-length hair, wind wave, woman",Venus,-0.11905956268310547,0.0,0.02631578947368421,3.6653070477096275e-10,0.0909090909090909,0.0,0.0909090909090909
"Holy Trinity, Jesus Christ, Mary Magdalene, angel, man, waist-length hair, woman","Christ, Jesus Christ, Jesus Christ crucified, man",0.8760044574737549,0.0,0.2410901467505241,0.04365582670262632,0.33333333333333326,0.125,0.33333333333333326
"book, musical instrument, sculpture, sheet music, statue, string instrument","book, lute, music stand, musical instrument, statue",0.945470929145813,0.0,0.28409090909090906,0.06600677920111638,0.6250000000000001,0.14285714285714288,0.5
"boat, house","house, man, river, woman",0.8807014226913452,0.0,0.22727272727272727,0.08034284189446518,0.3333333333333333,0.0,0.3333333333333333
"art collection, painting","art gallery, boy, mother, painting, ship",0.9108971953392029,0.0,0.30303030303030304,0.048549177170732344,0.4444444444444444,0.0,0.4444444444444444
"Biblical Magi, Christ Child, Mary, adoration, adoration of the Magi","Joseph, Mary, baby Jesus, Magi",0.9357783794403076,0.0,0.10526315789473685,0.023505403213046533,0.26666666666666666,0.0,0.26666666666666666
Vilhelm Lundstrøm,man,0.3051219582557678,0.0,0.0,0.0,0.0,0.0,0.0
"couple, fireplace, interior, man, woman",woman,-0.24763579666614532,0.0,0.10869565217391304,0.003257032351754417,0.33333333333333337,0.0,0.33333333333333337
William Thompson Walters,Jean-Baptiste Belin,0.8842083215713501,0.0,0.0,0.0,0.0,0.0,0.0
Francisco de los Cobos,man,0.30282726883888245,0.0,0.0,0.0,0.0,0.0,0.0
"Flagellation of Christ, Jesus Christ",Jesus Christ,0.8429665565490723,0.0,0.39893617021276595,0.07055995207471726,0.5714285714285715,0.4,0.5714285714285715
coast,"boat, cliff, fishing, man, sea, ship, woman",-0.11382410675287247,0.0,0.0,0.0,0.0,0.0,0.0
"Juan Martín Díez, man, military uniform, shoulder belt",man,0.1144641563296318,0.0,0.0684931506849315,0.00016215809237314185,0.18181818181818182,0.0,0.18181818181818182
Saint Peter,Daniel,0.1448879987001419,0.0,0.0,0.0,0.0,0.0,0.0
August Allebé,man,0.17256319522857666,0.0,0.0,0.0,0.0,0.0,0.0
"1795–1820 clothing, Antoine Français de Nantes, man",Charles X of France,0.9079131484031677,0.0,0.0,0.0,0.0,0.0,0.0
"White people, man, portrait",man,0.15318992733955383,0.0,0.13513513513513511,0.008853531856477262,0.4,0.0,0.4
"Io, Jupiter",Venus,0.043924786150455475,0.0,0.0,0.0,0.0,0.0,0.0
"autumn, foliage, hill, tree",Mount Monadnock,0.808829128742218,0.0,0.0,0.0,0.0,0.0,0.0
man,man,0.9999998807907104,1.0,0.5,0.1778279410038923,1.0,0.0,1.0
"Christ, Jesus Christ, John the Evangelist, Lamentation of Christ, Mary, Mary Magdalene, death, sadness, suffering","Jesus Christ, Mary, Mary Magdalene",0.874488890171051,0.0,0.34571428571428564,0.10283257773094409,0.5,0.4444444444444445,0.5
"Amager, chicken, clog, door, grandchild, grandfather, mother, pyramid shelf, spinning wheel, table","child, door, man, woman",0.8985726833343506,0.0,0.04464285714285714,0.010873221263821838,0.125,0.0,0.125
Émile Bernard,Egon Schiele,0.8290795683860779,0.0,0.0,0.0,0.0,0.0,0.0
"Mount Desert Island, mountain","Acadia National Park, man, ocean, ship, tree",0.8869783878326416,0.0,0.0,0.0,0.0,0.0,0.0
"Laocoön, corpse, pain, snake","Eros, snake, snake charmer",0.9540054798126221,0.0,0.125,0.08034284189446518,0.22222222222222224,0.0,0.22222222222222224
"Christ washing the Disciples feet, bowl",Jesus Christ,0.7844896912574768,0.0,0.08928571428571427,0.020237345084409754,0.25,0.0,0.25
"church building, column, dog, human figure, interior","Amsterdam, church, dog, man, woman",0.9432752132415771,0.0,0.3758169934640523,0.04282963710525157,0.3333333333333333,0.0,0.3333333333333333
"Paris, painting, studio","pot, stove",0.46293506026268005,0.0,0.0,0.0,0.0,0.0,0.0
crucifix,Christ,0.2709016799926758,0.0,0.0,0.0,0.0,0.0,0.0
"beard, man",Jan van Scorel,0.7960566282272339,0.0,0.0,0.0,0.0,0.0,0.0
Saint Florian,Saint Stephen,0.9316524863243103,0.0,0.25,0.1495348781221221,0.5,0.0,0.5
"Easby Abbey, mountain, tree","Bath, Bath Abbey, Bath Abbey Church, Bath Abbey Churchyard, Bath Abbey Road, Bath Abbey Tower, Bath Abbey Bridge, Bath Abbey",0.6447222232818604,0.0,0.08928571428571429,0.009629943614188135,0.08333333333333334,0.0,0.08333333333333334
Victor Amadeus II of Savoy,Charles II of England,0.7797665596008301,0.0,0.38265306122448983,0.13232169883599026,0.4444444444444445,0.28571428571428575,0.4444444444444445
"Cupid, Venus, bed, birth, curtain, headgear, nude, parturition, pillow, urn",Venus,-0.11854718625545502,0.0,0.054945054945054944,2.1945711360427958e-05,0.18181818181818182,0.0,0.18181818181818182
"parasol, woman",woman,-0.10966511815786362,0.0,0.2631578947368421,0.06541924356118012,0.6666666666666666,0.0,0.6666666666666666
Axel Oxenstierna,man,0.10301336646080017,0.0,0.0,0.0,0.0,0.0,0.0
"boat, house, tree","market, man, woman",0.9306814074516296,0.0,0.0,0.0,0.0,0.0,0.0
bouquet,flower,0.9845799207687378,0.0,0.0,0.0,0.0,0.0,0.0
"Christ, Holy Family, Joseph, Mary","Christ Child, Mary, Joseph",0.9480874538421631,0.0,0.3061224489795918,0.0823481567964712,0.6666666666666665,0.0,0.4444444444444445
"arch, column, sky",statue,0.5111817121505737,0.0,0.0,0.0,0.0,0.0,0.0
Last Supper,Last Supper,1.0,1.0,0.9375,0.316227766016838,1.0,1.0,1.0
"Irma Brunner, brown hair, chignon, dress, eyebrow, hat, lipstick, woman",woman,-0.16355685889720917,0.0,0.054945054945054944,2.1945711360427958e-05,0.18181818181818182,0.0,0.18181818181818182
"Henry Samary, actor, breeches, frock coat, high-angle shot, man, monocle, smile, standing, stocking, top hat",man,0.033982764929533005,0.0,0.036764705882352935,1.478690400037914e-07,0.125,0.0,0.125
"boat, tree","man, rowboat, sea, sky, sunset",0.8957796096801758,0.0,0.0,0.0,0.0,0.0,0.0
"Jesus Christ, Mary, man, woman","Christ, Mary Magdalene, Saint John the Evangelist",0.8131020665168762,0.0,0.3605769230769231,0.06985342056580097,0.3333333333333333,0.2,0.3333333333333333
"Elymas, Paul the Apostle, Sergius Paulus",Procopius of Caesarea,0.8965242505073547,0.0,0.0,0.0,0.0,0.0,0.0
"Nicholas of Tolentino, angel, man, saint",Saint Francis of Assisi,0.4799546003341675,0.0,0.17241379310344826,0.05795053470733952,0.4,0.0,0.2
"Alexander Maconochie, Lord Meadowbank, portrait",man,0.0425909049808979,0.0,0.0,0.0,0.0,0.0,0.0
tree,waterfall,0.7523992657661438,0.0,0.0,0.0,0.0,0.0,0.0
"Flora, Saskia van Uylenburgh, bracelet, dress, décolletage, earring, flower, necklace, woman",woman,-0.27239638566970825,0.0,0.05,8.07337603138401e-06,0.15384615384615385,0.0,0.15384615384615385
Oliver Ingraham Lay,Konstantin Somov,0.8554622530937195,0.0,0.0,0.0,0.0,0.0,0.0
Hieronymus Holzschuher,man,0.20850852131843567,0.0,0.0,0.0,0.0,0.0,0.0
Saint Peter,"Jesus Christ, John the Baptist, water",0.7562853097915649,0.0,0.0,0.0,0.0,0.0,0.0
"Mary, book, lily","Christ Pantocrator, Lamb of God, Mary Magdalene",0.8177553415298462,0.0,0.14705882352941177,0.033031643180138064,0.2,0.0,0.2
Cornelis Troost,man,0.1759188324213028,0.0,0.0,0.0,0.0,0.0,0.0
"Anteros, Linus, Mercury, Pegasus, Venus, Vulcan, bed, broom, caduceus, folk dance, lemon, lyre, marriage, myrtle, quince, rabbit, spring, throwing weapon, tree squirrel, triumphal arch","Bacchus, Dionysus, Eros, Hera, Icarus, Nike, Pan, Persephone, Pegasus,",0.8399273753166199,0.0,0.022222222222222223,0.004529293007113727,0.06060606060606061,0.0,0.06060606060606061
"dog, forest, man, snow","forest, snow, tree",0.9474111199378967,0.0,0.25641025641025644,0.09681772177713914,0.5714285714285715,0.0,0.5714285714285715
"Engel de Ruyter, cravat",man,0.14884087443351746,0.0,0.0,0.0,0.0,0.0,0.0
"Paul the Apostle, apostle, horse, landscape, military uniform, religious painting","Jesus Christ, John the Baptist, John the Evangelist, John the Baptist, John the Evangelist, John the Baptist, John the Evangel",0.6570848226547241,0.0,0.045454545454545456,0.009629943614188135,0.06666666666666667,0.0,0.06666666666666667
"Rosa, fruit tree, landscape",tree,0.4525075852870941,0.0,0.13513513513513511,0.008853531856477262,0.4,0.0,0.4
"lace maker, lacemaking, scissors, woman",embroidery,-0.15778833627700806,0.0,0.0,0.0,0.0,0.0,0.0
"Ottavio Farnese, man, portrait","Edward, Duke of York",0.7890638113021851,0.0,0.0,0.0,0.0,0.0,0.0
"Christ, Crucifixion of Jesus, Jesus Christ, Mary, crucifixion, horse, man, soldier","Christ, Crucifixion, Jesus Christ, Mary Magdalene, Mary of Magdala, Mary of Bethany, Mary of Jerusalem",0.9306513667106628,0.0,0.37402534113060426,0.08609583710384033,0.4615384615384615,0.25,0.3846153846153846
tree,"landscape, mountain, tree",0.6312586665153503,0.0,0.4166666666666667,0.11362193664674995,0.5,0.0,0.5
"Francis of Assisi, John the Baptist","St. Francis of Assisi, St. John the Baptist",0.938879132270813,0.0,0.9498207885304659,0.23119742295813953,0.8571428571428571,0.6666666666666666,0.8571428571428571
"sitting, woman",woman,0.07793153077363968,0.0,0.2631578947368421,0.06541924356118012,0.6666666666666666,0.0,0.6666666666666666
Tortoni,"man, writing",0.7683202028274536,0.0,0.0,0.0,0.0,0.0,0.0
"Lucius Junius Brutus, Lucretia, Lucretius, Marcus Junius Brutus, agony, man, oath, poignard, statue","Brutus, Julius Caesar, woman",0.8829297423362732,0.0,0.04132231404958678,0.008468073234773096,0.11764705882352941,0.0,0.11764705882352941
"Princess of Orange, Wilhelmina of Prussia",woman,0.02843812108039856,0.0,0.0,0.0,0.0,0.0,0.0
"Catherine of Alexandria, Dorothea of Caesarea, Margaret the Virgin, Saint Barbara","Christ Child, Mary, child",0.826667308807373,0.0,0.0,0.0,0.0,0.0,0.0
"cloud, equestrianism, horse, lion, man, rural area, sky",lion,0.3719218969345093,0.0,0.0684931506849315,0.00016215809237314185,0.2222222222222222,0.0,0.2222222222222222
"forest, heath, lake","landscape, mountain, sky, tree",0.9243245124816895,0.0,0.0,0.0,0.0,0.0,0.0
"Otto Rosenørn-Lehn, man",Carl Adelsteen Poulsen,0.9327359199523926,0.0,0.0,0.0,0.0,0.0,0.0
"Sierra Nevada, bird, deer, duck, lake, mountain, tree, waterfall","mountain, river, waterfall",0.9208033084869385,0.0,0.11904761904761904,0.018286505566016496,0.3333333333333333,0.0,0.3333333333333333
"arch, cloud, column, groin vault, man, obelisk, ruins, sky, tread","column, man, woman",0.8869269490242004,0.0,0.10752688172043011,0.01310285379903269,0.30769230769230765,0.0,0.30769230769230765
"Pieter Meyer Warnars, bookstore","Amsterdam, bookshop, man",0.918075680732727,0.0,0.0,0.0,0.0,0.0,0.0
John the Baptist,Saint John the Baptist,0.8257492780685425,0.0,0.9498207885304659,0.3976353643835253,0.8571428571428571,0.8,0.8571428571428571
"Milešovka, blue sky","mountain, sky, tree",0.9057921171188354,0.0,0.16666666666666666,0.11362193664674995,0.28571428571428575,0.0,0.28571428571428575
"David, Goliath, beheaded head",man,0.22269634902477264,0.0,0.0,0.0,0.0,0.0,0.0
"Skagen Lighthouse, beach, boat, cloud, fisher, sky, souwester","man, dog, horse, horse, horse, horse, horse, horse, horse, horse, horse, horse, horse, horse,",0.7150934934616089,0.0,0.0,0.0,0.0,0.0,0.0
"Antiochus I Soter, Erasistratus, Seleucus I Nicator, disease, love, physician","Alexander the Great, Alexander the Younger, Alexander V, Cleopatra II of Egypt, Cleopatra VII of Egypt, Cleop",0.7967825531959534,0.0,0.0,0.0,0.0,0.0,0.0
Maria Petitpas,woman,-0.15050171315670013,0.0,0.0,0.0,0.0,0.0,0.0
"landscape painting, tree",landscape,0.004203855991363525,0.0,0.17857142857142855,0.024066394763145416,0.5,0.0,0.5
"piano, sitting, woman",woman,-0.10182224214076996,0.0,0.17857142857142855,0.024066394763145416,0.5,0.0,0.5
"Hermitage Museum, museum, painting, seat","Hermitage Museum, interior, painting, room, throne",0.9550590515136719,0.0,0.29411764705882354,0.09554427922043669,0.5454545454545454,0.22222222222222224,0.5454545454545454
"Charles I Louis, Elector Palatine, Greenwich armour, Prince Rupert of the Rhine, body armor, family","Charles I of England, Charles II of England, Charles III of England, Charles IV of England, Charles V of England, Charles VI of",0.7950134873390198,0.0,0.0949367088607595,0.019383418023456653,0.15789473684210528,0.05555555555555555,0.15789473684210528
woman,woman,0.9999998807907104,1.0,0.5,0.1778279410038923,1.0,0.0,1.0
"bow, pearl, portrait, woman",Marie Antoinette de Savoie,0.7185236215591431,0.0,0.0,0.0,0.0,0.0,0.0
"Christ Child, Jesus Christ, Mary, halo","Christ Child, Mary",0.9224109053611755,0.0,0.2631578947368421,0.09782458612762486,0.6666666666666666,0.28571428571428575,0.6666666666666666
Lunia Czechowska,woman,-0.08421522378921509,0.0,0.0,0.0,0.0,0.0,0.0
"barefoot, female breast, hip, navel, nudity, sand, steatomery, toe, waist, walking, woman",woman,-0.27320656180381775,0.0,0.04587155963302752,2.9700290627924664e-06,0.15384615384615385,0.0,0.15384615384615385
"Claude Renoir, chair","child, chair, girl, hair, shirt, skirt, woman",0.8663248419761658,0.0,0.14705882352941177,0.033031643180138064,0.2,0.0,0.2
"Arthur Bendixon, Betty Hirsch, Ellen Key, Georg Pauli, Gerda Ingeborg Winkrans, House Laurinska, Karl Otto Bonnier, Klas Fåhraeus, Lisen Bonnier, Nanna Bendixson, Olga Björkegren, Richard Bergh","dinner, man, woman",0.8214194774627686,0.0,0.0,0.0,0.0,0.0,0.0
"Ave Imperator, Colosseum, Vitellius, corpse, crowd, gladiator, man, morituri te salutant, sky, trident, velarium","Colosseum, gladiator, horse, man, soldier, woman",0.9000986218452454,0.0,0.11363636363636363,0.014162677936694859,0.3,0.0,0.3
"Auvers-sur-Oise, Bastille Day, Rathaus, bench, fence, flag, grass, tree",house,0.6919685006141663,0.0,0.0,0.0,0.0,0.0,0.0
Aarhus Cathedral,"Amsterdam, church, man",0.8571606874465942,0.0,0.0,0.0,0.0,0.0,0.0
Thomas Coram,Johann Heinrich von Heiden,0.7793377637863159,0.0,0.0,0.0,0.0,0.0,0.0
"Marie Krøyer, candle, grand piano, singer","candle, candlestick, candlelight, candlestick holder, candlestick holder, candlestick holder, candlestick holder, candlestick holder,",0.6517072319984436,0.0,0.07462686567164178,0.01553712569276035,0.1,0.0,0.1
angel,"angel, boy",0.7344730496406555,0.0,0.45454545454545453,0.1495348781221221,0.6666666666666666,0.0,0.6666666666666666
"Nicolaes Tulp, anatomy, lesson, medicine, physician, student","anatomy, body, cadaver, doctor, man",0.9228642582893372,0.0,0.14705882352941174,0.036015288308423515,0.16666666666666666,0.0,0.16666666666666666
Jonathan Potts,John Adams,0.8596848249435425,0.0,0.0,0.0,0.0,0.0,0.0
"boat, fisher","boat, fishing, man, old age, weather",0.8228670358657837,0.0,0.20833333333333334,0.040824829046386304,0.25,0.0,0.25
woman,woman,0.9999998807907104,1.0,0.5,0.1778279410038923,1.0,0.0,1.0
Anna Maria Ehrenstrahl,woman,-0.10664957016706467,0.0,0.0,0.0,0.0,0.0,0.0
"Sun, building, cloud, grass, hill, light, man, pine tree, sky, tree, woman","forest, hill, landscape, tree",0.9085170030593872,0.0,0.08928571428571427,0.012930512089935809,0.25,0.0,0.25
"Ciociaro costume, dance, tambourine, young adult woman",woman,-0.21043606102466583,0.0,0.078125,0.0004407913958354948,0.25,0.0,0.25
Indigenous peoples of the Americas,"Apache, man, woman",0.6869178414344788,0.0,0.0,0.0,0.0,0.0,0.0
Carl Gustaf Tessin,Charles X of France,0.8575704097747803,0.0,0.0,0.0,0.0,0.0,0.0
tree,tree,0.9999999403953552,1.0,0.5,0.1778279410038923,1.0,0.0,1.0
Ulrika Eleonora I of Sweden,Maria Theresa,0.5259228944778442,0.0,0.0,0.0,0.0,0.0,0.0
"Brooklyn, building, cloud, fence, gate, house, road, snow, water well","Boston, snow",0.8149397373199463,0.0,0.05434782608695652,0.002738826828955665,0.16666666666666669,0.0,0.16666666666666669
coast,"beach, sea",0.09318749606609344,0.0,0.0,0.0,0.0,0.0,0.0
Petrus Baardt,Jean-Baptiste de la Tour,0.8587854504585266,0.0,0.0,0.0,0.0,0.0,0.0
"Jesus Christ, man","Christ's Burial, Jesus Christ, Mary Magdalene, Mary of Magdala, Mary of Bethany, Mary of Jerusalem,",0.8467900156974792,0.0,0.4464285714285714,0.027952555963587523,0.2222222222222222,0.125,0.2222222222222222
Wawel Cathedral,"Basilica of St. John the Baptist, Basilica of St. John the Evangelist, Basilica of St. John the Baptist,",0.45077258348464966,0.0,0.0,0.0,0.0,0.0,0.0
"Europa, bull, kidnapping, woman",bull,0.7346342206001282,0.0,0.13513513513513511,0.008853531856477262,0.4,0.0,0.4
"bird, fruit, fruit, grape, rabbit, still life","bird, fruit, still life",0.9530121684074402,0.0,0.47108208955223874,0.11350077445815965,0.7272727272727273,0.4444444444444444,0.7272727272727273
Jesus among the doctors,"John the Baptist, Jesus Christ",0.7889653444290161,0.0,0.24390243902439024,0.06389431042462725,0.4444444444444445,0.0,0.22222222222222224
James Loudon,Pedro II of Brazil,0.8728660345077515,0.0,0.0,0.0,0.0,0.0,0.0
Elizabeth Compton,Lady Elizabeth Cavendish,0.8503130674362183,0.0,0.2380952380952381,0.11362193664674995,0.4,0.0,0.4
"cow, goat, house, man, tree, watermill, woman","mill, river",0.8407638072967529,0.0,0.0,0.0,0.0,0.0,0.0
"Christ Child, Mary","Mary, child",0.8784821033477783,0.0,0.3448275862068965,0.10785809837243004,0.8,0.0,0.4
"Venice, dolphin, sailboat","Venice, boat, sail",0.9499143362045288,0.0,0.16666666666666666,0.11362193664674995,0.3333333333333333,0.0,0.3333333333333333
"book, bread, globe, lute, wine","book, bookbinding, bookshelf, bookplate, bookshelf, bookshelf, bookshelf, bookshelf, bookshelf, bookshelf",0.4998043179512024,0.0,0.09090909090909091,0.021105340631872645,0.13333333333333333,0.0,0.13333333333333333
Adam and Eve,"Adam, Eve",0.9147586822509766,0.0,0.3448275862068965,0.10785809837243004,0.8,0.0,0.8
"António Vítor de Figueiredo Bastos, Francisco Augusto Metrass, José Rodrigues, João Cristino da Silva, Tomás da Anunciação",man,0.09574829787015915,0.0,0.0,0.0,0.0,0.0,0.0
field,"garden, hedge",0.7652884125709534,0.0,0.0,0.0,0.0,0.0,0.0
"Orientalist painting, William Edward Dighton, man, portrait",man,0.1396537721157074,0.0,0.078125,0.0004407913958354948,0.25,0.0,0.25
"Jesus Christ, man","Jesus Christ, cross, man",0.9633721709251404,0.0,0.8243727598566307,0.1880301546543197,0.8571428571428571,0.4,0.8571428571428571
Charles X Gustav of Sweden,Jan van der Heijden,0.5539960861206055,0.0,0.0,0.0,0.0,0.0,0.0
"Christ Child, Mary, Nativity of Jesus, nativity scene, religious painting","Mary, Nativity",0.9109472632408142,0.0,0.10869565217391304,0.00579191356895553,0.33333333333333337,0.19999999999999998,0.33333333333333337
"Jerome, book, bridge, broad-leaved tree, caravan, cave, city, crucifix, hermit, lion, prayer, skull, watercourse",Saint Jerome,0.6755306124687195,0.0,0.0390625,0.00037065990463274877,0.125,0.0,0.125
"portrait, woman",woman,-0.03444924205541611,0.0,0.2631578947368421,0.06541924356118012,0.6666666666666666,0.0,0.6666666666666666
"longboat, sailboat","boat, cloud, sea, sky, storm",0.8464309573173523,0.0,0.0,0.0,0.0,0.0,0.0
"Hampton Court Bridge, River Thames","bridge, boat, river, water",0.9247947335243225,0.0,0.20408163265306123,0.07440995947486906,0.4444444444444445,0.0,0.4444444444444445
Paris,woman,0.3373030424118042,0.0,0.0,0.0,0.0,0.0,0.0
mountain,waterfall,0.3304978609085083,0.0,0.0,0.0,0.0,0.0,0.0
"cattle, dog, muleteer, pack mule, woman","cattle, dog, horse, man, woman",0.940695583820343,0.0,0.43314500941619577,0.10294994188297393,0.5454545454545454,0.22222222222222224,0.5454545454545454
"Bretons, Châteauneuf-du-Faou, assistive cane, landscape, man, peasant, traditional costume",man,0.0007087637204676867,0.0,0.06097560975609756,5.965462840365855e-05,0.18181818181818182,0.0,0.18181818181818182
"Helen of Troy, body armor, combat helmet, sword, water transport","David, Goliath, Saul",0.7997248768806458,0.0,0.0,0.0,0.0,0.0,0.0
Jesus among the doctors,St. John the Evangelist,0.6434841752052307,0.0,0.125,0.08034284189446518,0.25,0.0,0.25
"boy, portrait",boy,0.06542713940143585,0.0,0.2631578947368421,0.06541924356118012,0.6666666666666666,0.0,0.6666666666666666
"boat, house, tree, Østerbro","Lake, house",0.17064732313156128,0.0,0.13157894736842105,0.05501080739920602,0.3333333333333333,0.0,0.3333333333333333
Augustine of Hippo,Saint Peter,0.6530334949493408,0.0,0.0,0.0,0.0,0.0,0.0
"Christus patiens, Crucifixion of Jesus, Jesus Christ, John the Apostle, Mary","Christ, Crucifixion, Jesus Christ, Mary, Mary Magdalene, Saint John the Evangelist, Saint Peter",0.9469220042228699,0.0,0.45634920634920634,0.051424016050282635,0.4999999999999999,0.1818181818181818,0.41666666666666663
Augusta Maria of Holstein-Gottorp,child,0.3655569851398468,0.0,0.0,0.0,0.0,0.0,0.0
"Disrobing of Jesus, crowd, soldier","Christ, man",0.8229798674583435,0.0,0.0,0.0,0.0,0.0,0.0
"Jesus Christ, John the Evangelist, Mary, Mary Magdalene","Jesus Christ, Mary Magdalene, Saint John the Evangelist",0.9593762755393982,0.0,0.840561224489796,0.20205155046766235,0.875,0.5714285714285714,0.625
"body armor, man",man,0.25871041417121887,0.0,0.17857142857142855,0.024066394763145416,0.5,0.0,0.5
"jester, kannenkijker, mug",man,0.15190911293029785,0.0,0.0,0.0,0.0,0.0,0.0
"boy, girl, man, portrait, sheep","child, dog, girl, man, woman",0.948367714881897,0.0,0.37500000000000006,0.11362193664674995,0.4000000000000001,0.25,0.4000000000000001
love letter,woman,0.20049387216567993,0.0,0.0,0.0,0.0,0.0,0.0
Marie Casimire Louise de La Grange dArquien,Mary of Modena,0.8201078772544861,0.0,0.07575757575757576,0.0,0.2,0.0,0.2
hand-in-waistcoat,John von Bismarck,0.8410570025444031,0.0,0.0,0.0,0.0,0.0,0.0
man,boy,0.7902741432189941,0.0,0.0,0.0,0.0,0.0,0.0
Joseph,"Christ, Mary Magdalene, Mary of Bethany, Jesus, John the Baptist",0.17265090346336365,0.0,0.0,0.0,0.0,0.0,0.0
"Descent from the Cross, Jesus Christ, ladder, mountain, physical container, platter, vase","Jesus Christ, Mary Magdalene",0.739519476890564,0.0,0.16741071428571427,0.022994063410792204,0.25,0.14285714285714288,0.25
John the Baptist,"Christ, woman",0.663616418838501,0.0,0.0,0.0,0.0,0.0,0.0
"Duke of Anjou, Francis",woman,-0.1276436597108841,0.0,0.0,0.0,0.0,0.0,0.0
"apple, butterfly, grape, hazelnut, peach, vase","apple, cherry, flower, fruit, fruit bowl, fruit bowl, fruit bowl, fruit bowl, fruit bowl, fruit bowl, fruit bowl",0.7337772250175476,0.0,0.06944444444444446,0.010802314890908065,0.08333333333333333,0.0,0.08333333333333333
"Christ Child, Mary, boy, mother, woman","Christ Child, Mary",0.8861377239227295,0.0,0.5165692007797271,0.20687381245863395,0.6666666666666666,0.5714285714285715,0.6666666666666666
"Andromeda, Ceto, arches of the foot, chain, damsel in distress, female breast, foam, navel, nudity, prisoner, red hair, sea, sea monster, shore, sky, standing, toe, waist-length hair, wind wave, woman",woman,-0.30162331461906433,0.0,0.01845018450184502,4.5233482467537094e-14,0.06451612903225806,0.0,0.06451612903225806
Marcelle Roulin,baby,0.6392726302146912,0.0,0.0,0.0,0.0,0.0,0.0
"Atlantic Ocean, beach, cloud, coast, crepuscular ray, horizon, ocean, rock, sea, sky","beach, cliff, sea, sky",0.9251136779785156,0.0,0.22817460317460317,0.025447114237166446,0.375,0.14285714285714288,0.375
"Mary Magdalene, areola, barefoot, cave, chestnut hair, female breast, malleolus, mortification of the flesh, nipple, penance, sitting, sky, toplessness, waist-length hair, woman",Eurydice,0.8393102288246155,0.0,0.0,0.0,0.0,0.0,0.0
"Incroyables and Merveilleuses, María Gabriela de Palafox y Portocarrero, black hair, fauteuil, standing, woman",Maria Josefa de Austria,0.870543360710144,0.0,0.03846153846153846,0.0065949420663472934,0.10526315789473685,0.0,0.10526315789473685
Carl XV of Sweden,Count Alexander von Schwerin,0.7233890295028687,0.0,0.0,0.0,0.0,0.0,0.0
Sarah Hodges,woman,-0.012959333136677742,0.0,0.0,0.0,0.0,0.0,0.0
Venus,"Cupid, Venus",0.0018670298159122467,0.0,0.45454545454545453,0.1495348781221221,0.6666666666666666,0.0,0.6666666666666666
"Christ Child, Holy Family, Joseph, Mary, Nursing Madonna, Rest on the flight into Egypt, breastfeeding","Christ Child, Mary, Joseph",0.8893720507621765,0.0,0.22706834532374098,0.012916723474896788,0.4210526315789474,0.11764705882352941,0.31578947368421056
"Christ Child, Madonna and Child, Mary, apple, boy, mother, woman","Christ Child, Mary, fruit",0.9231215119361877,0.0,0.27186761229314416,0.04989342059223037,0.4285714285714285,0.3333333333333333,0.4285714285714285
Orpheus,"Dionysus, Eros, Hades, Hestia, Iphigenia, Pygmalion, Sisyphus",0.7420105338096619,0.0,0.0,0.0,0.0,0.0,0.0
"Ivar Arosenius, wreath",man,0.09004954993724823,0.0,0.0,0.0,0.0,0.0,0.0
"rural area, tree","Lake of the Woods, woman",0.8776615262031555,0.0,0.0,0.0,0.0,0.0,0.0
"flower, leaf, still life","flower, garden, basket, flower arrangement, flower arrangement in basket, flower arrangement on ground, flower arrangement on table, flower arrangement with basket",0.7674643397331238,0.0,0.08771929824561403,0.00913442366656447,0.08,0.0,0.08
Edvard Weie,John Henry Newman,0.7781968712806702,0.0,0.0,0.0,0.0,0.0,0.0
"1795–1820 clothing, Golden Fleece, Order of Charles III, Order of Saint Januarius",Prince Charles Edward Stuart,0.814441978931427,0.0,0.04464285714285714,0.010873221263821838,0.125,0.0,0.125
"basket, blue, crowd, hoop, man, umbrella, woman",woman,-0.2411201000213623,0.0,0.078125,0.0004407913958354948,0.25,0.0,0.25
"Alessandro dal Borro, man, overweight",man,0.11024408787488937,0.0,0.10869565217391304,0.003257032351754417,0.33333333333333337,0.0,0.33333333333333337
man,man,0.9999998807907104,1.0,0.5,0.1778279410038923,1.0,0.0,1.0
"Algiers, Arabs, city, crowd, mosque, party","crowd, festival, man, woman",0.909151554107666,0.0,0.08620689655172413,0.04873039689743777,0.2,0.0,0.2
"Alexander the Great, Timoclea","Aeneas, Dido, Tarquinia, Tarquin, Volumnia, Venus, Titus, Titus and Venus,",0.8005178570747375,0.0,0.0,0.0,0.0,0.0,0.0
"Camaret-sur-Mer, barque, landscape, port, sailing ship",ship,-0.18831756711006165,0.0,0.0909090909090909,0.0011981952414407235,0.2857142857142857,0.0,0.2857142857142857
woman,Marie Antoinette,0.20812781155109406,0.0,0.0,0.0,0.0,0.0,0.0
"Stemware, birdcage, book, lace pillow, man, parrot, woman","birdcage, man",0.8978691697120667,0.0,0.13513513513513511,0.008853531856477262,0.4,0.0,0.4
"Ane Marie Hansen, Houseplant, couch, painting",woman,-0.2010754942893982,0.0,0.0,0.0,0.0,0.0,0.0
"Pont de la rue de la Voûte, Rue de la Voûte","bridge, building, construction, man, woman",0.5824832916259766,0.0,0.0,0.0,0.0,0.0,0.0
Max Beckmann,man,0.27997806668281555,0.0,0.0,0.0,0.0,0.0,0.0
Battle of Guararapes,Battle of the Alamo,0.798468291759491,0.0,0.6048387096774195,0.16990442448471224,0.5714285714285715,0.4,0.5714285714285715
boat,ship,0.6169459819793701,0.0,0.0,0.0,0.0,0.0,0.0
young adult man,man,0.3120802938938141,0.0,0.17857142857142855,0.024066394763145416,0.5,0.0,0.5
Anders Johan von Höpken,"1st Baronet, John, 2nd Baronet, John, 3rd Baronet, John, 4th Baron",0.5694762468338013,0.0,0.0,0.0,0.0,0.0,0.0
"Beguines and Beghards, Pyrus, apple, apricot, areola, brown hair, cup, female breast, fruit, grape, man, monk, nipple, nun, platter, prayer beads, red wine, sitting, table, tablecloth, tonsure, toplessness, wimple, woman","Saint Francis of Assisi, woman",0.7067803144454956,0.0,0.01818181818181818,0.0003620197623718954,0.05714285714285715,0.0,0.05714285714285715
horse,horse,1.0,1.0,0.5,0.1778279410038923,1.0,0.0,1.0
"Christ Child, Holy Family, Joseph, angel, sleep","Annunciation, angel, book, man",0.8226571679115295,0.0,0.07462686567164178,0.037951271263104894,0.18181818181818182,0.0,0.18181818181818182
"Biblioteca Nazionale Marciana, Piazza San Marco, Piazzetta San Marco, St Marks Clocktower, Venice","San Marco, Venice",0.7829685807228088,0.0,0.21296296296296297,0.009486242622316766,0.375,0.14285714285714285,0.375
Westkapelle Hoog,building,-0.30982258915901184,0.0,0.0,0.0,0.0,0.0,0.0
sheet music,"fruit, lobster, table",0.8574000597000122,0.0,0.0,0.0,0.0,0.0,0.0
"Centralplan, Riddarholmen, house","Amsterdam, bridge, canal, snow, sky, tower",0.8805121183395386,0.0,0.0,0.0,0.0,0.0,0.0
flower,flower,1.0,1.0,0.5,0.1778279410038923,1.0,0.0,1.0
"bangs, brown hair, chignon, cloak, décolletage, fur, gaze towards the viewer, sitting, woman",Anna Maria Zuber,0.8072388172149658,0.0,0.0,0.0,0.0,0.0,0.0
Horseshoe Falls,Niagara Falls,0.8796641230583191,0.0,0.25,0.1495348781221221,0.5,0.0,0.5
"Diana, areola, arrow, barefoot, blond hair, drapery, female breast, flower, forest, game, hip, hunter, malleolus, navel, nipple, nude swimming, nudity, pheasant, quiver, rock, shore, steatomery, toe, tree, waist-length hair, watercourse, woman",Diana,0.34691646695137024,0.0,0.017857142857142856,1.664046825239578e-14,0.0625,0.0,0.0625
"Cornelis de Man, laboratory, man",man,0.15797936916351318,0.0,0.10869565217391304,0.003257032351754417,0.33333333333333337,0.0,0.33333333333333337
"hand fan, woman",woman,-0.16358056664466858,0.0,0.17857142857142855,0.024066394763145416,0.5,0.0,0.5
"Pan, broad-leaved tree, river, rock","man, sea, tree",0.9284902811050415,0.0,0.10416666666666666,0.05833544737207805,0.25,0.0,0.25
"apple, cabbage, pear",boy,-0.013112451881170273,0.0,0.0,0.0,0.0,0.0,0.0
"Helena Fourment, gaze towards the viewer","child, mother",0.8695990443229675,0.0,0.0,0.0,0.0,0.0,0.0
"Holofernes, Judith, beard, beheaded head, sword",Saint Ursula,0.7063897848129272,0.0,0.0,0.0,0.0,0.0,0.0
"Julie Le Brun, family, girl, hug, maternal bond, painter, sitting, woman, Élisabeth Louise Vigée Le Brun","child, mother",0.8309366703033447,0.0,0.0,0.0,0.0,0.0,0.0
Marguerite-Catherine Haynault,Marie Antoinette,0.6808414459228516,0.0,0.0,0.0,0.0,0.0,0.0
"Dnieper, Moon, contre-jour, light source, moonlight, night, sky","moon, night, sea",0.9060714840888977,0.0,0.13333333333333333,0.025520874379338556,0.36363636363636365,0.0,0.36363636363636365
Theodoor van Snakenburg,man,0.10080288350582123,0.0,0.0,0.0,0.0,0.0,0.0
"Europa, Hera, bull, dolphin, kidnapping, sea, woman","bull, dolphin, woman",0.935690701007843,0.0,0.3872053872053872,0.07009437890436555,0.6,0.25,0.6
"Augustus Bridge, Church of Our Lady, Dresden Cathedral, Elbe","Dresden, Elbe River, Dresden Cathedral, Dresden Castle, Dresden Town Hall, bridge",0.9123554229736328,0.0,0.21739130434782605,0.04740604259878138,0.39999999999999997,0.11111111111111112,0.19999999999999998
"Annunciation, Mary, angel","Annunciation, angel, woman",0.9258363842964172,0.0,0.3333333333333333,0.13512001548070346,0.6666666666666666,0.0,0.6666666666666666
"bird, tree","Christ, figure, goat, man, woman",0.8666749000549316,0.0,0.0,0.0,0.0,0.0,0.0
"Aphrodite, Athena, Hera, Paris, herder, man, rural area, woman",Venus,-0.12136661261320114,0.0,0.0,0.0,0.0,0.0,0.0
"Gustav IIIs Pavilion, house, tree",house,0.772324800491333,0.0,0.10869565217391304,0.003257032351754417,0.33333333333333337,0.0,0.33333333333333337
"Annunciation, Anthony the Great, Augustine of Hippo, Crucifixion of Jesus, Deposition of Christ, Jerome, Nativity of Jesus, Passion, Paul the Apostle, Resurrection of Jesus, Saint Sebastian, Tau cross, angel, arrow, column, music","Christ, Crucifixion, Jesus Christ, Mary Magdalene, Mary of Magdala, Mary of Bethany, Mary of Mag",0.9366289377212524,0.0,0.09900990099009901,0.006660417090006942,0.25531914893617025,0.0,0.2127659574468085
"Nordstrand, Oslofjord, snow, tree","lake, snow, tree",0.8083441257476807,0.0,0.48076923076923084,0.17216896116316355,0.5714285714285715,0.4,0.5714285714285715
"Chinese ceramics, bread, cheese, grape, nut, olive","apple, cheese, fruit, grape, glass, plate, tablecloth, wine glass",0.9089012145996094,0.0,0.1388888888888889,0.028517539529041507,0.25,0.0,0.25
Philip IV of Spain,man,0.17350396513938904,0.0,0.0,0.0,0.0,0.0,0.0
"man, portrait",man,0.5161008834838867,0.0,0.2631578947368421,0.06541924356118012,0.6666666666666666,0.0,0.6666666666666666
"painter, reading",Paul Gauguin,0.706516683101654,0.0,0.0,0.0,0.0,0.0,0.0
"bird trap, house, ice skating, tree",winter,0.3759876787662506,0.0,0.0,0.0,0.0,0.0,0.0
"actor, audience, corpse, stage, woman","Charles Kean, crowd, man, woman",0.923031747341156,0.0,0.10000000000000002,0.05372849659117709,0.20000000000000004,0.0,0.20000000000000004
"combat, inn, peasant","card game, man, woman",0.8860498666763306,0.0,0.0,0.0,0.0,0.0,0.0
"Surinam, dance, plantation, slave","dance, man, woman",0.9116002321243286,0.0,0.12820512820512822,0.0814136751754278,0.28571428571428575,0.0,0.28571428571428575
"Elbert Henry Gary, man, portrait",William Henry Jackson,0.7998827695846558,0.0,0.10416666666666666,0.05833544737207805,0.25,0.0,0.25
"black powder rifle, chain, cloud, dog collar, hunting dog, knife, leash, powder flask, shotgun, sky","dog, gun, hunting",0.6949446797370911,0.0,0.07246376811594203,0.0024748094101847366,0.2222222222222222,0.0,0.2222222222222222
"building, river, rock, trail, tree","house, river",0.7388280034065247,0.0,0.10638297872340426,0.03336574130316504,0.28571428571428575,0.0,0.28571428571428575
"Citrus medica, book, bow, capital, carpet, citrus fruit, cushion, fruit, pom-pom, sheet music, violin","book, fruit, instrument, music, pillow, sheet music, table",0.9299777746200562,0.0,0.23554104477611937,0.032996419469835704,0.36363636363636365,0.1,0.36363636363636365
"architectural view, broad-leaved tree, square","Paris, tree",0.8057835102081299,0.0,0.10638297872340426,0.03336574130316504,0.28571428571428575,0.0,0.28571428571428575
"fear, justice, putto",Venus,-0.10578487813472748,0.0,0.0,0.0,0.0,0.0,0.0
"Christian cross, Toledo, river","Rome, river Tiber",0.8756036162376404,0.0,0.12820512820512822,0.0814136751754278,0.28571428571428575,0.0,0.28571428571428575
"Palamedes Palamedesz., man",man,0.18423859775066376,0.0,0.17857142857142855,0.024066394763145416,0.5,0.0,0.5
"Jeconiah, Josiah, Shealtiel","Tito, Tito, Tito, Tito, Tito, Tito, Tito, Tito, Tito, T",0.509385883808136,0.0,0.0,0.0,0.0,0.0,0.0
"glasses, man, necktie, portrait",man,0.07791715115308762,0.0,0.13513513513513511,0.008853531856477262,0.4,0.0,0.4
"butcher, man, market stall","butcher, man",0.9187259674072266,0.0,0.4934210526315789,0.11633369384516798,0.6666666666666666,0.5,0.6666666666666666
"bas-relief, column, ruins, sculpture, urn",Roman temple,0.8700212240219116,0.0,0.0,0.0,0.0,0.0,0.0
"Théodore Géricault, man, portrait",Jean-Baptiste Greuze,0.9064485430717468,0.0,0.0,0.0,0.0,0.0,0.0
"Plyos, St. Barbara Church, evening, tree stump","Volga River, church, hill, house",0.947560727596283,0.0,0.07352941176470587,0.036015288308423515,0.16666666666666666,0.0,0.16666666666666666
"Atlantic City, beach, chair, human, ocean, sailboat, sitting, umbrella","beach, chair, umbrella",0.9129009246826172,0.0,0.3042328042328042,0.03598765407745826,0.5,0.2,0.5
"portrait, woman",woman,-0.03444924205541611,0.0,0.2631578947368421,0.06541924356118012,0.6666666666666666,0.0,0.6666666666666666
Mark Twain,Mark Twain,1.0,1.0,0.9375,0.316227766016838,1.0,1.0,1.0
"horse, lion","Centaur, horse, rock, tree",0.885549008846283,0.0,0.22727272727272727,0.08034284189446518,0.3333333333333333,0.0,0.3333333333333333
man,man,0.9999998807907104,1.0,0.5,0.1778279410038923,1.0,0.0,1.0
"Grand Canal, Venice","Venice, boat, canal, gondola, house, man, sky, tree",0.8797138333320618,0.0,0.28571428571428575,0.03303164318013808,0.36363636363636365,0.0,0.18181818181818182
"Paestum, Paestum, Temple of Hera, column, contre-jour, entablature, ruins, sky, storm, thunderstorm",Stonehenge,0.840359628200531,0.0,0.0,0.0,0.0,0.0,0.0
"forest, stream, tree, waterfall","river, tree",0.9047276377677917,0.0,0.13157894736842105,0.05501080739920602,0.3333333333333333,0.0,0.3333333333333333
"Daniel of Padua, Prosdocimus",Saint Francis of Assisi,0.49561387300491333,0.0,0.125,0.08034284189446518,0.25,0.0,0.25
"Diana, Louise Ward, bow, quiver, sitting, woman",Mary of Teck,0.9044069051742554,0.0,0.0,0.0,0.0,0.0,0.0
Marriage at Cana,"meal, table",0.8308167457580566,0.0,0.0,0.0,0.0,0.0,0.0
"chemistry, interior, man, portrait, work","laboratory, man",0.846178412437439,0.0,0.10638297872340426,0.03336574130316504,0.28571428571428575,0.0,0.28571428571428575
cottage,house,0.11218114197254181,0.0,0.0,0.0,0.0,0.0,0.0
"Saint Christopher, saint, woman","Christ Child, John the Baptist, Saint John the Evangelist",0.8131241798400879,0.0,0.11111111111111112,0.023980296761827107,0.15384615384615383,0.0,0.15384615384615383
Jesus Christ,"Jesus Christ, Mary Magdalene, Lazarus",0.867702066898346,0.0,0.8152173913043478,0.11362193664674995,0.5714285714285715,0.4,0.5714285714285715
Conversion of Paul the Apostle,"Apollo, Centaur, Centaur's Head, Centaur's Tail, Centaur's Tail, Centaur's Tail, Centaur's",0.7320888042449951,0.0,0.0,0.0,0.0,0.0,0.0
"Anthony the Great, ruins",woman,-0.11448453366756439,0.0,0.0,0.0,0.0,0.0,0.0
man,man,0.9999998807907104,1.0,0.5,0.1778279410038923,1.0,0.0,1.0
"Julia Ferrier, lamp, photography, seat, sitting, table, woman",woman,-0.2432704120874405,0.0,0.0684931506849315,0.00016215809237314185,0.2222222222222222,0.0,0.2222222222222222
"horse, man","Roman road, road, road construction, road worker, road worker resting, road worker standing, road worker with a horse, road worker with",0.814185380935669,0.0,0.12820512820512822,0.00913442366656447,0.08695652173913042,0.0,0.08695652173913042
"Poissy, Seine, angling, barque, boating, fisher, fishing rod, high-angle shot, shore, specular reflection","boat, fishing, man, woman",0.8948376178741455,0.0,0.08264462809917356,0.008468073234773096,0.23529411764705882,0.0,0.23529411764705882
"Herods banquet, John the Baptist","Charles I of England, Charles II of England, Charles III of England, Charles V of Spain, Elizabeth I of England, Elizabeth I of",0.7841180562973022,0.0,0.0,0.0,0.0,0.0,0.0
"rural area, tree",house,0.8338996767997742,0.0,0.0,0.0,0.0,0.0,0.0
"cleric, man",man,0.3566059470176697,0.0,0.2631578947368421,0.06541924356118012,0.6666666666666666,0.0,0.6666666666666666
"bouquet, vase",flower,0.7137284278869629,0.0,0.0,0.0,0.0,0.0,0.0
"John the Baptist, Salome, beheaded head, human head, tray, woman",woman,-0.23281779885292053,0.0,0.054945054945054944,2.1945711360427958e-05,0.18181818181818182,0.0,0.18181818181818182
"Louise Cox, hand fan",woman,-0.23889204859733582,0.0,0.0,0.0,0.0,0.0,0.0
gaze towards the viewer,boy,-0.25660720467567444,0.0,0.0,0.0,0.0,0.0,0.0
"Oldehove, ice skater, kortebaanschaatsen",winter,0.324594110250473,0.0,0.0,0.0,0.0,0.0,0.0
"Howqua, man, portrait",man,0.07171063125133514,0.0,0.17857142857142855,0.024066394763145416,0.5,0.0,0.5
Mary Magdalene,"Jesus Christ, woman",0.8402625918388367,0.0,0.0,0.0,0.0,0.0,0.0
"Scottish Highlands, Sun, castle, cloud, hill, house, lake, mountain, sky, tree","castle, river",0.8074839115142822,0.0,0.04950495049504951,0.0016611824434051396,0.15384615384615385,0.0,0.15384615384615385
unidentified woman,woman,0.21675875782966614,0.0,0.2631578947368421,0.06541924356118012,0.6666666666666666,0.0,0.6666666666666666
"Prunus subg. Prunus, apple, ceramic, fruit, goldsmithing, grape, lemon, pear, platter, walnut",fruit,0.22753213346004486,0.0,0.04587155963302752,2.9700290627924664e-06,0.15384615384615385,0.0,0.15384615384615385
Carl XII of Sweden,"Carl X Gustaf, man",0.8764181733131409,0.0,0.125,0.08034284189446518,0.25,0.0,0.25
"Justinian, Saints Cosmas and Damian, healing","bed, bed sheet, curtain, curtain rod, curtain tieback, curtain tieback, curtain tieback, curtain tieback, curtain tie",0.6884564757347107,0.0,0.0,0.0,0.0,0.0,0.0
"equestrianism, horse","Charles X of France, horse, man, soldier",0.8232713341712952,0.0,0.2,0.033031643180138064,0.22222222222222224,0.0,0.22222222222222224
"Aphrodite, Cupid, Eros, Venus, Venus effect, arrow, birds wing, blond hair, bow, bracelet, clothing, drapery, mirror, mirror image, navel, overcoat, overweight, pearl, pigtail, putto, quiver, ring, shirt, sitting, specular reflection, standing, toplessness, waist-length hair, woman",Venus,-0.18518786132335663,0.0,0.01582278481012658,3.0478080745032666e-16,0.05555555555555556,0.0,0.05555555555555556
DeWitt Clinton,John Adams,0.8022679090499878,0.0,0.0,0.0,0.0,0.0,0.0
man,boy,0.7902741432189941,0.0,0.0,0.0,0.0,0.0,0.0
"Bacchus, Cupid","Cupid, Eos, Eurydice, woman",0.8673195242881775,0.0,0.22727272727272727,0.08034284189446518,0.3333333333333333,0.0,0.3333333333333333
"Winkel, cow, grazing, herd, pasture, sky, stream, tree, windmill",windmill,-0.20604605972766876,0.0,0.06097560975609756,5.965462840365855e-05,0.19999999999999998,0.0,0.19999999999999998
"John L. Sullivan, man, portrait",John Stuart,0.8405134677886963,0.0,0.10638297872340426,0.03336574130316504,0.28571428571428575,0.0,0.28571428571428575
"cattle, cloud, cottage, couple, dog, farm, hill, lake, man, rainbow, sky, tree, woman",landscape,-0.2357230931520462,0.0,0.0,0.0,0.0,0.0,0.0
"backgammon, barrel, chair, doorway, hat, inn, man, stool, table, window, woman","man, woman",0.8266139626502991,0.0,0.09900990099009901,0.0019754899810149966,0.3076923076923077,0.0,0.3076923076923077
"Christ Child, Jerome, John the Baptist, Mary","Christ Child, Mary",0.8917438387870789,0.0,0.3872053872053872,0.07009437890436555,0.6,0.25,0.6
"Bordeaux, bridge, landscape, sailing ship, tree","bridge, boat, river",0.8840179443359375,0.0,0.08771929824561403,0.0417991745584234,0.2222222222222222,0.0,0.2222222222222222
"Francis of Assisi, John the Evangelist, chalice","Mary Magdalene, Saint Francis of Assisi",0.7417613863945007,0.0,0.4267310789049919,0.17103294495668978,0.4615384615384615,0.3636363636363636,0.4615384615384615
Felix Auerbach,Edvard Munch,0.731012225151062,0.0,0.0,0.0,0.0,0.0,0.0
"Loing, Seine, broad-leaved tree, house, landscape, péniche, Île-de-France","Seine River, boat, boat, boat, boat, boat, boat, boat, boat, boat, boat, boat, boat,",0.5159344673156738,0.0,0.058139534883720936,0.01428363257865929,0.08695652173913043,0.0,0.08695652173913043
"Apollo and Daphne, Diana and her Nymphs, Diana at the Hunt - Diana and Her Nymphs on the Point of Leaving, Flowers in a Vase, Hung Game with a Swan and a Peacock on a Table and a Page Holding a Parrot, Pilgrims at Emmaus, Portrait of Ferry Carondelet with his Secretary, Portrait of a Scholar, Samson and Delilah, The Battle of the Amazons, The Bean Eaters, The Death of Cleopatra, The Drunken Satyr, The Moneylender and his Wife, The Rape of Europa, Venus Blindfolding Cupid, Venus and Cupid, Venus and Cupid with a Satyr, Venus at the Forge of Vulcan, art collection, painting","art gallery, art museum, painting",0.8132251501083374,0.0,0.010729613733905578,1.9646732954474705e-10,0.037037037037037035,0.0,0.037037037037037035
"Fredrika Wrangel af Lindeberg, Fredrika Wrangel af Lindeberg","Anna Maria Pia de' Medici, woman",0.5914595723152161,0.0,0.0,0.0,0.0,0.0,0.0
"human figure, landscape painting, road, tree","garden, house, man, woman",0.9046046733856201,0.0,0.08620689655172413,0.0,0.0,0.0,0.0
"Black people, Laura Dianti, boy, page",woman,-0.2592524290084839,0.0,0.0,0.0,0.0,0.0,0.0
"beer, cheese, herring, tablecloth","cheese, glass, pitcher, tablecloth, wine glass",0.8980152606964111,0.0,0.2380952380952381,0.048549177170732344,0.4,0.0,0.4
"bijou, building, curtain, goldsmithing, teacup, vase, woman",woman,-0.294416218996048,0.0,0.078125,0.0004407913958354948,0.25,0.0,0.25
"parrot, woman","bird, girl",0.871268630027771,0.0,0.0,0.0,0.0,0.0,0.0
"Catholic bishop, Francis of Assisi, religious habit, stigmata","Saint Francis of Assisi, Saint John the Baptist",0.7747379541397095,0.0,0.3680555555555556,0.1374708101760565,0.375,0.2857142857142857,0.375
Gaspar Fagel,man,0.1509089171886444,0.0,0.0,0.0,0.0,0.0,0.0
"boat, bridge, house, tree","bridge, cottage, field, house, sky, tree",0.9627370834350586,0.0,0.35714285714285715,0.05372849659117709,0.6,0.0,0.6
"Aphrodite, Apple of Discord, Athena, Eros, Hera, Hermes, Paris, body armor, clothed male, combat helmet, herder, man, naked female, nudity, overweight, rural area, woman","Aphrodite, Cupid, Eros, Psyche, Venus",0.778083086013794,0.0,0.045248868778280535,0.0014293650414163596,0.13793103448275862,0.0,0.13793103448275862
Charles XI of Sweden,Carl Gustaf Adolfsdotter,0.7684985399246216,0.0,0.0,0.0,0.0,0.0,0.0
"Crown of thorns, Jesus Christ","Christ, head, headband",0.7146196961402893,0.0,0.10416666666666666,0.05833544737207805,0.25,0.0,0.25
woman,woman,0.9999998807907104,1.0,0.5,0.1778279410038923,1.0,0.0,1.0
"Bacchant, areola, armpit, barefoot, cone, dandelion, drapery, ear, eye contact, eyebrow, female breast, goat, hip, ivy, laurel wreath, lying, malleolus, navel, nipple, nudity, plant, pubic hair removal, ribbon, rural area, sky, smile, steatomery, swagger stick, toe, vine, waist, woman, zoophilia","Bacchus, goat, nude woman",0.8474751710891724,0.0,0.027472527472527472,1.17911007801971e-05,0.09090909090909091,0.0,0.09090909090909091
"helmet, poilu, soldier",soldier,0.6181958317756653,0.0,0.17857142857142855,0.024066394763145416,0.5,0.0,0.5
horse,horse,1.0,1.0,0.5,0.1778279410038923,1.0,0.0,1.0
"apple, banana, plate, stool, textile","apple, banana, fruit",0.8953348994255066,0.0,0.39062499999999994,0.12336445138236939,0.5,0.3333333333333333,0.5
Indigenous peoples of the Americas,"Apache, Apache woman, Apache woman with child, Apache woman with child in a tent, Apache woman with child in a tent, Apache woman",0.8244199752807617,0.0,0.0,0.0,0.0,0.0,0.0
"Maria Latini, Orientalist painting, Salome, akimbo, black hair, bracelet, carpet, chest, curtain, drapery, décolletage, fur, marquetry, mule, poignard, portrait, ring, see-through clothing, sitting, skirt, smile, tray, waist-length hair, woman",woman,-0.323966920375824,0.0,0.019083969465648856,1.229573534294269e-13,0.06451612903225806,0.0,0.06451612903225806
"jar, towel, watering can",vase,0.5629249215126038,0.0,0.0,0.0,0.0,0.0,0.0
"Melun, Seine, beach umbrella, broad-leaved tree, deck, landscape, woman","Jardin des Tuileries, Paris, woman",0.7495149970054626,0.0,0.05813953488372093,0.02414176971688927,0.14285714285714285,0.0,0.14285714285714285
George III of Great Britain,George III,0.8524014353752136,0.0,0.39893617021276595,0.07055995207471726,0.5714285714285715,0.4,0.5714285714285715
"Christ Child, Mary, boy, mother, woman","Christ Child, Mary",0.8861377239227295,0.0,0.5165692007797271,0.20687381245863395,0.6666666666666666,0.5714285714285715,0.6666666666666666
"Titus van Rijn, man, monk",monk,0.397848516702652,0.0,0.10869565217391304,0.003257032351754417,0.33333333333333337,0.0,0.33333333333333337
"bouquet, capital, chain, rose, vase, watch",flower,0.6809101104736328,0.0,0.0,0.0,0.0,0.0,0.0
woman,woman,0.9999998807907104,1.0,0.5,0.1778279410038923,1.0,0.0,1.0
"Emma, Lady Hamilton, dog","dog, woman",0.8762345910072327,0.0,0.13157894736842105,0.05501080739920602,0.3333333333333333,0.0,0.3333333333333333
Jesus Christ,"Jesus Christ, Mary Magdalene",0.8701693415641785,0.0,0.8522727272727273,0.16990442448471224,0.6666666666666666,0.5,0.6666666666666666
Julius II,Pope Gregory XIII,0.5012157559394836,0.0,0.0,0.0,0.0,0.0,0.0
"Cupressus, Moon, garrigue, landscape painting, turbulence",cypress,-0.32460519671440125,0.0,0.0,0.0,0.0,0.0,0.0
"arch, column, sky","angel, arch, cloud, man",0.9074866771697998,0.0,0.16129032258064518,0.08034284189446518,0.28571428571428575,0.0,0.28571428571428575
Elizabeth I of England,Elizabeth I,0.8050539493560791,0.0,0.4934210526315789,0.11633369384516798,0.6666666666666666,0.5,0.6666666666666666
"John Maurice, Mars, Prince of Nassau-Siegen, Venus, nudity, warrior","Venus, Cupid, man",0.9200630187988281,0.0,0.05952380952380952,0.015377056977980369,0.16666666666666666,0.0,0.16666666666666666
Maria Alexandrovna of Russia (Marie of Hesse),Princess Marie Louise of Prussia,0.7180068492889404,0.0,0.14705882352941174,0.04282963710525157,0.3333333333333333,0.0,0.3333333333333333
Jean Metzinger,David Hockney,0.642763078212738,0.0,0.0,0.0,0.0,0.0,0.0
"sky, tree, watercolor",tree,0.42275601625442505,0.0,0.17857142857142855,0.024066394763145416,0.5,0.0,0.5
Gaspard III de Coligny,man,0.1634768396615982,0.0,0.0,0.0,0.0,0.0,0.0
Paul Joseph Constantin Gabriël,Carl Adolph Augustsson,0.7710538506507874,0.0,0.0,0.0,0.0,0.0,0.0
man,man,0.9999998807907104,1.0,0.5,0.1778279410038923,1.0,0.0,1.0
"Aminta, crown, grape, leaf, musician, recorder, sheet music, tambourine, violin","flute, boy, violin, table",0.9057861566543579,0.0,0.05319148936170213,0.017926911178691992,0.14285714285714288,0.0,0.14285714285714288
woman,woman,0.9999998807907104,1.0,0.5,0.1778279410038923,1.0,0.0,1.0
"Ahasuerus, Esther, Haman, man, woman",woman,-0.20411303639411926,0.0,0.10869565217391304,0.003257032351754417,0.33333333333333337,0.0,0.33333333333333337
"Statue of Bartolomeo Colleoni, arch, ruins","Arch of Titus, Equestrian statue of Marcus Aurelius, statue",0.9281851053237915,0.0,0.2380952380952381,0.056122223243057295,0.4,0.15384615384615385,0.26666666666666666
"couple, man, tavern, woman","woman, man",0.9052526354789734,0.0,0.2631578947368421,0.06541924356118012,0.6666666666666666,0.0,0.3333333333333333
"Christ Child, Mary, boy, mother, woman","Christ Child, Mary, man",0.9428119659423828,0.0,0.5076628352490421,0.24117803988461298,0.6,0.5,0.6
"portrait, woman",woman,-0.03444924205541611,0.0,0.2631578947368421,0.06541924356118012,0.6666666666666666,0.0,0.6666666666666666
"man, portrait",John H. B. Boulton,0.7117305397987366,0.0,0.0,0.0,0.0,0.0,0.0
woman,woman,0.9999998807907104,1.0,0.5,0.1778279410038923,1.0,0.0,1.0
"hunter, tree","forest, man, path, sky, tree",0.8989905118942261,0.0,0.21739130434782608,0.05372849659117709,0.28571428571428575,0.0,0.28571428571428575
Sophia Magdalena of Denmark,Maria Theresa,0.6199303865432739,0.0,0.0,0.0,0.0,0.0,0.0
"landscape, train, tree","house, landscape, tree",0.9665923118591309,0.0,0.3333333333333333,0.13512001548070346,0.6666666666666666,0.0,0.6666666666666666
"English Channel, Hautot-sur-Mer, beach, sand, shore, sky","Etretat, beach, cliff, sea",0.9489617943763733,0.0,0.07462686567164178,0.037951271263104894,0.18181818181818182,0.0,0.18181818181818182
"Ciociaro costume, Italians, peasant, young adult woman",woman,-0.1986321061849594,0.0,0.078125,0.0004407913958354948,0.25,0.0,0.25
"family, girl, hug, maternal bond, painter, sitting, woman, Élisabeth Louise Vigée Le Brun","Marie Antoinette, Marie Antoinette of France, child",0.8991166353225708,0.0,0.0,0.0,0.0,0.0,0.0
Bacchus,Apollo,0.6829989552497864,0.0,0.0,0.0,0.0,0.0,0.0
"Nymphaeaceae, dune, lake, oak",tree,0.3512881398200989,0.0,0.0,0.0,0.0,0.0,0.0
"4th Earl of Pembroke, Philip Herbert",Charles I of England,0.811913788318634,0.0,0.08620689655172413,0.04873039689743777,0.2,0.0,0.2
"Absalom, Joab","Hercules, tree",0.7504355907440186,0.0,0.0,0.0,0.0,0.0,0.0
"Christ Child, Mary, boy, mother, woman","Christ Child, cherub, fruit, Mary, mother",0.9398535490036011,0.0,0.5260416666666666,0.10266900960803409,0.6666666666666666,0.20000000000000004,0.6666666666666666
man,man,0.9999998807907104,1.0,0.5,0.1778279410038923,1.0,0.0,1.0
Countess Palatine Maria Eufrosyne of Zweibrücken,woman,-0.18200430274009705,0.0,0.0,0.0,0.0,0.0,0.0
Ignatius of Loyola,"Christ Child, Mary, Jesus Christ, man",0.726205050945282,0.0,0.0,0.0,0.0,0.0,0.0
woman,woman,0.9999998807907104,1.0,0.5,0.1778279410038923,1.0,0.0,1.0
"bas-relief, brown hair, chignon, clothing in the ancient world, drapery, eyebrow, gaze, marble, pine tree, sea, sky, toe, tread, woman",woman,-0.28951385617256165,0.0,0.027624309392265196,9.963337543511952e-10,0.09523809523809523,0.0,0.09523809523809523
Anthony the Great,Saint Jerome,0.7608964443206787,0.0,0.0,0.0,0.0,0.0,0.0
ruins,"castle, man, river, sky, tree",-0.1453968584537506,0.0,0.0,0.0,0.0,0.0,0.0
Elisabeth Troost,woman,-0.11806870996952057,0.0,0.0,0.0,0.0,0.0,0.0
"apron, chimney fire, elderly people, family, folk costume of Sweden, guitar, guitarist, headscarf, man, music of Sweden, musician, parquetry, rosacea, sitting, vigil, violin, violinist, woman",woman,-0.26136013865470886,0.0,0.022123893805309734,6.713244030218192e-12,0.07692307692307693,0.0,0.07692307692307693
Louis XIV of France,Charles II of England,0.8654478788375854,0.0,0.125,0.08034284189446518,0.25,0.0,0.25
Diana,"Apollo, Cupid, Eros, Psyche",0.45195358991622925,0.0,0.0,0.0,0.0,0.0,0.0
man,man,0.9999998807907104,1.0,0.5,0.1778279410038923,1.0,0.0,1.0
Carrières de Bibémus,tree,0.43428075313568115,0.0,0.0,0.0,0.0,0.0,0.0
Jesus Christ,"Jesus Christ, Mary Magdalene, Joseph of Arimathea, Mary of Magdala, Pilate",0.759488046169281,0.0,0.646551724137931,0.03986357128268015,0.3076923076923077,0.18181818181818182,0.3076923076923077
man,man,0.9999998807907104,1.0,0.5,0.1778279410038923,1.0,0.0,1.0
man,man,0.9999998807907104,1.0,0.5,0.1778279410038923,1.0,0.0,1.0
"prison, psychiatric hospital","man, prison",0.6947951316833496,0.0,0.17241379310344826,0.09069748827745895,0.4,0.0,0.4
Hendrik van Limborch,man,0.2526596784591675,0.0,0.0,0.0,0.0,0.0,0.0
"Balthazar, Caspar, Christ Child, Madonna and Child, Melchior, adoration of the Magi","Christ Child, Joseph, Mary, baby Jesus, baby Jesus in manger, baby Jesus in throne, baby Jesus in cradle, baby",0.891108512878418,0.0,0.07874015748031496,0.02153320854081468,0.12903225806451615,0.06896551724137931,0.12903225806451615
goblet holder,"oyster, peach, wine glass",0.8741239309310913,0.0,0.0,0.0,0.0,0.0,0.0
Gian Paolo Lomazzo,man,0.24031566083431244,0.0,0.0,0.0,0.0,0.0,0.0
Venice,"Lake Como, church, man, woman",0.551110565662384,0.0,0.0,0.0,0.0,0.0,0.0
"Jesus Christ, John the Apostle, Mary, Mary Magdalene, Penitent Thief, cloud, crowd, crucifixion, human skull, man, sky, woman","Christ, Mary Magdalene",0.7567272186279297,0.0,0.15488215488215487,0.001791719793953452,0.2857142857142857,0.10526315789473684,0.2857142857142857
Jerome,Saint Francis of Assisi,0.48767852783203125,0.0,0.0,0.0,0.0,0.0,0.0
"Christ Child, Mary","Christ Child, Mary",1.000000238418579,1.0,0.9814814814814815,0.5623413251903491,1.0,1.0,1.0
"Mary, woman","Christ Pantocrator, angel, throne",0.7753798961639404,0.0,0.0,0.0,0.0,0.0,0.0
Notre-Dame de Paris,window,0.6859325766563416,0.0,0.0,0.0,0.0,0.0,0.0
"column, façade, stairs","Christ Child, Mary, Joseph",0.811077356338501,0.0,0.0,0.0,0.0,0.0,0.0
Kallavesi,"Finland, forest, lake, mountain, tree",0.8804998993873596,0.0,0.0,0.0,0.0,0.0,0.0
man,man,0.9999998807907104,1.0,0.5,0.1778279410038923,1.0,0.0,1.0
"Abel, Adam, Eve, barefoot, brown hair, chestnut hair, cloud, corpse, family, father, grief, hug, kneeling, loincloth, male toplessness, malleolus, man, mother, mourning, navel, nudity, plain, rock, sitting, sky, son, tear, toplessness, waist-length hair, woman","man, woman",0.7984874248504639,0.0,0.032467532467532464,2.001189841083912e-08,0.1111111111111111,0.0,0.1111111111111111
"Augustus Saint-Gaudens, man, portrait, profile",man,0.09724654257297516,0.0,0.10869565217391304,0.003257032351754417,0.33333333333333337,0.0,0.33333333333333337
"Catherine of Alexandria, Catherine of Siena, Christ Child, God the Father, Mary, angel, putto, rosary",Virgin Mary,0.6641582250595093,0.0,0.0364963503649635,0.00022481659648592288,0.11764705882352941,0.0,0.11764705882352941
"coat, girl, portrait",woman,-0.1781892031431198,0.0,0.0,0.0,0.0,0.0,0.0
"Mars, Venus, Vulcan","Christ, man",0.7490531802177429,0.0,0.0,0.0,0.0,0.0,0.0
"Claude Monet, beard, curtain, drapery, hat, man, paintbrush, painter, painting material, palette, standing, window",Édouard Manet,0.7891072034835815,0.0,0.0,0.0,0.0,0.0,0.0
"cave, landscape painting","cave, rock, sky, tree",0.89705491065979,0.0,0.16129032258064518,0.08034284189446518,0.28571428571428575,0.0,0.28571428571428575
"Heracles, sword","Cupid, man",0.885563313961029,0.0,0.0,0.0,0.0,0.0,0.0
"Agostino Beaziano, Andrea Navagero",man,0.19749286770820618,0.0,0.0,0.0,0.0,0.0,0.0
Lekarevskoe field,"field, tree",0.8266509771347046,0.0,0.25,0.1495348781221221,0.5,0.0,0.5
"Thomas Wentworth, body armor, dog",William the Silent,0.8959329128265381,0.0,0.0,0.0,0.0,0.0,0.0
Assumption of Mary,"Christ, Mary, angel, candle, cloud, man, woman",0.8392091989517212,0.0,0.14705882352941177,0.033031643180138064,0.2,0.0,0.2
"Birgit Prestøe, Jappe Nilssen, Rolf Stenersen","Carl Malmsten, Carl Malmsten, Carl Malmsten, Carl Malmsten, Carl Malmsten, Carl Malm",0.6928765773773193,0.0,0.0,0.0,0.0,0.0,0.0
"Dam Square, IJ, Oude Kerk, human, sailing ship, steeple","Amsterdam, boat, city, cloud, man, woman",0.8992664813995361,0.0,0.0574712643678161,0.0,0.0,0.0,0.0
"canvas, carpet, chair, child, dress, girl, skirt, woman","child, door, woman",0.8763838410377502,0.0,0.13333333333333333,0.025520874379338556,0.36363636363636365,0.0,0.36363636363636365
"New Hampshire, White Mountains, mountain",Mount Washington,0.8535356521606445,0.0,0.10638297872340426,0.0,0.0,0.0,0.0
woman,woman,0.9999998807907104,1.0,0.5,0.1778279410038923,1.0,0.0,1.0
woman,woman,0.9999998807907104,1.0,0.5,0.1778279410038923,1.0,0.0,1.0
"Bridalveil Fall, waterfall",Yosemite Valley,0.5490292310714722,0.0,0.0,0.0,0.0,0.0,0.0
"book, letter, seal, writing case","letter, letter box, letter writing, letter writing desk, letter writing desk, letter writing set, letter writing set, letter writing set,",0.685309112071991,0.0,0.15384615384615388,0.011451997463067555,0.16000000000000003,0.0,0.16000000000000003
"Gustave Moreau, full-frontal portrait",Gustave Moreau,0.8007135987281799,0.0,0.4934210526315789,0.11633369384516798,0.6666666666666666,0.5,0.6666666666666666
"Saint Lucy, woman","Christ, execution, man, woman",0.8915306925773621,0.0,0.16129032258064518,0.08034284189446518,0.28571428571428575,0.0,0.28571428571428575
"Spoleto, tree","house, tree",0.8784484267234802,0.0,0.25,0.1495348781221221,0.5,0.0,0.5
Diana,"Bacchus, Bacchant, Bacchus and Ariadne, Bacchus and Ariadne, Bacchus and Ari",0.5075549483299255,0.0,0.0,0.0,0.0,0.0,0.0
man,man,0.9999998807907104,1.0,0.5,0.1778279410038923,1.0,0.0,1.0
"Gustave Manet, Spanish costume, akimbo, belt, blanket, bolero, boot, breeches, brown hair, chin curtain, disguise, dress shirt, hat, majo / maja, man, pom-pom, portrait, standing, vest, walking stick, wall",man,0.00851764902472496,0.0,0.019762845849802372,3.342327395026276e-13,0.0689655172413793,0.0,0.0689655172413793
flower,"bouquet, flower, rose",0.691787838935852,0.0,0.4166666666666667,0.11362193664674995,0.5,0.0,0.5
"San Giuseppe di Castello, Venice","Church of San Giacomo Maggiore, man, woman",0.9076365232467651,0.0,0.09615384615384616,0.033031643180138064,0.16666666666666666,0.0,0.16666666666666666
"Christ Child, John the Evangelist, Mary, Saint Nicholas, boy, mother, woman","Christ Child, Mary, Saint John the Baptist, Saint Peter",0.883365273475647,0.0,0.4732510288065843,0.0703335914996303,0.6,0.33333333333333326,0.5
Ernest Thiel,Edvard Munch,0.7124001383781433,0.0,0.0,0.0,0.0,0.0,0.0
"Jesus Christ, Mary, Mary Magdalene, man, waist-length hair, woman","Jesus Christ, Mary Magdalene, Saint Peter",0.8338384032249451,0.0,0.4310344827586207,0.1457378792180198,0.5333333333333333,0.4615384615384615,0.5333333333333333
Erik Dahlbergh,Charles II of England,0.806026041507721,0.0,0.0,0.0,0.0,0.0,0.0
Inger Munch,"Edvard Munch, woman",0.7419562339782715,0.0,0.2380952380952381,0.11362193664674995,0.4,0.0,0.4
"Christ Child, Madonna and Child, Mary","Christ Child, Mary, tree",0.904391348361969,0.0,0.4406130268199233,0.13562437855552414,0.6,0.5,0.6
"Annunciation, Gabriel, Mary","Annunciation, Mary, angel, throne",0.9468100666999817,0.0,0.32258064516129037,0.09554427922043669,0.5714285714285715,0.0,0.5714285714285715
"Carl XV of Sweden, Charles XIII of Sweden, Charles XIV John of Sweden, Duke of Dalarna, Duke of Uppland, Désirée Clary, Josephine of Leuchtenberg, Oscar I of Sweden, Oscar II of Sweden, Prince August, Prince Gustaf, Princess Eugénie of Sweden",family,-0.06307315826416016,0.0,0.0,0.0,0.0,0.0,0.0
"Mediterranean Sea, harbor, lighthouse, sunset","Genoa, lighthouse",0.8715763688087463,0.0,0.10638297872340426,0.03336574130316504,0.28571428571428575,0.0,0.28571428571428575
"Karup Å, church building, meadow",church,-0.23178938031196594,0.0,0.10869565217391304,0.003257032351754417,0.4,0.0,0.4
woman,woman,0.9999998807907104,1.0,0.5,0.1778279410038923,1.0,0.0,1.0
"Emperor Rudolf II, Vertumnus, flower, fruit, man",man,0.09915103763341904,0.0,0.078125,0.0004407913958354948,0.25,0.0,0.25
red deer,"dog, deer",0.8345639705657959,0.0,0.25,0.1495348781221221,0.5,0.0,0.5
rape of the Sabine women,"Alexander the Great, Alexander the Younger, Alexander the Elder, Alexander the Elder, Alexander the Younger, Alexander the Younger, Alexander",0.5945262312889099,0.0,0.078125,0.010182425646195498,0.08333333333333333,0.0,0.08333333333333333
"Christ Child, Madonna and Child, Mary, angel, saint","Christ Child, Mary, man",0.9159558415412903,0.0,0.3362573099415205,0.082260343798398,0.5,0.4,0.5
"Théodore Duret, man",man,0.11065362393856049,0.0,0.17857142857142855,0.024066394763145416,0.4,0.0,0.4
"house, tree","house, river",0.8286308646202087,0.0,0.25,0.1495348781221221,0.5,0.0,0.5
man,man,0.9999998807907104,1.0,0.5,0.1778279410038923,1.0,0.0,1.0
Birgit Prestøe,table,0.02689763531088829,0.0,0.0,0.0,0.0,0.0,0.0
"body armor, courage, dress, fortitude, robe, sandal, sitting, sword, throne, woman",Saint Catherine of Alexandria,0.4227197766304016,0.0,0.0,0.0,0.0,0.0,0.0
Joseph Vernet,Jean-Baptiste Greuze,0.8626986145973206,0.0,0.0,0.0,0.0,0.0,0.0
"boat, landscape painting, ruins","lake, man, woman",0.8973854184150696,0.0,0.0,0.0,0.0,0.0,0.0
"Giuliano de Medici, interior space, window",man,0.18187355995178223,0.0,0.0,0.0,0.0,0.0,0.0
"Crucifixion of Jesus, Jesus Christ, bone, dog, skull","Christ, Crucifixion, Mary Magdalene, Mary of Magdala, Jesus Christ, Mary of Bethany, Mary of Mag",0.9052578806877136,0.0,0.3627873563218391,0.033241378434410024,0.3478260869565218,0.09523809523809523,0.3478260869565218
Gustaf Cronhielm,Gustav Adolfsberg,0.7978622317314148,0.0,0.0,0.0,0.0,0.0,0.0
"Jacob Adriaensz Backer, blond hair, fur, gaze towards the viewer, herder, ivy, man, moustache, recorder, recorder player, waist-length hair, wreath",Rembrandt van Rijn,0.6882633566856384,0.0,0.0,0.0,0.0,0.0,0.0
"cattle, landscape painting, woman","cow, man",0.8878783583641052,0.0,0.0,0.0,0.0,0.0,0.0
Charles I of England,"John, Duke of Suffolk",0.8752017617225647,0.0,0.125,0.08034284189446518,0.25,0.0,0.25
"Cupid, girl, letter, window",woman,-0.2701098620891571,0.0,0.0,0.0,0.0,0.0,0.0
"building, column, justice, paper, soldier, statue",woman,-0.2689431309700012,0.0,0.0,0.0,0.0,0.0,0.0
"gaze towards the viewer, man",man,0.0832485780119896,0.0,0.10869565217391304,0.003257032351754417,0.33333333333333337,0.0,0.33333333333333337
"Lofoten, mountain","Lofoten Islands, sea, sky",0.9101734161376953,0.0,0.22727272727272727,0.08034284189446518,0.3333333333333333,0.0,0.3333333333333333
"Bacchus, satyr","Bacchus, grape, goat, man, tree",0.9112752676010132,0.0,0.21739130434782608,0.05372849659117709,0.28571428571428575,0.0,0.28571428571428575
"Pere Romeu i Borràs, Ramon Casas, beard, cap, car, cigar, dog, man, pipe, smoking, tree","dog, man, motorcar, woman",0.9196593761444092,0.0,0.1838529176658673,0.010861626466864211,0.2,0.1111111111111111,0.2
woman,woman,0.9999998807907104,1.0,0.5,0.1778279410038923,1.0,0.0,1.0
"Mary, woman","Christ Child, Mary, Joseph",0.808864414691925,0.0,0.22727272727272727,0.08034284189446518,0.3333333333333333,0.0,0.3333333333333333
"Jesus Christ, Mary Magdalene, man, waist-length hair, woman","Christ, Mary Magdalene",0.782612144947052,0.0,0.3925925925925926,0.10621255679580059,0.5454545454545454,0.4444444444444445,0.5454545454545454
"Saint Anne, soldier, tyrant","Basilica of San Lorenzo, St. John the Baptist, St. John the Evangelist",0.6050719022750854,0.0,0.0,0.0,0.0,0.0,0.0
"Adam, Eve, Garden of Eden, serpent in the Bible, tree of the knowledge of good and evil","Adam and Eve, Christ, Eve, garden of Eden, Jesus Christ, Mary Magdalene, tree",0.9213659763336182,0.0,0.2889107450208999,0.16351361885214472,0.4666666666666667,0.21428571428571427,0.4000000000000001
"book, boy, ceramic, crock, physical container, sitting, table",boy,-0.28470250964164734,0.0,0.0684931506849315,0.00016215809237314185,0.2222222222222222,0.0,0.2222222222222222
Venice,"Venice, boat, city, dog, man, woman",0.5333012938499451,0.0,0.33333333333333337,0.040824829046386304,0.2857142857142857,0.0,0.2857142857142857
"Bichon, Black people, Cupid, Eros, Helen of Troy, Paris, White people, birds wing, black hair, blond hair, bow, chestnut hair, chignon, child, coif, combat helmet, cuirass, domestic worker, drapery, dress, feather, grass, hat, headband, kidnapping, leash, monkey, overcoat, putto, quiver, rampart, sailing ship, sandal, shore, sky, torch, tread, walking","Cupid, Eurydice, Eros, Hades, Hesperus, Iphigenia, Iris, Iris, Iris,",0.8478410243988037,0.0,0.02222222222222222,0.0003348993887374834,0.06896551724137931,0.0,0.06896551724137931
"Eugénie de Montijo, Pauline van der Linden dHooghvorst",Empress Maria Feodorovna,0.6234939098358154,0.0,0.0,0.0,0.0,0.0,0.0
"balzo, woman",woman,-0.1747855693101883,0.0,0.2631578947368421,0.06541924356118012,0.6666666666666666,0.0,0.6666666666666666
"Bacchus, barrel, bottle, landscape, letter, painting, print, rack with shelves, stemware, taste, textile, wine","book, candle, candlestick, candlewick, candlewick paper, candlewick paper, candlewick paper, candlewick paper, candlewick",0.6374120712280273,0.0,0.0,0.0,0.0,0.0,0.0
"Prunus blossom, flower, fruit tree, grass, hedge, orchard, rural area, tree","garden, tree",0.8532513380050659,0.0,0.04950495049504951,0.0016611824434051396,0.15384615384615385,0.0,0.15384615384615385
"barque, body of water, broad-leaved tree, cloud, contre-jour, evening, forest, grass, hedge, meadow, rural area, shore, sky, sunset, tree, twilight",river,-0.22973811626434326,0.0,0.0,0.0,0.0,0.0,0.0
John Musters,man,0.1538529098033905,0.0,0.0,0.0,0.0,0.0,0.0
"bathing, child, dog, leisure, man, monkey, river, woman","boat, dog, lawn, man, monkey, woman",0.961807131767273,0.0,0.40464743589743596,0.07356556000975763,0.5714285714285715,0.16666666666666666,0.5714285714285715
"Marie Ginoux, black hair, coif, dress, part, sitting, table, waist-length hair, woman",woman,-0.2820710241794586,0.0,0.04587155963302752,2.9700290627924664e-06,0.15384615384615385,0.0,0.15384615384615385
"man, portrait",man,0.5161008834838867,0.0,0.2631578947368421,0.06541924356118012,0.6666666666666666,0.0,0.6666666666666666
woman,woman,0.9999998807907104,1.0,0.5,0.1778279410038923,1.0,0.0,1.0
"Bay of Cádiz, Cádiz Expedition, Diego Ruiz, Fernando Girón de Salcedo y Briviesca, Royal Navy, Spanish Navy, armchair, body armor, cannon, city walls of Cádiz, combat helmet, firearm, flag, galleon, hat, sailboat, shield, ship, spear, sword, walking stick","Alonso de Ojeda, Alonso de Ojeda, Alonso de Ojeda, Alonso de Ojeda, Alonso de Oj",0.7487490177154541,0.0,0.014005602240896359,0.0028526324693461304,0.03508771929824561,0.0,0.03508771929824561
USS Perry,ship,0.09892861545085907,0.0,0.0,0.0,0.0,0.0,0.0
man,Francisco de Miranda,0.32918697595596313,0.0,0.0,0.0,0.0,0.0,0.0
Christ Child,"Christ Child, Joseph, Mary, Magi",0.7934412956237793,0.0,0.8152173913043478,0.11362193664674995,0.5714285714285715,0.4,0.5714285714285715
woman,woman,0.9999998807907104,1.0,0.5,0.1778279410038923,1.0,0.0,1.0
Alessandro de Medici,man,0.3306601643562317,0.0,0.0,0.0,0.0,0.0,0.0
Jerome,"Christ, Jesus Christ, Saint Peter",0.5366313457489014,0.0,0.0,0.0,0.0,0.0,0.0
"Herculaneum, Pompeii, eruption of Mount Vesuvius in 79","Abraham, cave, fire, lightning, man, woman",0.749977171421051,0.0,0.0,0.0,0.0,0.0,0.0
boat,"Amsterdam, landscape",0.844262957572937,0.0,0.0,0.0,0.0,0.0,0.0
"bishop, nudity, penance","Pope Gregory VII, St. Bernard of Clairvaux",0.6054913997650146,0.0,0.0,0.0,0.0,0.0,0.0
"Christ Child, Mary, boy, mother, woman","Christ Child, Mary, man",0.9428119659423828,0.0,0.5076628352490421,0.24117803988461298,0.6,0.5,0.6
"man, saint, sword",Saint John the Baptist,0.3691750764846802,0.0,0.16129032258064518,0.08034284189446518,0.28571428571428575,0.0,0.28571428571428575
goatherd,"Adam, tree",0.9195218682289124,0.0,0.0,0.0,0.0,0.0,0.0
"cattle, cloud, human, river, shore, sky, tree",river,-0.22436970472335815,0.0,0.078125,0.0004407913958354948,0.25,0.0,0.25
Child Saint John,"Christ Child, Mary, Joseph, baby Jesus",0.8284146785736084,0.0,0.15151515151515152,0.040824829046386304,0.2222222222222222,0.0,0.2222222222222222
"man, portrait",John Adams,0.7835891246795654,0.0,0.0,0.0,0.0,0.0,0.0
Tieleman Roosterman,man,0.07892061024904251,0.0,0.0,0.0,0.0,0.0,0.0
"Samuel Mifflin, book, man, portrait",John Adams,0.8370838165283203,0.0,0.0,0.0,0.0,0.0,0.0
"Gloucester, bay, boat, coast, tree","New York City, New York State, New York Harbor, New York City, New York State, New York Harbor, New York State,",0.49467140436172485,0.0,0.0,0.0,0.0,0.0,0.0
Anthony the Great,"Christ, fire, man, woman",0.8083871006965637,0.0,0.0,0.0,0.0,0.0,0.0
"Archangel Michael, fallen angel",Hell,0.4734879732131958,0.0,0.0,0.0,0.0,0.0,0.0
"Christian cross, Mary, corpse, landscape, lily, martyr, rock, throne","Christ, cross, woman",0.8574346899986267,0.0,0.05952380952380952,0.015377056977980369,0.16666666666666666,0.0,0.16666666666666666
William I of the Netherlands,man,0.10991674661636353,0.0,0.0,0.0,0.0,0.0,0.0
painter,woman,0.8613351583480835,0.0,0.0,0.0,0.0,0.0,0.0
"Harlequin, Mardi Gras, bicorne, curtain, disguise, man, mask, standing",Harlequin,0.7550005316734314,0.0,0.06097560975609756,5.965462840365855e-05,0.19999999999999998,0.0,0.19999999999999998
"Ida Rubinstein, woman",woman,-0.19107459485530853,0.0,0.17857142857142855,0.024066394763145416,0.5,0.0,0.5
"Quercus ilex, man, pasture, rock, woman",landscape,-0.19288721680641174,0.0,0.0,0.0,0.0,0.0,0.0
Sir John Dick,"Sir John, 1st Baronet, Duke of Portland",0.6589912176132202,0.0,0.5514705882352942,0.06985342056580097,0.4,0.25,0.4
"Frederick II of Denmark, Kronborg Castle, body armor, cannon, cannonball, dog, horse, man","Charles I of England, dog, horse, man, soldier, woman",0.9344009757041931,0.0,0.29761904761904767,0.08177250090912826,0.3636363636363637,0.2,0.3636363636363637
"Jesus Christ, Mary, Mary Magdalene, aureola, man, waist-length hair, woman","Christ on the Cross, Crucifixion, Jesus Christ, Mary Magdalene, Mary of Magdala, Mary of Bethany,",0.8445132970809937,0.0,0.3542857142857143,0.08225964699966554,0.4,0.2608695652173913,0.32
Vincent van Gogh,Van Gogh,0.8338696360588074,0.0,0.6465517241379309,0.19180183554164504,0.8,0.6666666666666666,0.8
Bacchus,Cupid,0.5135834217071533,0.0,0.0,0.0,0.0,0.0,0.0
"child, woman","child, woman",0.9999998807907104,1.0,0.9375,0.316227766016838,1.0,1.0,1.0
"Jerome, beatific vision, bishop, cardinal, cloister, death, poplar, sadness, writing, writing case","death, man, woman",0.8701417446136475,0.0,0.04504504504504504,0.005656903127920845,0.13333333333333333,0.0,0.13333333333333333
assassination of Julius Caesar,Julius Caesar,0.826779842376709,0.0,0.4934210526315789,0.11633369384516798,0.6666666666666666,0.5,0.6666666666666666
"Christ Child, Mary, boy, woman","Christ Child, Christ Pantocrator, Crucifixion, Mary, Saint John the Baptist, Saint John the Evangelist, Saint John the",0.8300202488899231,0.0,0.24193548387096775,0.026920508809559315,0.2727272727272727,0.1,0.2727272727272727
"bather, bathing, cloud, fishing, fishing net, fishing vessel, nudity, outdoors, sea, young adult man","boat, boy, fishing, man, sea, sky",0.918714702129364,0.0,0.11363636363636363,0.014162677936694859,0.3,0.0,0.2
"Richard Dana, man, portrait",man,0.18041935563087463,0.0,0.13513513513513511,0.008853531856477262,0.4,0.0,0.4
Adriaan Pieter Twent van Raaphorst,Charles X of France,0.6030985116958618,0.0,0.0,0.0,0.0,0.0,0.0
Gerard Pietersz. Schaep,Jan van der Heyden,0.8463564515113831,0.0,0.0,0.0,0.0,0.0,0.0
"Child Saint John, Christ Child, Mary","Christ Child, Mary, child",0.9455193877220154,0.0,0.3448275862068965,0.2591626698761441,0.8,0.5,0.6
woman,woman,0.9999998807907104,1.0,0.5,0.1778279410038923,1.0,0.0,1.0
"Marie-Hortense Fiquet, woman",woman,-0.2586367130279541,0.0,0.17857142857142855,0.024066394763145416,0.5,0.0,0.5
Faxälven,"Kola Peninsula, river",0.891327977180481,0.0,0.0,0.0,0.0,0.0,0.0
Golden Gate,ship,0.19617986679077148,0.0,0.0,0.0,0.0,0.0,0.0
"Ravana, corpse, couple, death, woman","Egypt, Egyptomania, Egyptomania, Egyptomania, Egyptomania, Egyptomania, Egyptomania, Egyptoman",0.4805864095687866,0.0,0.0,0.0,0.0,0.0,0.0
Jean-Baptiste Tavernier,John Huyse,0.8458282351493835,0.0,0.0,0.0,0.0,0.0,0.0
boy,man,0.7902741432189941,0.0,0.0,0.0,0.0,0.0,0.0
"coffee, teacup, window, woman",woman,-0.20790642499923706,0.0,0.13513513513513511,0.008853531856477262,0.4,0.0,0.4
Broekzijder molen,windmill,-0.1431504487991333,0.0,0.0,0.0,0.0,0.0,0.0
"White people, man, military officer, portrait",John Adams,0.8235552310943604,0.0,0.0,0.0,0.0,0.0,0.0
Maria Henriëtte van de Poll,woman,0.009842145256698132,0.0,0.0,0.0,0.0,0.0,0.0
Hyacinth of Poland,"Mary, Saint Francis of Assisi, Christ Child, cloud, man, monk, prayer, robe, veil, woman",0.8157657980918884,0.0,0.12195121951219513,0.01428363257865929,0.11764705882352941,0.0,0.11764705882352941
"art of painting, bouquet, flower, vase","curtain, flower, vase",0.9443455934524536,0.0,0.3289473684210526,0.08839449202722564,0.4444444444444444,0.28571428571428575,0.4444444444444444
moonlight,"house, sky, tree",0.7209692001342773,0.0,0.0,0.0,0.0,0.0,0.0
"Bacchus, Caravaggio",Bacchus,0.8746116757392883,0.0,0.2631578947368421,0.06541924356118012,0.6666666666666666,0.0,0.6666666666666666
"Venice, sail, sky","boat, boatyard, fog, harbor",0.9124186038970947,0.0,0.0,0.0,0.0,0.0,0.0
breaking wave,wave,0.2084771990776062,0.0,0.2631578947368421,0.06541924356118012,0.6666666666666666,0.0,0.6666666666666666
"Francis of Assisi, angel","St. Francis of Assisi, angel",0.9466533064842224,0.0,0.9679878048780488,0.668740304976422,0.888888888888889,0.8571428571428571,0.888888888888889
"Jesus Christ, man","Christ, angel",0.901447594165802,0.0,0.17241379310344826,0.09069748827745895,0.4,0.0,0.4
"boat, body of water, cloud, house, shore","sea, sky",0.8923269510269165,0.0,0.0,0.0,0.0,0.0,0.0
Nursing Madonna,"Christ Child, Mary",0.7938889861106873,0.0,0.0,0.0,0.0,0.0,0.0
"One True Thing, Sun, Triticum, chimney, city or town, evening, field, light source, rural area, sky, smoke, summer, sunset, windmill","Arles, sun",0.868830144405365,0.0,0.027472527472527472,1.8454070013176595e-05,0.09090909090909091,0.0,0.09090909090909091
"Mélidore et Phrosine, clothing, corpse, man, nudity, woman",Saint Ursula,0.733810305595398,0.0,0.0,0.0,0.0,0.0,0.0
"Charles V, Diego Deza, Jesus Christ, Mary, Paul the Apostle, Saint Dominic, Thomas Aquinas, apotheosis, dove",Saint Francis of Assisi,0.6197699308395386,0.0,0.03378378378378378,0.004000034562268221,0.1,0.0,0.1
James Henry Moser,man,0.25416886806488037,0.0,0.0,0.0,0.0,0.0,0.0
"Dordrecht, Meuse, sailing ship","boat, city, sailing",0.9027396440505981,0.0,0.12820512820512822,0.0814136751754278,0.28571428571428575,0.0,0.28571428571428575
Étangs de Corot,"boat, man, river, tree",0.8694866299629211,0.0,0.0,0.0,0.0,0.0,0.0
"Anna Joachimine Ahlefeldt, countess, dress, window",woman,-0.2580794095993042,0.0,0.0,0.0,0.0,0.0,0.0
woman,woman,0.9999998807907104,1.0,0.5,0.1778279410038923,1.0,0.0,1.0
dog,"Paul, Paul of Tarsus",-0.21794980764389038,0.0,0.0,0.0,0.0,0.0,0.0
"Christ Child, Mary","Mary, child, violin",0.8536148071289062,0.0,0.3333333333333333,0.13512001548070346,0.6666666666666666,0.0,0.3333333333333333
Theo van Doesburg,Theo Borchardt,0.9030719995498657,0.0,0.17241379310344826,0.09069748827745895,0.4,0.0,0.4
"death, fisher, souwester","death, funeral, man, woman",0.8897840976715088,0.0,0.16129032258064518,0.08034284189446518,0.28571428571428575,0.0,0.28571428571428575
"Crucifixion of Jesus, Jesus, Jesus Christ, King of the Jews, cross, nail",Christ on the Cross,0.8373556137084961,0.0,0.13392857142857142,0.014309963942398377,0.375,0.0,0.375
"Costa del Garraf, Garraf, pailebot, sailing ship, sea","boat, sea",0.6474159359931946,0.0,0.06756756756756756,0.007444903200446295,0.2,0.0,0.2
"Native Americans in the United States, feather, man, necklace",man,0.14476516842842102,0.0,0.06097560975609756,5.965462840365855e-05,0.19999999999999998,0.0,0.19999999999999998
"Armand-Jean du Plessis, Henri Coiffier de Ruzé, Louis XIII of France, Marquis of Cinq-Mars, duc de Richelieu, man","Charles I of England, Charles II of England, Duke of Buckingham, Duke of Buckingham, Duke of Buckingham, Duke of Buckingham, Duke of",0.806329071521759,0.0,0.05434782608695651,0.010331208012220438,0.09999999999999999,0.0,0.09999999999999999
"dress, girl, man, swing, woman",woman,-0.1696809083223343,0.0,0.10869565217391304,0.003257032351754417,0.33333333333333337,0.0,0.33333333333333337
Frøydis Mjølstad,woman,-0.06571304053068161,0.0,0.0,0.0,0.0,0.0,0.0
"boat, river, tree","boat, bird, cloud, duck, flock, man, river, sky, tree",0.8956775665283203,0.0,0.4166666666666667,0.03155984539112946,0.5,0.0,0.5
"artificial pond, broad-leaved tree, cloud, cow, grazing, herd, meadow, pasture, rural area, shadow, sky, spring","landscape, tree",0.8363052010536194,0.0,0.0364963503649635,0.00022481659648592288,0.11764705882352941,0.0,0.11764705882352941
Demetrius of Thessaloniki,Saint George,0.7828319072723389,0.0,0.0,0.0,0.0,0.0,0.0
Alexander Leeper,Sir William Gilmour,0.8859363794326782,0.0,0.0,0.0,0.0,0.0,0.0
"Jesus Christ, Saint Peter","Jesus Christ, boat, man, river",0.7705507278442383,0.0,0.45731707317073167,0.11362193664674995,0.4444444444444445,0.28571428571428575,0.4444444444444445
"column, horse, kithara, landscape, musical instrument, singer, woman, zither","Alexander the Great, Alexander the Great's tomb",0.7646145224571228,0.0,0.0,0.0,0.0,0.0,0.0
duck,duck,1.0,1.0,0.5,0.1778279410038923,1.0,0.0,1.0
Abigail Smith Babcock,woman,-0.16722498834133148,0.0,0.0,0.0,0.0,0.0,0.0
"Ares, Mars, body armor, combat helmet, shield, sword","helmet, man, soldier, sword",0.9160087704658508,0.0,0.13157894736842105,0.0351487760467425,0.3333333333333333,0.0,0.3333333333333333
woman,"church, man, woman",-0.1191750168800354,0.0,0.4166666666666667,0.11362193664674995,0.5,0.0,0.5
Nathan Judels,John Henry Mundy,0.7100772261619568,0.0,0.0,0.0,0.0,0.0,0.0
"Augustine of Hippo, Jerome, Jesus Christ, John the Baptist, architecture, beatific vision, bird, broad-leaved tree, cave, child, hermit, lily, lion, meeting, path, penance, skull","Christ, Jesus Christ, Jesus of Nazareth, Mary Magdalene",0.7981582880020142,0.0,0.06696428571428571,0.008797596300946292,0.1875,0.06666666666666667,0.125
"Yvonne Rouart, woman",woman,-0.2276860922574997,0.0,0.17857142857142855,0.024066394763145416,0.5,0.0,0.5
"Sigrid Kähler, breakfast, broad-leaved tree, brown hair, chair, chignon, coffee, curtain, dress, flowerpot, food, garden, houseplant, morning, myrtle, newspaper, plate, reading, rushing, saucer, sideboard, sitting, table, tablecloth, tableware, teacup, terrace, wall, window, woman",woman,-0.3139907121658325,0.0,0.016778523489932886,2.2520424841278442e-15,0.05714285714285715,0.0,0.05714285714285715
angel,angel,1.0,1.0,0.5,0.1778279410038923,1.0,0.0,1.0
school teacher,Mary,0.6186745762825012,0.0,0.0,0.0,0.0,0.0,0.0
landscape painting,"city, landscape, river, sky, tree",0.8106651902198792,0.0,0.21739130434782608,0.05372849659117709,0.28571428571428575,0.0,0.28571428571428575
"Christ Child, Mary, boy, mother, woman","Christ Child, Mary, St. Francis",0.8698980808258057,0.0,0.4990583804143125,0.21771262023986562,0.5454545454545454,0.4444444444444445,0.5454545454545454
"Diana, Earth, bow, love, putto, quiver, woman","Bacchus, Dionysus, woman",0.8258907198905945,0.0,0.07575757575757576,0.029950417327249696,0.2,0.0,0.2
"Eugène Murer, man, portrait",Pierre-Auguste Renoir,0.8947840332984924,0.0,0.0,0.0,0.0,0.0,0.0
Johan Gabriel Stenbock,Charles II of England,0.8068581223487854,0.0,0.0,0.0,0.0,0.0,0.0
Karl Gustav von Redeken,Carl Gustaf von Redeken,0.9489119648933411,0.0,0.46875,0.16990442448471224,0.5,0.3333333333333333,0.5
"1795–1820 clothing, Adélaïde de La Rochefoucauld, André Grétry, Auguste Laurent de Rémusat, Auguste-Jean-Gabriel de Caulaincourt, Auguste-Louis de Talleyrand, Bon-Adrien Jeannot de Moncey, Carlo Francesco Maria Caselli, Caroline Bonaparte, Catherine-Dominique Pérignon, Charles XIV John of Sweden, Charles-François Lebrun, Charles-Maurice de Talleyrand-Périgord, Countess of La Rochefoucauld, Crown of Napoleon, Descent from the Cross, Elisa Bonaparte, Eugène de Beauharnais, Federico Gravina, Ferdinando Marescalchi, François Christophe de Kellermann, François Joseph Lefebvre, Giovanni Battista Caprara Montecuccoli, Géraud Duroc, Halet Efendi, Hand of Sacred Justice with ring of Saint-Denis, Hercule-Ferdinand Laville de Villa Stellone, Hortense de Beauharnais, Hyacinthe-Hughes Timoléon de Cossé-Brissac, Ignazio Degotti, Jacques-Louis David, Jean Jacques Régis de Cambacérès, Jean-Andoche Junot, Jean-Baptiste Bessières, Jean-Baptiste de Belloy, Jean-Mathieu-Philibert Sérurier, Jean-de-Dieu Soult, Joachim Murat, John Armstrong Jr., Joseph Bonaparte, Joseph Fesch, Joseph-Marie Vien, Joséphine de Beauharnais, Joyeuse, Julie Clary, Louis Bonaparte, Louis-Alexandre Berthier, Louis-Auguste Juvénal des Ursins dHarville, Louis-Philippe de Ségur, Louise Berg, Marc Antoine de Beaumont, Maria-Letizia Bonaparte, Martin-Roch-Xavier Estève, Napoleon, Napoleon Charles Bonaparte, Notre-Dame de Paris, Pauline Bonaparte, Philipp von Cobenzl, Pius VII, Prince of Neufchatel and of Wagram, Raphaël de Monachis, Romoaldo Braschi-Onesti, coronation of Napoleon I, crown, crucifix, drapery, duc de Plaisance, laurel wreath, man, orb, regalia, scepter of Charles V, sceptre, woman, Émilie de Beauharnais, Étienne Hubert de Cambacérès","Louis XVI of France, coronation, crown",0.7688977122306824,0.0,0.010700909577314071,1.6314517303807448e-16,0.03361344537815126,0.0,0.03361344537815126
Saint Apollonia,Saint John the Baptist,0.5145738124847412,0.0,0.22727272727272727,0.08034284189446518,0.3333333333333333,0.0,0.3333333333333333
"man, portrait",man,0.5161008834838867,0.0,0.2631578947368421,0.06541924356118012,0.6666666666666666,0.0,0.6666666666666666
"mountain, tree",landscape,0.07293790578842163,0.0,0.0,0.0,0.0,0.0,0.0
Lars Grandel,man,0.15711753070354462,0.0,0.0,0.0,0.0,0.0,0.0
"hut, landscape","house, sea",0.589001476764679,0.0,0.0,0.0,0.0,0.0,0.0
woman,woman,0.9999998807907104,1.0,0.5,0.1778279410038923,1.0,0.0,1.0
"Avignon, Rhône","Arles, river, town",0.901414692401886,0.0,0.0,0.0,0.0,0.0,0.0
"mountain, Åre",Mount Kebnekaise,0.8322601914405823,0.0,0.25,0.0,0.0,0.0,0.0
"Saint Peter, tear",Saint Jerome,0.8130002021789551,0.0,0.17241379310344826,0.09069748827745895,0.4,0.0,0.4
hand-in-waistcoat,man,0.09481119364500046,0.0,0.0,0.0,0.0,0.0,0.0
"man, portrait",man,0.5161008834838867,0.0,0.2631578947368421,0.06541924356118012,0.6666666666666666,0.0,0.6666666666666666
"Jacob, angel","angel, man",0.9251747131347656,0.0,0.25,0.1495348781221221,0.5,0.0,0.5
"Vincent van Gogh, bandage, button, compress, fur, gaze towards the viewer, hat, human, overcoat, pipe, smoke, smoking",Vincent van Gogh,0.7088614702224731,0.0,0.18874643874643876,0.0052880118267181545,0.3,0.2222222222222222,0.3
"Calypso, Hermes, Odysseus",Venus,-0.02900390326976776,0.0,0.0,0.0,0.0,0.0,0.0
Perseus,"Battle of Actium, man, soldier, woman",0.8175662159919739,0.0,0.0,0.0,0.0,0.0,0.0
"Duke of Schleswig-Holstein-Gottorp, Frederick IV, horse, soldier",Frederick the Great,0.6846989393234253,0.0,0.07575757575757576,0.029950417327249696,0.2,0.0,0.2
Witte Corneliszoon de With,Jan van der Heyden,0.8596284985542297,0.0,0.0,0.0,0.0,0.0,0.0
tree,"landscape, man, woman",0.4875805079936981,0.0,0.0,0.0,0.0,0.0,0.0
woman,woman,0.9999998807907104,1.0,0.5,0.1778279410038923,1.0,0.0,1.0
"Louveciennes, landscape, path, snow, tree, winter","Montmartre, snow",0.927847683429718,0.0,0.08928571428571427,0.020237345084409754,0.25,0.0,0.25
"hat, ring",man,0.33636611700057983,0.0,0.0,0.0,0.0,0.0,0.0
"landscape, path, spring, tree, woman",orchard,-0.09305785596370697,0.0,0.0,0.0,0.0,0.0,0.0
"cloud, drapery, female breast, nudity, sitting, sky, standing, towel, woman","beach, woman",0.8015117645263672,0.0,0.05434782608695652,0.002738826828955665,0.16666666666666669,0.0,0.16666666666666669
Prince Christian of Denmark,Charles II of England,0.8458277583122253,0.0,0.125,0.08034284189446518,0.25,0.0,0.25
couple,"couple, man, woman",-0.131259948015213,0.0,0.4166666666666667,0.11362193664674995,0.5,0.0,0.5
Persian Sibyl,"Persica, woman",0.9512628316879272,0.0,0.0,0.0,0.0,0.0,0.0
Flatford Mill,"River Stour, man, horse, path, tree",0.9057608842849731,0.0,0.0,0.0,0.0,0.0,0.0
"Nancy Astor, Viscountess Astor",woman,-0.016363870352506638,0.0,0.0,0.0,0.0,0.0,0.0
"Jesus Christ, Mary","Mary, Jesus Christ",0.9417679309844971,0.0,0.8518518518518519,0.26591479484724945,1.0,0.5,0.6666666666666666
"collar, full-frontal portrait, hat, lace, woman",woman,-0.28461864590644836,0.0,0.0909090909090909,0.0011981952414407235,0.2857142857142857,0.0,0.2857142857142857
Joan Maetsuycker,man,0.12186317145824432,0.0,0.0,0.0,0.0,0.0,0.0
"field, hill, landscape, laundry detergent, woman",woman,-0.2504390776157379,0.0,0.0909090909090909,0.0011981952414407235,0.2857142857142857,0.0,0.2857142857142857
"barefoot, broad-leaved tree, chestnut hair, clog, clothing, cloud, female breast, girl, goose, grass, headscarf, herd, herder, malleolus, mons pubis, navel, nude swimming, nudity, plant, pollard willow, pubic hair removal, rural area, shore, sitting, sky, teenager, toe, watercourse","man, nude, tree",0.8790971040725708,0.0,0.029761904761904764,1.6170206203150283e-06,0.1,0.0,0.05
"Airedale Terrier, woman","dog, woman",0.8734300136566162,0.0,0.17241379310344826,0.09069748827745895,0.4,0.0,0.4
adoration of the Magi,"Christ Child, Joseph, Mary, three wise men",0.8375898003578186,0.0,0.0,0.0,0.0,0.0,0.0
"chair, portrait, woman",woman,-0.17791719734668732,0.0,0.17857142857142855,0.024066394763145416,0.5,0.0,0.5
"Herman Doomer, man, portrait",man,0.09836240857839584,0.0,0.13513513513513511,0.008853531856477262,0.4,0.0,0.4
tree,landscape,0.5695397257804871,0.0,0.0,0.0,0.0,0.0,0.0
Lot,"Jacob, Rebecca, Rachel, woman",-0.2522214353084564,0.0,0.0,0.0,0.0,0.0,0.0
"marine art, wind wave","beach, cloud, sea, sky, sun, wave",0.84146648645401,0.0,0.11904761904761905,0.040824829046386304,0.2,0.0,0.2
John the Baptist,"Israelites, Moses",0.679709792137146,0.0,0.0,0.0,0.0,0.0,0.0
"Cynara scolymus, cherry, fruit, grape, hazelnut, man, summer, vegetable","Bacchus, fruit",0.8355015516281128,0.0,0.06024096385542168,0.004515562049663387,0.1818181818181818,0.0,0.1818181818181818
"Seine, house, tree","Château de Chantilly, river, tree",0.8623104691505432,0.0,0.15625,0.05372849659117709,0.2222222222222222,0.0,0.2222222222222222
Gustaf Adolf De la Gardie,Charles II of England,0.7483944892883301,0.0,0.0,0.0,0.0,0.0,0.0
"Anthony of Padua, Christ Child, Mary, Roch, book, sacra conversazione","Christ Child, Mary, Saint Anthony, Saint John the Baptist",0.8512160778045654,0.0,0.37878787878787884,0.11412271829914293,0.4210526315789474,0.23529411764705882,0.3157894736842105
"boy, drum, horse, portrait, toy",boy,-0.3349781930446625,0.0,0.10869565217391304,0.003257032351754417,0.33333333333333337,0.0,0.33333333333333337
Elisabeth Förster-Nietzsche,woman,-0.12373299896717072,0.0,0.0,0.0,0.0,0.0,0.0
"Callisto, Jupiter",Diana,0.4304623007774353,0.0,0.0,0.0,0.0,0.0,0.0
shipwrecking,shipwreck,0.8969263434410095,0.0,0.5,0.0,1.0,0.0,1.0
Rosalba Carriera Peale,woman,-0.1592503935098648,0.0,0.0,0.0,0.0,0.0,0.0
"Christ Child, Mary, boy, mother, woman","Christ Child, Mary, child",0.9379666447639465,0.0,0.2586206896551724,0.24117803988461298,0.6,0.5,0.6
"portrait, woman",woman,-0.03444924205541611,0.0,0.2631578947368421,0.06541924356118012,0.6666666666666666,0.0,0.6666666666666666
Jacoba Bicker,"Marie de France, woman",0.8313817977905273,0.0,0.0,0.0,0.0,0.0,0.0
"Christ Child, Jesus Christ, Mary","Christ, Mary, angel, death, deathbed, funeral, grief, mourning, mourning clothes, mourning veil, mourning wreath, mourning",0.7949115633964539,0.0,0.3125000000000001,0.027952555963587523,0.2,0.11111111111111112,0.2
"Charon, Cupressus, barque, boat, corpse, cove, evening, island, oar, shroud, sky, sunset, tomb, woman","island, man, night, rock, tree",0.9100039005279541,0.0,0.038167938931297704,0.008881260752338875,0.10526315789473682,0.0,0.10526315789473682
"Marthe Bonnard, Pierre Bonnard, bed, bedroom, couple, folding screen, house cat, man, nudity, woman","man, nude",0.8335591554641724,0.0,0.0390625,0.00037065990463274877,0.125,0.0,0.125
Catherine of Alexandria,"Mary, Christ Child, Saint Catherine of Alexandria",0.8110737800598145,0.0,0.866013071895425,0.16348126556655487,0.6,0.5,0.6
"Ulrik Christian Gyldenløve, boot, cape, dog, walking stick","dog, man",0.7037667632102966,0.0,0.06756756756756756,0.007444903200446295,0.1818181818181818,0.0,0.1818181818181818
"Le Lavandou, Mediterranean Sea, Pinales, beach, child, gulf, herb, herbaceous plant, hill, landscape, sitting, woman","beach, boat, cliff, coast, dune, hill, landscape, sea, sky, tree",0.9197487831115723,0.0,0.21767241379310345,0.03219290164685344,0.32,0.08695652173913043,0.24
"girl, glove, red hair",woman,-0.15576323866844177,0.0,0.0,0.0,0.0,0.0,0.0
"Duke of Närke, Prince Eugen",man,0.10402657091617584,0.0,0.0,0.0,0.0,0.0,0.0
"1795–1820 clothing, Caspar David Friedrich, Elbe Sandstone Mountains, Moon, Růžovský vrch, Růžová, Srbská Kamenice, abyss, cloud, day, grass, hat, herb, hiking, jacket, man, mountain, night, rainbow, rock, shoe, sky, tree, trousers, valley, walking stick",rainbow,0.46217378973960876,0.0,0.016286644951140065,8.284801305552982e-16,0.05405405405405406,0.0,0.05405405405405406
woman,woman,0.9999998807907104,1.0,0.5,0.1778279410038923,1.0,0.0,1.0
"Martha Washington, portrait, woman",Martha Washington,0.889041543006897,0.0,0.4934210526315789,0.11633369384516798,0.6666666666666666,0.5,0.6666666666666666
"arch, sky, tread","Colosseum, man, woman",0.8686456680297852,0.0,0.0,0.0,0.0,0.0,0.0
"Adam, Eve, Garden of Eden, snake","Adam, Eve",0.8569875359535217,0.0,0.33482142857142855,0.04279677428117006,0.5,0.33333333333333337,0.5
"Austrians, Tilla Durieux, dress, portrait, ring, rose, shawl, sitting, smile, woman",woman,-0.22784523665905,0.0,0.05,8.07337603138401e-06,0.16666666666666669,0.0,0.16666666666666669
"Annunciation, angel",angel,0.6916108131408691,0.0,0.2631578947368421,0.06541924356118012,0.6666666666666666,0.0,0.6666666666666666
Vestal Virgin,woman,-0.13055133819580078,0.0,0.0,0.0,0.0,0.0,0.0
"Pavia, mountain, tree",Battle of Pavia,0.8962806463241577,0.0,0.16666666666666666,0.11362193664674995,0.3333333333333333,0.0,0.3333333333333333
"boat, tree","Dordrecht, house, ice, man, sky, sunset",0.8805976510047913,0.0,0.0,0.0,0.0,0.0,0.0
"Mary, woman","Mary, woman",0.9999998807907104,1.0,0.9375,0.316227766016838,1.0,1.0,1.0
man,man,0.9999998807907104,1.0,0.5,0.1778279410038923,1.0,0.0,1.0
Harmen Hals,man,0.16558398306369781,0.0,0.0,0.0,0.0,0.0,0.0
"Ilex aquifolium, Western concert flute, art model, back, barefoot, beard, beret, brown hair, candle, candlestick, canvas, carpet, chignon, cigarette, clarinet, clothed male, dimples of Venus, drapery, easel, eye contact, halberd, height, hip, loincloth, malleolus, man, mandolin, naked female, painter, palette, piano, sheet music, sitting, smoking, sole, studio, tambourine, toplessness, trousers, vehicle frame, wallpaper, woman",woman,-0.3534463346004486,0.0,0.01026694045174538,1.7076248222124218e-24,0.03636363636363636,0.0,0.03636363636363636
"Child Saint John, Mary Magdalene","Christ Child, Mary, Joseph",0.9121643900871277,0.0,0.20408163265306123,0.07440995947486906,0.4444444444444445,0.0,0.4444444444444445
man,Jacob van Beek,0.221886545419693,0.0,0.0,0.0,0.0,0.0,0.0
"cloud, forest, hill, horse, human, landscape, man, natural landscape, nature, river, sky, tree",landscape,-0.15479527413845062,0.0,0.04237288135593221,1.0926126318830351e-06,0.14285714285714288,0.0,0.14285714285714288
Hieronymus Heyerdahl,man,0.2218078225851059,0.0,0.0,0.0,0.0,0.0,0.0
"Asparagus officinalis, Brassica oleracea var. botrytis, Cynara scolymus, Sus scrofa, basket, bird, blowing horn, cloud, fruit, game, grape, hare, house cat, hunter, meat hanging, sky, table, tablecloth, vegetable, wall, window","bird, man, table",0.7997052669525146,0.0,0.036630036630036625,1.6675134638662722e-05,0.1212121212121212,0.0,0.1212121212121212
"art of painting, house cat, seat, tableware, woman",woman,-0.24131733179092407,0.0,0.0684931506849315,0.00016215809237314185,0.2222222222222222,0.0,0.2222222222222222
"Boulogne-Billancourt, bench, hat, park, sitting",woman,-0.24622496962547302,0.0,0.0,0.0,0.0,0.0,0.0
Moses ter Borch,boy,-0.23129475116729736,0.0,0.0,0.0,0.0,0.0,0.0
"portrait, woman",woman,-0.03444924205541611,0.0,0.2631578947368421,0.06541924356118012,0.6666666666666666,0.0,0.6666666666666666
Riva degli Schiavoni,"Doge's Palace, Venice, boat, building, city, man, woman",0.8344517350196838,0.0,0.0,0.0,0.0,0.0,0.0
"city, railway bridge, river, road, tree","bridge, river, sky, tree",0.9630435705184937,0.0,0.4406130268199233,0.11404605374835301,0.6,0.25,0.6
"Jesus Christ, angel","Christ, angel, angelic messenger, angelic woman, angelic woman, angelic woman, angelic woman, angelic woman,",0.7876322865486145,0.0,0.4573170731707317,0.030206205252435548,0.23529411764705882,0.13333333333333336,0.23529411764705882
"Kreeta Haapasalo, child, farmhouse, kantele","child, child's bed, child's chair, child's table, child's toy, child's wheelbarrow, domestic room, domestic",0.7725752592086792,0.0,0.08474576271186442,0.01428363257865929,0.10526315789473682,0.0,0.10526315789473682
"Bacchus, nudity, overweight, sitting","Bacchus, Cupid, Venus",0.8750374913215637,0.0,0.12820512820512822,0.0814136751754278,0.28571428571428575,0.0,0.28571428571428575
"Charles Garnier, architect, brown hair, horseshoe moustache, man, sitting, soul patch",Jean-Baptiste-Camille Corot,0.854075014591217,0.0,0.0,0.0,0.0,0.0,0.0
"barretina, basket, farmer, tree, woman",landscape,-0.23051036894321442,0.0,0.0,0.0,0.0,0.0,0.0
"Ancient theatre of Taormina, Mount Etna, Taormina, ruins","Mount Etna, Taormina, Sicily",0.8879719972610474,0.0,0.38742690058479534,0.14628187563941414,0.5,0.4,0.5
"mask, masquerade ball, opera house, top hat","Carnival, man, woman",0.8394126892089844,0.0,0.0,0.0,0.0,0.0,0.0
Mohammad Hossein Foroughi,man,0.16743363440036774,0.0,0.0,0.0,0.0,0.0,0.0
priest,Saint Francis of Assisi,0.5814074873924255,0.0,0.0,0.0,0.0,0.0,0.0
"Edward Shippen Burd, man, sideburns",John Adams,0.8060905337333679,0.0,0.0,0.0,0.0,0.0,0.0
Catherine of Braganza,Maria Theresa of Austria,0.7124934792518616,0.0,0.16129032258064518,0.08034284189446518,0.28571428571428575,0.0,0.28571428571428575
"Catherine of Siena, John the Evangelist","Christ, Mary Magdalene, Saint Clare of Assisi, Saint John the Baptist",0.8778071403503418,0.0,0.3931623931623932,0.04411629359322707,0.3529411764705882,0.13333333333333333,0.3529411764705882
tree,"man, woman",0.6347679495811462,0.0,0.0,0.0,0.0,0.0,0.0
Buurkerk,"church, man",0.41020554304122925,0.0,0.0,0.0,0.0,0.0,0.0
Antoine Henri Louis Campan,"child, dog",0.822580873966217,0.0,0.0,0.0,0.0,0.0,0.0
"Christ Child, Jesus Christ, Mary","Christ Child, Mary",0.9337448477745056,0.0,0.3125,0.13652520787861755,0.7499999999999999,0.3333333333333333,0.7499999999999999
woman,Marie Antoinette,0.20812781155109406,0.0,0.0,0.0,0.0,0.0,0.0
"Delilah, Samson","Alexander the Great, Alexander the Younger, Alexander the Elder, Alexander the Elder, Alexander the Younger, Alexander the Younger, Alexander",0.6572598218917847,0.0,0.0,0.0,0.0,0.0,0.0
woman,woman,0.9999998807907104,1.0,0.5,0.1778279410038923,1.0,0.0,1.0
"corpse, courtyard, horse, wall","Eros, horse, woman",0.9334481358528137,0.0,0.12820512820512822,0.0814136751754278,0.28571428571428575,0.0,0.28571428571428575
"Antoine Rivalz, drawing, man, painter, sitting",Jean-Baptiste Siméon Chardin,0.9219548106193542,0.0,0.0,0.0,0.0,0.0,0.0
"David George van Lennep, child, woman","family, man, woman",0.869068443775177,0.0,0.08771929824561403,0.0417991745584234,0.2222222222222222,0.0,0.2222222222222222
George Henry Harlow,John William Collier,0.9055066704750061,0.0,0.0,0.0,0.0,0.0,0.0
Jerome,Saint Jerome,0.7484288811683655,0.0,0.45454545454545453,0.1495348781221221,0.6666666666666666,0.0,0.6666666666666666
"Stemware, fish, jug","fish, glass, knife, plate, tablecloth, wine glass",0.8358325362205505,0.0,0.14705882352941177,0.033031643180138064,0.2,0.0,0.2
"bay, bottle, dining room, table","garden, interior, painting, room, table",0.9393531084060669,0.0,0.37500000000000006,0.11362193664674995,0.4000000000000001,0.25,0.4000000000000001
Anna Leszczyńska,Marie Antoinette of France,0.7585506439208984,0.0,0.0,0.0,0.0,0.0,0.0
"Danaë, bed, shower of gold, woman",Venus,-0.17596375942230225,0.0,0.0,0.0,0.0,0.0,0.0
"Apollonie Sabatier, flower, woman",woman,-0.2557154893875122,0.0,0.13513513513513511,0.008853531856477262,0.4,0.0,0.4
"Coronation of the Virgin, Mary, angel, crown","Christ Child, Mary, angel, dove",0.9273396134376526,0.0,0.275735294117647,0.07616306180370792,0.3333333333333333,0.2,0.3333333333333333
"William Edwards, beard",John Henry Newman,0.7984745502471924,0.0,0.0,0.0,0.0,0.0,0.0
Frederick Abel,William E. H. Bate,0.8260695934295654,0.0,0.0,0.0,0.0,0.0,0.0
Hans von Marées,Józef Kossak,0.8500962257385254,0.0,0.0,0.0,0.0,0.0,0.0
Harriet Sophia Parker,Mary of Teck,0.8490505814552307,0.0,0.0,0.0,0.0,0.0,0.0
woman,woman,0.9999998807907104,1.0,0.5,0.1778279410038923,1.0,0.0,1.0
"hood, woman",Mary,0.47075751423835754,0.0,0.0,0.0,0.0,0.0,0.0
"Christ Child, Mary","Christ Child, Mary, child",0.9647911190986633,0.0,0.48387096774193544,0.3976353643835253,0.8571428571428571,0.8,0.8571428571428571
woman,woman,0.9999998807907104,1.0,0.5,0.1778279410038923,1.0,0.0,1.0
"John de László, aquarium, curtain, figurine, goldfish, necklace","child, fish, goldfish, girl",0.9255619049072266,0.0,0.06578947368421052,0.029556479778261396,0.15384615384615383,0.0,0.15384615384615383
"bread, lebrillo, spoon","fish, bread, basket, jug, onion, table",0.87376868724823,0.0,0.15151515151515152,0.040824829046386304,0.2222222222222222,0.0,0.2222222222222222
"fishing, man, sailboat","boat, storm",0.8984801173210144,0.0,0.0,0.0,0.0,0.0,0.0
"Franco-Prussian War, Garde Mobile, place Maubert","crowd, crowd control, crowd control officer, crowd control officer, crowd control officer, crowd control officer, crowd control officer, crowd control officer",0.5136198401451111,0.0,0.0,0.0,0.0,0.0,0.0
fruit,"fruit, goose, still life",0.190787672996521,0.0,0.3846153846153847,0.08034284189446518,0.4,0.0,0.4
Paul the Apostle,"Paul, book",0.8132275342941284,0.0,0.17241379310344826,0.09069748827745895,0.4,0.0,0.4
woman,woman,0.9999998807907104,1.0,0.5,0.1778279410038923,1.0,0.0,1.0
Drammenselva,"lake, mountain, path, road, sky, tree",0.8564606308937073,0.0,0.0,0.0,0.0,0.0,0.0
Henry Grattan,John Stuart,0.8064193725585938,0.0,0.0,0.0,0.0,0.0,0.0
Domenico Rivarola,"Cardinal of the Holy Roman Church, man",0.7445806264877319,0.0,0.0,0.0,0.0,0.0,0.0
"adoration of the shepherds, woman","Christ, man",0.8280879259109497,0.0,0.0,0.0,0.0,0.0,0.0
Sixtus IV,Pope Gregory VII,0.5040158629417419,0.0,0.0,0.0,0.0,0.0,0.0
girl,woman,0.820276141166687,0.0,0.0,0.0,0.0,0.0,0.0
coat of arms,woman,0.1320597231388092,0.0,0.0,0.0,0.0,0.0,0.0
"Rio de Janeiro, landscape, slavery, work","boat, man, rowing",0.8701922297477722,0.0,0.0,0.0,0.0,0.0,0.0
woman,woman,0.9999998807907104,1.0,0.5,0.1778279410038923,1.0,0.0,1.0
Windsor Castle,Windsor Castle,1.0,1.0,0.9375,0.316227766016838,1.0,1.0,1.0
woman,Mary Wortley Montagu,-0.20430675148963928,0.0,0.0,0.0,0.0,0.0,0.0
"Gabriel, Mary","Annunciation, Mary, angel, table",0.8480501770973206,0.0,0.22727272727272727,0.08034284189446518,0.3333333333333333,0.0,0.3333333333333333
Catherine of Alexandria,woman,0.14772188663482666,0.0,0.0,0.0,0.0,0.0,0.0
"Henrietta Maria of France, wreath",Elizabeth of York,0.8757317662239075,0.0,0.10416666666666666,0.05833544737207805,0.25,0.0,0.25
"Julie Le Brun, girl, mirror, portrait",girl,-0.15632382035255432,0.0,0.0909090909090909,0.0011981952414407235,0.2857142857142857,0.0,0.2857142857142857
Cleopatra,woman,0.14238326251506805,0.0,0.0,0.0,0.0,0.0,0.0
James McNeill Whistler,John William Waterhouse,0.9097566604614258,0.0,0.0,0.0,0.0,0.0,0.0
"Baptism of Jesus, Jesus Christ, John the Baptist","Christ, Jesus Christ, John the Baptist, John the Evangelist, Moses, Moses in the Wilderness, Moses in the River, Moses in",0.7906199097633362,0.0,0.4043478260869566,0.17923344640485428,0.35714285714285715,0.3076923076923077,0.35714285714285715
"longboat, man, river, sailboat, town","boat, cloud, river, sky, water",0.9333133697509766,0.0,0.10000000000000002,0.05372849659117709,0.20000000000000004,0.0,0.20000000000000004
"Rochefort, bridge","bridge, house, man, woman",0.8995220065116882,0.0,0.22727272727272727,0.08034284189446518,0.3333333333333333,0.0,0.3333333333333333
"Kraak porcelain, Stemware, book, fruit",fruit,0.1688053011894226,0.0,0.10869565217391304,0.003257032351754417,0.33333333333333337,0.0,0.33333333333333337
Henry Hoare,John H. B. Hare,0.895474910736084,0.0,0.0,0.0,0.0,0.0,0.0
woman,woman,0.9999998807907104,1.0,0.5,0.1778279410038923,1.0,0.0,1.0
Jesus and the woman taken in adultery,"Christ, Joseph, Mary",0.7700066566467285,0.0,0.0,0.0,0.0,0.0,0.0
HMS Pearl,ship,0.06855587661266327,0.0,0.0,0.0,0.0,0.0,0.0
quai des Grands-Augustins,"Pont de la Concorde, Seine River, Paris, riverbank, street, tree",0.8107690215110779,0.0,0.13513513513513514,0.0,0.0,0.0,0.0
"village festival, woman","beer, beer house, beer festival, beer festival tent, beer tent, beer tent, beer tent, beer tent, beer tent, beer",0.6201378107070923,0.0,0.10869565217391304,0.010182425646195498,0.09090909090909091,0.0,0.09090909090909091
Gregory I,Pope Gregory the Great,0.5375988483428955,0.0,0.22727272727272727,0.08034284189446518,0.3333333333333333,0.0,0.3333333333333333
"1st Baronet, Sir Francis Geary","John Jervis, 1st Earl of St Vincent",0.8644962310791016,0.0,0.09615384615384616,0.033031643180138064,0.16666666666666666,0.0,0.16666666666666666
"Jesus Christ, Supper at Emmaus","Christ, man",0.7720992565155029,0.0,0.10638297872340426,0.03336574130316504,0.28571428571428575,0.0,0.28571428571428575
Francois Nicolaas Fagel,Charles II of England,0.8065493702888489,0.0,0.0,0.0,0.0,0.0,0.0
"Dutch door, infant, woman","child, door, woman",0.965413510799408,0.0,0.25641025641025644,0.09681772177713914,0.5714285714285715,0.0,0.5714285714285715
fruit,"banana, fruit, fruit bowl, fruit bowl, fruit bowl, fruit bowl, fruit bowl, fruit bowl, fruit bowl, fruit bowl,",0.5012996196746826,0.0,0.1851851851851852,0.010802314890908065,0.10526315789473684,0.0,0.10526315789473684
woman,woman,0.9999998807907104,1.0,0.5,0.1778279410038923,1.0,0.0,1.0
Max Liebermann,Carl Adolph Lindblom,0.8370610475540161,0.0,0.0,0.0,0.0,0.0,0.0
"Amsterdam, Royal Palace of Amsterdam, man","Amsterdam, bridge, canal, house, tree",0.9158914685249329,0.0,0.0847457627118644,0.0439891724758422,0.1818181818181818,0.0,0.1818181818181818
Loch Fad,"Loch Leven, cow, mountain, sheep, water, wood",0.9023736119270325,0.0,0.2,0.033031643180138064,0.22222222222222224,0.0,0.22222222222222224
"Jesus Christ, Joseph, Mary, donkey","Joseph, Mary, child Jesus, donkey",0.9340928792953491,0.0,0.6312500000000001,0.13512001548070346,0.8000000000000002,0.25,0.6
Henryk Hilchen,Fr. Max Knaus,0.9209688305854797,0.0,0.0,0.0,0.0,0.0,0.0
woman,Mary Elizabeth Biddle,-0.09292854368686676,0.0,0.0,0.0,0.0,0.0,0.0
George Fuller,Jean-Baptiste-Camille Corot,0.767242968082428,0.0,0.0,0.0,0.0,0.0,0.0
"man, musician",man,0.37010136246681213,0.0,0.2631578947368421,0.06541924356118012,0.6666666666666666,0.0,0.6666666666666666
"Asparagus, bird, combat, dog, fruit, globe artichoke, house cat","dog, fruit, fruit bowl, fruit bowl, fruit bowl, fruit bowl, fruit bowl, fruit bowl, fruit bowl, fruit bowl,",0.7162943482398987,0.0,0.10101010101010102,0.02284411468856457,0.14814814814814814,0.07999999999999999,0.14814814814814814
Roman Charity,Mary Magdalene,0.772838294506073,0.0,0.0,0.0,0.0,0.0,0.0
"Rest on the flight into Egypt, donkey, halo, man, woman",landscape,-0.19747062027454376,0.0,0.0,0.0,0.0,0.0,0.0
"bouquet, girl",girl,0.059081755578517914,0.0,0.2631578947368421,0.06541924356118012,0.6666666666666666,0.0,0.6666666666666666
"John the Baptist, Madonna and Child, angel, bird, halo","Christ Child, Mary, infant Jesus, angel",0.920406699180603,0.0,0.1149425287356322,0.02944656445786981,0.26666666666666666,0.0,0.26666666666666666
Joseph Sewall,John Newton,0.7938586473464966,0.0,0.0,0.0,0.0,0.0,0.0
"Bovinae, Bovini, Coffea, building, house, landscape, mountain, plant, plantation","Penitentiary, prison, tree",0.839197039604187,0.0,0.0,0.0,0.0,0.0,0.0
"Kingdom of the Netherlands, Turkey, cannon, cloud, galley, sea","Battle of the Golden Horn, ship",0.9109060764312744,0.0,0.21551724137931036,0.05236421927181383,0.26666666666666666,0.15384615384615385,0.26666666666666666
"ring, woman",woman,-0.028027653694152832,0.0,0.2631578947368421,0.06541924356118012,0.6666666666666666,0.0,0.6666666666666666
Kris Torne,woman,-0.14285960793495178,0.0,0.0,0.0,0.0,0.0,0.0
George J. Brush,John H. B. Bowers,0.8514889478683472,0.0,0.0,0.0,0.0,0.0,0.0
Herbert Taylor,George Canning,0.8599478602409363,0.0,0.0,0.0,0.0,0.0,0.0
"man, musician, woman",woman,-0.08479416370391846,0.0,0.17857142857142855,0.024066394763145416,0.5,0.0,0.5
Theodore Martin,John C. Breckinridge,0.7978958487510681,0.0,0.0,0.0,0.0,0.0,0.0
"charity, woman","Christ Child, Mary, child, mother",0.8207860589027405,0.0,0.0,0.0,0.0,0.0,0.0
Nativity of Jesus,"Christ Child, angel, angelic woman",0.7880881428718567,0.0,0.0,0.0,0.0,0.0,0.0
Joseph Moore,John Henry Newman,0.8281857371330261,0.0,0.0,0.0,0.0,0.0,0.0
Henry Wyndham,George IV,0.7702504992485046,0.0,0.0,0.0,0.0,0.0,0.0
"Crown of thorns, Disrobing of Jesus, Jesus Christ","Christ, Jesus Christ, Jesus of Nazareth, man",0.8853367567062378,0.0,0.2531645569620253,0.07201170728284921,0.5333333333333333,0.15384615384615383,0.26666666666666666
HMS Venus,HMS Victory,0.8114029765129089,0.0,0.25,0.1495348781221221,0.5,0.0,0.5
woman,woman,0.9999998807907104,1.0,0.5,0.1778279410038923,1.0,0.0,1.0
Auvers-sur-Oise,"Montmartre, Paris, village",0.8683692216873169,0.0,0.0,0.0,0.0,0.0,0.0
Mary Matthews,"Mary Elizabeth Baring, 1st Countess of Northbrook",0.7482925653457642,0.0,0.2,0.033031643180138064,0.22222222222222224,0.0,0.22222222222222224
Arnold Böcklin,Arnold Böcklin,1.0,1.0,0.9375,0.316227766016838,1.0,1.0,1.0
Jesus Christ,Jesus Christ,0.9999998807907104,1.0,0.9375,0.316227766016838,1.0,1.0,1.0
"William Morris Hunt, man",man,0.12427020817995071,0.0,0.13513513513513511,0.008853531856477262,0.4,0.0,0.4
"Ferdinand I, Holy Roman Emperor, body armor, crown, orb, sceptre, shield, sword",Ferdinand I of Aragon,0.7937203049659729,0.0,0.16741071428571427,0.022994063410792204,0.25,0.14285714285714288,0.25
Marmion Ferrers,"John, Duke of York",0.8233298659324646,0.0,0.0,0.0,0.0,0.0,0.0
"Christ Child, Mary","Mary, Jesus Christ",0.9191439747810364,0.0,0.3333333333333333,0.13512001548070346,0.6666666666666666,0.0,0.3333333333333333
"Anthony the Great, Paul of Thebes",St. Francis of Assisi,0.44872725009918213,0.0,0.08620689655172413,0.04873039689743777,0.2,0.0,0.2
"ghost, man, piano, woman","piano, woman",0.7989897131919861,0.0,0.4934210526315789,0.11633369384516798,0.6666666666666666,0.5,0.6666666666666666
Garegin Levonyan,Józef Czapski,0.8374346494674683,0.0,0.0,0.0,0.0,0.0,0.0
"Jesus Christ, man",John the Baptist,0.7278507947921753,0.0,0.0,0.0,0.0,0.0,0.0
"barque, battle, cloud, conflagration, navy, sailboat, sailing ship, sea","Battle of the Nile, battle, ship",0.8610718846321106,0.0,0.1149425287356322,0.02944656445786981,0.26666666666666666,0.0,0.26666666666666666
"Christ Child, Mary","Christ Child, Mary",1.000000238418579,1.0,0.9814814814814815,0.5623413251903491,1.0,1.0,1.0
Hedvig Eleonora of Holstein-Gottorp,Queen Anne of Great Britain,0.7582628726959229,0.0,0.12195121951219512,0.05372849659117709,0.22222222222222224,0.0,0.22222222222222224
Jørgen Moe,"man, lake, smoking, smoking pipe, tree",0.8081193566322327,0.0,0.0,0.0,0.0,0.0,0.0
"French braid, girl, neck ribbon",woman,-0.1676046997308731,0.0,0.0,0.0,0.0,0.0,0.0
Faust,"Arthur, Guinevere",0.4402461051940918,0.0,0.0,0.0,0.0,0.0,0.0
Adolf Nowaczyński,woman,-0.08519739657640457,0.0,0.0,0.0,0.0,0.0,0.0
Anna Zborowska,woman,-0.11045056581497192,0.0,0.0,0.0,0.0,0.0,0.0
Carl De Geer,"John Stuart, 1st Duke of Buccleuch",0.7910230755805969,0.0,0.0,0.0,0.0,0.0,0.0
"Christian Albert I, Duke of Schleswig-Holstein-Gottorp",Christian III of Denmark,0.8820144534111023,0.0,0.17241379310344826,0.05795053470733952,0.4,0.0,0.4
woman,woman,0.9999998807907104,1.0,0.5,0.1778279410038923,1.0,0.0,1.0
horse,horse,1.0,1.0,0.5,0.1778279410038923,1.0,0.0,1.0
Louisa Ulrika of Prussia,Maria Theresa,0.565730094909668,0.0,0.0,0.0,0.0,0.0,0.0
"Christ Child, Joseph, Mary","Christ Child, Mary, Joseph",0.9900954365730286,0.0,0.7890625,0.20205155046766235,1.0,0.3333333333333333,0.75
"Maenad, faun","Bacchus, Venus",0.7759335041046143,0.0,0.0,0.0,0.0,0.0,0.0
Christian Meyer Ross,Carl Ross,0.9088931083679199,0.0,0.17241379310344826,0.09069748827745895,0.4,0.0,0.4
Collis Potter Huntington,man,0.10353085398674011,0.0,0.0,0.0,0.0,0.0,0.0
"Polyhymnia, broad-leaved tree, column, lion, man, putto, temple","Athena, woman",0.7818926572799683,0.0,0.0,0.0,0.0,0.0,0.0
"Jerome, book, crucifix",Moses,0.4881393611431122,0.0,0.0,0.0,0.0,0.0,0.0
"basket, flower",flower,0.7738203406333923,0.0,0.2631578947368421,0.06541924356118012,0.6666666666666666,0.0,0.6666666666666666
"syncope, woman",woman,-0.16745413839817047,0.0,0.2631578947368421,0.06541924356118012,0.6666666666666666,0.0,0.6666666666666666
"John the Evangelist, brown hair, evangelist, man, mourning, robe",St. John the Baptist,0.4503484070301056,0.0,0.22058823529411764,0.04867843262263999,0.30769230769230765,0.18181818181818182,0.30769230769230765
Luke the Evangelist,Paul the Apostle,0.8751724362373352,0.0,0.16666666666666666,0.11362193664674995,0.3333333333333333,0.0,0.3333333333333333
"garden, man, woman","Christ Child, woman",0.9175077676773071,0.0,0.16666666666666666,0.11362193664674995,0.3333333333333333,0.0,0.3333333333333333
"man, sailboat","boat, sailing",0.71506267786026,0.0,0.0,0.0,0.0,0.0,0.0
"Charles, Charles VI of France, Duchess of Orléans, Duke of Orléans, Valentina Visconti, bedroom, revenge, supplication","bed, man, woman",0.8472933769226074,0.0,0.0,0.0,0.0,0.0,0.0
"Maria Anna of Spain, woman",Charles I of England,0.8978816270828247,0.0,0.10204081632653061,0.06257106818159155,0.22222222222222224,0.0,0.22222222222222224
"Napoleon, sailing ship",ship,-0.08524587750434875,0.0,0.17857142857142855,0.024066394763145416,0.5,0.0,0.5
"Oluf Wold-Torne, interior",window,0.7803244590759277,0.0,0.0,0.0,0.0,0.0,0.0
Edward Altham,St. Paul,0.7962406277656555,0.0,0.0,0.0,0.0,0.0,0.0
"Paulista Avenue, carriage, man, plant, tree, woman","horse-drawn carriage, horse, man, road, tree",0.8948612213134766,0.0,0.21739130434782605,0.045480190470279055,0.4615384615384615,0.0,0.4615384615384615
man,man,0.9999998807907104,1.0,0.5,0.1778279410038923,1.0,0.0,1.0
woman,woman,0.9999998807907104,1.0,0.5,0.1778279410038923,1.0,0.0,1.0
"Augustine of Hippo, Monica of Hippo","Mary, Joseph",0.7114031910896301,0.0,0.0,0.0,0.0,0.0,0.0
Oliver Goldsmith,Samuel Johnson,0.7908951640129089,0.0,0.0,0.0,0.0,0.0,0.0
"White people, dress, ribbon, stripe, woman",woman,-0.20193246006965637,0.0,0.0909090909090909,0.0011981952414407235,0.2857142857142857,0.0,0.2857142857142857
"3rd Baronet, Sir Watkin Williams-Wynn",man,0.16311313211917877,0.0,0.0,0.0,0.0,0.0,0.0
Erycius Puteanus,man,0.2054937332868576,0.0,0.0,0.0,0.0,0.0,0.0
Jesus Christ,"Jesus Christ, Mary, Saint John the Evangelist",0.7449230551719666,0.0,0.75,0.06985342056580097,0.4444444444444445,0.2857142857142857,0.4444444444444445
Holyhead,"cattle, man, sky, storm",0.8560271263122559,0.0,0.0,0.0,0.0,0.0,0.0
Anne Zernike,woman,-0.082360178232193,0.0,0.0,0.0,0.0,0.0,0.0
flower,flower,1.0,1.0,0.5,0.1778279410038923,1.0,0.0,1.0
"Louise-Marie-Julienne Charles-Béchet, woman",woman,-0.2640348970890045,0.0,0.17857142857142855,0.024066394763145416,0.4,0.0,0.4
"landscape painting, married couple","man, woman",0.8731780052185059,0.0,0.0,0.0,0.0,0.0,0.0
cattle,cow,0.5143046975135803,0.0,0.0,0.0,0.0,0.0,0.0
"Marie Joséphine of Savoy, head hair, woman",woman,-0.22909623384475708,0.0,0.078125,0.0004407913958354948,0.2222222222222222,0.0,0.2222222222222222
"Mandioca, Rio de Janeiro, landscape, natural landscape, rural area","Rio de Janeiro, waterfall",0.8715540170669556,0.0,0.3464052287581699,0.11392443929712959,0.46153846153846156,0.36363636363636365,0.46153846153846156
woman,woman,0.9999998807907104,1.0,0.5,0.1778279410038923,1.0,0.0,1.0
"basket, peach, pheasant, plum","bird, fruit",0.8416807651519775,0.0,0.0,0.0,0.0,0.0,0.0
Gein,tree,0.6071265935897827,0.0,0.0,0.0,0.0,0.0,0.0
"Achilles, woman","Christ, dog, dog collar, dog leash, dog leash, dog leash, dog leash, dog leash, dog leash, dog leash,",0.586259663105011,0.0,0.0,0.0,0.0,0.0,0.0
"armchair, glove, man",man,0.23038740456104279,0.0,0.17857142857142855,0.024066394763145416,0.5,0.0,0.5
"boat, house, seashore, sky","Fort Saint-Jean, Saint-Jean-Cap-Ferrat, boat, castle, flag, house, sea, sky, tower",0.9442125558853149,0.0,0.32608695652173914,0.02777619034011792,0.4285714285714285,0.0,0.4285714285714285
"Thomas W. Evans, beard, man",Charles Gounod,0.8193815350532532,0.0,0.0,0.0,0.0,0.0,0.0
"chair, woman",woman,0.10897880792617798,0.0,0.2631578947368421,0.06541924356118012,0.6666666666666666,0.0,0.6666666666666666
"Aphrodite, Hephaestus","Apollo, Eros, Hera, Hades, Hera, Zeus",0.8640749454498291,0.0,0.0,0.0,0.0,0.0,0.0
"Le Pré Catelan, soirée","ballroom, man, woman",0.8225753903388977,0.0,0.0,0.0,0.0,0.0,0.0
"Countess of Barral, Luísa de Barros","Anna Maria de Almeida, Maria de Almeida, man",0.8866890668869019,0.0,0.08064516129032259,0.02777619034011792,0.13333333333333333,0.0,0.13333333333333333
"church building, cloud, tree","castle, man",0.8927408456802368,0.0,0.0,0.0,0.0,0.0,0.0
"Christ Child, Nativity of Jesus","Christ Child, Mary, Joseph",0.8860101103782654,0.0,0.38265306122448983,0.13232169883599026,0.4444444444444445,0.28571428571428575,0.4444444444444445
"Mary, Saint Anne, woman","Mary, clouds",0.8153877854347229,0.0,0.13157894736842105,0.05501080739920602,0.3333333333333333,0.0,0.3333333333333333
maid,"cat, chicken, guinea pig, woman",0.29511600732803345,0.0,0.0,0.0,0.0,0.0,0.0
Carcassonne,"house, tree",0.8752759695053101,0.0,0.0,0.0,0.0,0.0,0.0
Samuel William Reynolds,John Adams,0.8686245679855347,0.0,0.0,0.0,0.0,0.0,0.0
William Roscoe,John McLean,0.8772168159484863,0.0,0.0,0.0,0.0,0.0,0.0
"Joos van Craesbeeck, bottle, man, pipe, smoking",smoking,-0.20700111985206604,0.0,0.078125,0.0004407913958354948,0.25,0.0,0.25
"fish as food, salt cellar","oyster, onion, shellfish, table",0.9266775846481323,0.0,0.0,0.0,0.0,0.0,0.0
Kazimierz Mirecki,Gustav Holm,0.7882813215255737,0.0,0.0,0.0,0.0,0.0,0.0
"horse, marketplace","horse, man, woman",0.5033234357833862,0.0,0.2380952380952381,0.11362193664674995,0.4,0.0,0.4
Luca Giordano,man,0.24862457811832428,0.0,0.0,0.0,0.0,0.0,0.0
man,man,0.9999998807907104,1.0,0.5,0.1778279410038923,1.0,0.0,1.0
"banquet, man, oration","1789, 1792, 1793, 1794, 179",0.6803818345069885,0.0,0.0,0.0,0.0,0.0,0.0
"Alonso Quijano, combat, inn, man, woman","barber, man",0.8437004685401917,0.0,0.08928571428571427,0.020237345084409754,0.25,0.0,0.25
man,man,0.9999998807907104,1.0,0.5,0.1778279410038923,1.0,0.0,1.0
"1st Earl Russell, John Russell",John Stuart Mill,0.8773950934410095,0.0,0.10416666666666666,0.05833544737207805,0.25,0.0,0.25
"necklace, woman","dress, woman",0.9561958312988281,0.0,0.25,0.1495348781221221,0.5,0.0,0.5
Janusz de Beaurain,Sylwia Kowalska,0.885874330997467,0.0,0.0,0.0,0.0,0.0,0.0
"cottage, man, musician","man, woman",0.8775594234466553,0.0,0.17241379310344826,0.09069748827745895,0.4,0.0,0.4
Vincent of Saragossa,Saint John of the Cross,0.6219240427017212,0.0,0.15625,0.05372849659117709,0.25,0.0,0.25
"Margaret the Virgin, dragon, woman",Diana,0.4445706605911255,0.0,0.0,0.0,0.0,0.0,0.0
Christ Child,"Christ Child, Mary, Joseph",0.80162113904953,0.0,0.8522727272727273,0.16990442448471224,0.6666666666666666,0.5,0.6666666666666666
John Julius Angerstein,John Singleton Copley,0.8699041604995728,0.0,0.16666666666666666,0.11362193664674995,0.3333333333333333,0.0,0.3333333333333333
"3rd Earl of Bute, John Stuart",George IV,0.7642561793327332,0.0,0.0,0.0,0.0,0.0,0.0
English Foxhound,"dog, horse",0.7170925140380859,0.0,0.0,0.0,0.0,0.0,0.0
Melbourne,"Long Life, Long Life Happiness, Long Life Happiness, Long Life Happiness, Long Life Happiness, Long Life Happiness, Long Life Happiness, Long",0.4894981384277344,0.0,0.0,0.0,0.0,0.0,0.0
"Annunciation, Holy Spirit, dove, portico","St. Francis of Assisi, St. Michael the Archangel, Mary, St. John the Evangelist",0.7596375942230225,0.0,0.0,0.0,0.0,0.0,0.0
Melun,"Paris, Seine, Seine River, Saint-Germain-des-Prés, tower",0.7445296049118042,0.0,0.0,0.0,0.0,0.0,0.0
"ice, sailing ship, whaler",ship,-0.1365644931793213,0.0,0.13513513513513511,0.008853531856477262,0.4,0.0,0.4
John McCormack,John Gielgud,0.8661866784095764,0.0,0.25,0.1495348781221221,0.5,0.0,0.5
"Promenade de la Vache enragée, child, disguise, drum, paper lantern, poverty",parade,0.466031014919281,0.0,0.0,0.0,0.0,0.0,0.0
spaniel,dog,0.13245952129364014,0.0,0.0,0.0,0.0,0.0,0.0
"Christian Albert I, Duke of Schleswig-Holstein-Gottorp",man,0.10820473730564117,0.0,0.0,0.0,0.0,0.0,0.0
Massacre of the Innocents,"Christ, Jesus Christ, Mary Magdalene",0.7408607602119446,0.0,0.0,0.0,0.0,0.0,0.0
William III of England,"John Churchill, 1st Duke of Marlborough",0.541284441947937,0.0,0.11904761904761905,0.040824829046386304,0.2,0.0,0.2
"Nesbyen, forest, mountain, waterfall","mountain, river, tree",0.9362773895263672,0.0,0.12820512820512822,0.0814136751754278,0.28571428571428575,0.0,0.28571428571428575
Ida Aspelin-Haapkylä,Mary Elizabeth Burt,0.699211835861206,0.0,0.0,0.0,0.0,0.0,0.0
"Gulf of Naples, Mount Vesuvius, harbor, sailboat","Mount Vesuvius, ship, sea",0.9207823276519775,0.0,0.2798507462686567,0.08025716728928957,0.36363636363636365,0.2222222222222222,0.36363636363636365
"man, monk","Dominican Order, Dominican friar, Dominican monk, man",0.7593749165534973,0.0,0.4,0.039281465090051315,0.4444444444444445,0.0,0.22222222222222224
man,man,0.9999998807907104,1.0,0.5,0.1778279410038923,1.0,0.0,1.0
"bed, book, man, reading, table, woman","letter, man, woman",0.8905592560768127,0.0,0.17543859649122806,0.04970787578611783,0.4444444444444444,0.0,0.4444444444444444
William Locker,John Adams,0.7778221368789673,0.0,0.0,0.0,0.0,0.0,0.0
cave dweller,"house, river, tree",0.8600963354110718,0.0,0.0,0.0,0.0,0.0,0.0
John Bigelow,man,0.2116663008928299,0.0,0.0,0.0,0.0,0.0,0.0
"Cupid, Minerva","Venus, woman",0.759117841720581,0.0,0.0,0.0,0.0,0.0,0.0
"Jesus Christ, John the Evangelist","Christ, Mary, Jesus Christ, crucifixion, cross, man, woman",0.6940289735794067,0.0,0.3537735849056604,0.05873949094699214,0.3076923076923077,0.18181818181818182,0.3076923076923077
Charles Gavan Duffy,man,0.20178565382957458,0.0,0.0,0.0,0.0,0.0,0.0
"Saints Cosmas and Damian, Thomas the Apostle",Saint John the Evangelist,0.7179974913597107,0.0,0.14925373134328357,0.037951271263104894,0.36363636363636365,0.0,0.36363636363636365
Edward Lancelot Cazneau,John Henry Hill,0.8063943982124329,0.0,0.0,0.0,0.0,0.0,0.0
Preslav Karshovski,man,0.22368763387203217,0.0,0.0,0.0,0.0,0.0,0.0
"Maiden Lane, house",house,0.8005571365356445,0.0,0.17857142857142855,0.024066394763145416,0.5,0.0,0.5
Gaspard de Gueidan,Louis XIV of France,0.7989552021026611,0.0,0.0,0.0,0.0,0.0,0.0
Redwood National and State Parks,"California, California redwood",0.8356016278266907,0.0,0.10416666666666666,0.05833544737207805,0.25,0.0,0.25
Jesus Christ,"Christ, Jesus Christ, Jesus of Nazareth, Mary Magdalene, Pilate, Roman soldier, woman",0.8095633387565613,0.0,0.33333333333333337,0.03602080288207364,0.2857142857142857,0.16666666666666669,0.2857142857142857
"Archangel Michael, Saint Stephen","Archangel Michael, angel, angelic, angelic robe, angelic staff, angelic staff, angelic staff, angelic staff",0.6916500329971313,0.0,0.5111111111111112,0.030206205252435548,0.22222222222222224,0.125,0.22222222222222224
duck,"bird, duck, hunting",0.11251498758792877,0.0,0.4166666666666667,0.11362193664674995,0.5,0.0,0.5
"Ganymede, child",child,0.33822259306907654,0.0,0.2631578947368421,0.06541924356118012,0.6666666666666666,0.0,0.6666666666666666
Henry VII of England,Edward III of England,0.9566946029663086,0.0,0.46875,0.16990442448471224,0.5,0.3333333333333333,0.5
Jesus Christ,"Christ, Mary Magdalene, Mary of Magdala, Mary of Bethany, Mary of Jerusalem, Mary of Salome, Mary",0.7683366537094116,0.0,0.1470588235294118,0.012300686288463768,0.1111111111111111,0.0,0.1111111111111111
"Dordrecht, fleet, man, sailboat","boat, ship",0.7493658661842346,0.0,0.0,0.0,0.0,0.0,0.0
Blanche Gibbs,woman,-0.07026996463537216,0.0,0.0,0.0,0.0,0.0,0.0
"Apostle, St. James the Elder, book, column, walking stick",Jesus Christ,0.7695149183273315,0.0,0.0,0.0,0.0,0.0,0.0
boy,boy,0.9999997019767761,1.0,0.5,0.1778279410038923,1.0,0.0,1.0
doll,"child, doll, family, fruit, girl, house, man, table, woman",-0.014589344151318073,0.0,0.27777777777777785,0.023980296761827107,0.19999999999999998,0.0,0.19999999999999998
"Kragerø, house, sky, stone, tree",house,0.7418689727783203,0.0,0.10869565217391304,0.003257032351754417,0.33333333333333337,0.0,0.33333333333333337
"Apollo, Daphne","Apollo, Daphne, dancing, dancing woman, dancing woman, dancing woman, dancing woman, dancing woman, dancing woman, dancing woman",0.6617494225502014,0.0,0.5357142857142857,0.02432542569851428,0.21052631578947367,0.11764705882352941,0.21052631578947367
"hill, valley","Lake District, valley",0.9368355870246887,0.0,0.2380952380952381,0.11362193664674995,0.4,0.0,0.4
"1st Earl of Hardwicke, Philip Yorke",John Harington,0.8348013162612915,0.0,0.0,0.0,0.0,0.0,0.0
"Church of All Saints, Hastings","church, hay, man",0.8635662198066711,0.0,0.10416666666666666,0.05833544737207805,0.25,0.0,0.25
"Francis Hayman, Grosvenor Bedford","John Singleton Copley, John Singleton Copley II",0.8065392374992371,0.0,0.0,0.0,0.0,0.0,0.0
woman,Mary of Modena,-0.15097662806510925,0.0,0.0,0.0,0.0,0.0,0.0
"dog, forest, horse, hunting, lake, man, rifle, sheep","man, river, woman",0.8902869820594788,0.0,0.06666666666666667,0.021460411779726157,0.18181818181818182,0.0,0.18181818181818182
"Florence Nightingale, Selimiye Barracks",market,-0.3268319368362427,0.0,0.0,0.0,0.0,0.0,0.0
ruins,"castle, man, sheep, tree",-0.0999070480465889,0.0,0.0,0.0,0.0,0.0,0.0
"house cat, lace maker, lace pillow, woman",woman,-0.22242777049541473,0.0,0.078125,0.0004407913958354948,0.25,0.0,0.25
Charles Wellbeloved,John Adams,0.8324892520904541,0.0,0.0,0.0,0.0,0.0,0.0
"Joost Cornelisz Droochsloot, chair, hat, painting, palette, studio",Jan van Goyen,0.8826640248298645,0.0,0.0,0.0,0.0,0.0,0.0
"beer glass, orange, wine glass","fruit, glass, table",0.8921048641204834,0.0,0.10416666666666666,0.05833544737207805,0.25,0.0,0.25
William Moultrie,George Washington,0.7484012246131897,0.0,0.0,0.0,0.0,0.0,0.0
"Christ Child, Mary","Christ Child, Mary",1.000000238418579,1.0,0.9814814814814815,0.5623413251903491,1.0,1.0,1.0
"couple, farmhouse, girl, old man, orante, tree",woman,-0.26223674416542053,0.0,0.0,0.0,0.0,0.0,0.0
woman,woman,0.9999998807907104,1.0,0.5,0.1778279410038923,1.0,0.0,1.0
Elizabeth Chipman Gray,Mary Wortley Montagu,0.9377759099006653,0.0,0.0,0.0,0.0,0.0,0.0
"Jesus Christ, Lamentation of Christ, man","Christ, Mary Magdalene, Jesus Christ, Ladder, Lamentation, Mount of Olives, Woman",0.9394981861114502,0.0,0.38461538461538464,0.05012578715739066,0.5882352941176471,0.13333333333333333,0.4705882352941177
old man,Paul of Tarsus,0.7489500641822815,0.0,0.0,0.0,0.0,0.0,0.0
man,man,0.9999998807907104,1.0,0.5,0.1778279410038923,1.0,0.0,1.0
man,Michelangelo,0.09558675438165665,0.0,0.0,0.0,0.0,0.0,0.0
"1st Viscount Sidmouth, Henry Addington",John H. Stoddard,0.8531094193458557,0.0,0.0,0.0,0.0,0.0,0.0
man,Jan van der Heyden,0.2782139182090759,0.0,0.0,0.0,0.0,0.0,0.0
Johanna Kempe,Marie Louise de France,0.7557463645935059,0.0,0.0,0.0,0.0,0.0,0.0
Charles Evans Hughes,William Henry Gifford,0.8880587816238403,0.0,0.0,0.0,0.0,0.0,0.0
Margaret Cole,Elizabeth Gaskell,0.8244419693946838,0.0,0.0,0.0,0.0,0.0,0.0
"Grote Kerk, Grote Markt, Vleeshal","Grote Markt, horse, man, woman",0.9170588850975037,0.0,0.37500000000000006,0.11362193664674995,0.4000000000000001,0.25,0.4000000000000001
"1st Viscount Duncan, Adam Duncan","John Jervis, 1st Earl of St Vincent",0.7848888635635376,0.0,0.09615384615384616,0.033031643180138064,0.16666666666666666,0.0,0.16666666666666666
"András Hadik, Order of Maria Theresa I",Prince Eugene of Savoy,0.7782626152038574,0.0,0.07462686567164178,0.037951271263104894,0.16666666666666666,0.0,0.16666666666666666
"girl, ivy, threshold",girl,-0.23403246700763702,0.0,0.17857142857142855,0.024066394763145416,0.5,0.0,0.5
"fur, overcoat, woman",Jean-Baptiste Poquelin,0.8710298538208008,0.0,0.0,0.0,0.0,0.0,0.0
Alexandre Millerand,Franz von Stuck,0.9151831269264221,0.0,0.0,0.0,0.0,0.0,0.0
Watkin Pell,"John Jervis, 1st Earl of St Vincent",0.6675019264221191,0.0,0.0,0.0,0.0,0.0,0.0
man,Janusz Kowalski,0.12107033282518387,0.0,0.0,0.0,0.0,0.0,0.0
Henry Wadsworth Longfellow,Samuel Fielden,0.7445390820503235,0.0,0.0,0.0,0.0,0.0,0.0
"Margaret Gainsborough, Mary Gainsborough Fischer","Elizabeth, Countess of Carlisle, girl",0.8214883208274841,0.0,0.0,0.0,0.0,0.0,0.0
"street, urbanism","building, cityscape, sky",0.8837502002716064,0.0,0.0,0.0,0.0,0.0,0.0
Anton Graff,John Singleton Copley,0.8571093678474426,0.0,0.0,0.0,0.0,0.0,0.0
Louis-Joseph Jay,Jean-Baptiste Greuze,0.8933483958244324,0.0,0.0,0.0,0.0,0.0,0.0
"Li Luo, woman",woman,-0.1855442374944687,0.0,0.17857142857142855,0.024066394763145416,0.5,0.0,0.5
Peter Ferdinand Deurer,man,0.22150573134422302,0.0,0.0,0.0,0.0,0.0,0.0
Ethelie Madeleine Brohan,Madeleine Brohan,0.9210710525512695,0.0,0.6465517241379309,0.19180183554164504,0.8,0.6666666666666666,0.8
"fichu, hat, woman",woman,-0.1868719607591629,0.0,0.17857142857142855,0.024066394763145416,0.5,0.0,0.5
child,"Charles, Prince of Wales, George, Prince of Wales, Mary, Princess of Wales",0.5428537726402283,0.0,0.0,0.0,0.0,0.0,0.0
man,man,0.9999998807907104,1.0,0.5,0.1778279410038923,1.0,0.0,1.0
Catherine Smith Poyas,woman,-0.17877532541751862,0.0,0.0,0.0,0.0,0.0,0.0
Edward Heneage Dering,man,0.15338271856307983,0.0,0.0,0.0,0.0,0.0,0.0
"Elizabeth Stuart, Queen of Bohemia, girl",Elizabeth I of England,0.8856476545333862,0.0,0.17241379310344826,0.05795053470733952,0.4,0.0,0.4
Thomas Dermody,William Wordsworth,0.8442010283470154,0.0,0.0,0.0,0.0,0.0,0.0
Rowland Williams,John Stuart Mill,0.8407828211784363,0.0,0.0,0.0,0.0,0.0,0.0
James VI and I,"Edward, Duke of York",0.8120459914207458,0.0,0.0,0.0,0.0,0.0,0.0
Eilif Peterssen,Carl Adelsteen,0.8896325826644897,0.0,0.0,0.0,0.0,0.0,0.0
David Richter the Elder,man,0.10663288086652756,0.0,0.0,0.0,0.0,0.0,0.0
Napoleon,Napoleon I,0.311422735452652,0.0,0.45454545454545453,0.1495348781221221,0.6666666666666666,0.0,0.6666666666666666
man,Gustav Klimt,0.24177375435829163,0.0,0.0,0.0,0.0,0.0,0.0
"coat of arms, man, shotgun",Francisco Javier de la Torre,0.6424708962440491,0.0,0.0,0.0,0.0,0.0,0.0
"1st Baron Campbell, John Campbell","John Stuart, 1st Duke of Buccleuch",0.8354198336601257,0.0,0.19607843137254904,0.048549177170732344,0.3636363636363636,0.0,0.1818181818181818
"White people, man",John H. H. H. H. H. H. H. H. H. H. H. H. H. H,0.46022993326187134,0.0,0.0,0.0,0.0,0.0,0.0
peasant,John Ruskin,0.7676792144775391,0.0,0.0,0.0,0.0,0.0,0.0
Maria Antonia Walpurgis of Bavaria,Anna of Russia,0.8771873712539673,0.0,0.10416666666666666,0.05833544737207805,0.25,0.0,0.25
Antoine Léonard Thomas,man,0.24834994971752167,0.0,0.0,0.0,0.0,0.0,0.0
"gown, woman",woman,-0.055517442524433136,0.0,0.2631578947368421,0.06541924356118012,0.6666666666666666,0.0,0.6666666666666666
"bijou, man, stick",Mary of Modena,0.8899577260017395,0.0,0.0,0.0,0.0,0.0,0.0
Élisabeth Charlotte of Orléans,Marie Antoinette of France,0.8593924641609192,0.0,0.125,0.08034284189446518,0.22222222222222224,0.0,0.22222222222222224
Zinkensdamm,"house, snow",0.7754489183425903,0.0,0.0,0.0,0.0,0.0,0.0
"Gilbert du Motier, Marquis de Lafayette, general, hat, letter, uniform, wig",Jean-Baptiste Treilhard,0.8621882200241089,0.0,0.0,0.0,0.0,0.0,0.0
Francis I of France,man,0.16784891486167908,0.0,0.0,0.0,0.0,0.0,0.0
"Catholic Church, Christopher Columbus, European colonization of the Americas",Jesus Christ,0.7745007872581482,0.0,0.0,0.0,0.0,0.0,0.0
Jean Renoir,child,0.5173444151878357,0.0,0.0,0.0,0.0,0.0,0.0
"5th Viscount Downe, John Dawnay",man,0.09932152181863785,0.0,0.0,0.0,0.0,0.0,0.0
Ole Bull,violinist,0.8405101299285889,0.0,0.0,0.0,0.0,0.0,0.0
George Washington,George Washington,1.0,1.0,0.9375,0.316227766016838,1.0,1.0,1.0
Gustaf Gyllengranat,Gustav Adolfsdottir,0.855857789516449,0.0,0.0,0.0,0.0,0.0,0.0
"Gabriel Jean Edmond Séailles, girl","child, dog, man",0.8885360360145569,0.0,0.0,0.0,0.0,0.0,0.0
"Philip II of Spain, crown, sceptre, window",Charles I of Spain,0.9178861975669861,0.0,0.2798507462686567,0.08025716728928957,0.36363636363636365,0.2222222222222222,0.36363636363636365
fire,Venus,0.9764456748962402,0.0,0.0,0.0,0.0,0.0,0.0
John Jay,John Adams,0.929754376411438,0.0,0.25,0.1495348781221221,0.5,0.0,0.5
J. M. W. Turner,"painting, painting class, painting teacher, painting teacher in front of a window, painting teacher in the classroom, painting teacher in the studio,",0.8252238035202026,0.0,0.0,0.0,0.0,0.0,0.0
François Christophe de Kellermann,"John Stuart, 1st Duke of Buccleuch",0.7523884177207947,0.0,0.0,0.0,0.0,0.0,0.0
"angel, book, woman, writing",Venus,-0.09260592609643936,0.0,0.0,0.0,0.0,0.0,0.0
judge,man,0.8573105931282043,0.0,0.0,0.0,0.0,0.0,0.0
John Fremantle,1st Duke of Wellington,0.4838278293609619,0.0,0.0,0.0,0.0,0.0,0.0
man,man,0.9999998807907104,1.0,0.5,0.1778279410038923,1.0,0.0,1.0
"8th Marquess of Londonderry, Robin Vane-Tempest-Stewart",boy,-0.30154988169670105,0.0,0.0,0.0,0.0,0.0,0.0
Misia Sert,woman,-0.16200311481952667,0.0,0.0,0.0,0.0,0.0,0.0
Franciscus Junius,Charles I of England,0.8173696994781494,0.0,0.0,0.0,0.0,0.0,0.0
Johanne Mathilde Dietrichson,woman,-0.1059543639421463,0.0,0.0,0.0,0.0,0.0,0.0
"Cathedral of Our Lady of Strasbourg, place Gutenberg","Strasbourg, market, street",0.7294823527336121,0.0,0.06666666666666667,0.021460411779726157,0.18181818181818182,0.0,0.18181818181818182
Sir John Mennes,man,0.23922589421272278,0.0,0.0,0.0,0.0,0.0,0.0
"Duke of Orléans, Philippe",Charles X of France,0.8412425518035889,0.0,0.125,0.08034284189446518,0.22222222222222224,0.0,0.22222222222222224
"Golden Fleece, Louis I of Spain",Charles X of France,0.8390406370162964,0.0,0.08620689655172413,0.04873039689743777,0.2,0.0,0.2
John Elley,"1st Baronet, Sir John, 2nd Baronet, Sir John, 3rd Baronet, Sir John,",0.5662252306938171,0.0,0.16666666666666669,0.017033186037639283,0.14285714285714285,0.0,0.14285714285714285
Charles X of France,Charles X of France,1.0000001192092896,1.0,0.9921875,1.0,1.0,1.0,1.0
"1st Baron Rugby, John Maffey",Janusz Korczak,0.7722874283790588,0.0,0.0,0.0,0.0,0.0,0.0
Margaret Bankes,"Elizabeth, Duchess of York",0.7178310751914978,0.0,0.0,0.0,0.0,0.0,0.0
Kazimiera Alberti,Marie Breton,0.7934253811836243,0.0,0.0,0.0,0.0,0.0,0.0
"diadem cap, millstone collar, woman",woman,-0.24524065852165222,0.0,0.10869565217391304,0.003257032351754417,0.33333333333333337,0.0,0.33333333333333337
Joan Cornelis van der Hoop,Carl Adolph von Schwerin,0.8252613544464111,0.0,0.0,0.0,0.0,0.0,0.0
Palace of Westminster,Palace of Westminster,1.000000238418579,1.0,0.9814814814814815,0.5623413251903491,1.0,1.0,1.0
Daniel Webster,John C. Breckinridge,0.6382138729095459,0.0,0.0,0.0,0.0,0.0,0.0
man,David,0.780407726764679,0.0,0.0,0.0,0.0,0.0,0.0
child,"boy, girl, hunting",0.4320703446865082,0.0,0.0,0.0,0.0,0.0,0.0
"1st Baron Armstrong, William Armstrong","John Henry, 1st Viscount Harewood",0.8840648531913757,0.0,0.10000000000000002,0.05372849659117709,0.20000000000000004,0.0,0.20000000000000004
John Henderson,Johann Christian Bach,0.7834198474884033,0.0,0.0,0.0,0.0,0.0,0.0
artist,woman,0.2516458332538605,0.0,0.0,0.0,0.0,0.0,0.0
Hedvig Taube,Venus,-0.07410205900669098,0.0,0.0,0.0,0.0,0.0,0.0
"1st Marquess of Dufferin and Ava, Frederick Hamilton-Temple-Blackwood",Carl von Linné,0.779962956905365,0.0,0.0,0.0,0.0,0.0,0.0
Joseph-René Bellot,man,0.1825990378856659,0.0,0.0,0.0,0.0,0.0,0.0
Farouk I of Egypt,girl,-0.07808321714401245,0.0,0.0,0.0,0.0,0.0,0.0
Alexander I of Russia,Alexander I of Russia,0.9999997615814209,1.0,0.9921875,1.0,1.0,1.0,1.0
"Christmas Evans, cleric",man,0.08135446161031723,0.0,0.0,0.0,0.0,0.0,0.0
allegory of the Republic,"Athena, city, statue",0.890634298324585,0.0,0.0,0.0,0.0,0.0,0.0
woman,Mary Elizabeth Farnsworth,-0.03434736281633377,0.0,0.0,0.0,0.0,0.0,0.0
woman,woman,0.9999998807907104,1.0,0.5,0.1778279410038923,1.0,0.0,1.0
Barbara Talbot,"Barbara, Duchess of Portland",0.770246148109436,0.0,0.22727272727272727,0.08034284189446518,0.3333333333333333,0.0,0.3333333333333333
John Quincy Adams,John Quincy Adams,0.9999998211860657,1.0,0.9814814814814815,0.5623413251903491,1.0,1.0,1.0
"1st Duke of Dorset, Lionel Sackville",John Hotham,0.7878981828689575,0.0,0.0,0.0,0.0,0.0,0.0
"3rd Earl of Cumberland, George Clifford, Greenwich armour","John, Duke of Suffolk",0.8615617752075195,0.0,0.06578947368421052,0.029556479778261396,0.16666666666666666,0.0,0.16666666666666666
Jean-Jacques Rousseau,Voltaire,0.8222097754478455,0.0,0.0,0.0,0.0,0.0,0.0
woman,Elizabeth of England,-0.0988096073269844,0.0,0.0,0.0,0.0,0.0,0.0
Nils Blommér,man,0.24058106541633606,0.0,0.0,0.0,0.0,0.0,0.0
"Ladies of Llangollen, woman",woman,-0.22570261359214783,0.0,0.13513513513513511,0.008853531856477262,0.4,0.0,0.4
man,man,0.9999998807907104,1.0,0.5,0.1778279410038923,1.0,0.0,1.0
Józefa Olszewicz,girl,0.17957703769207,0.0,0.0,0.0,0.0,0.0,0.0
