gt,pred,similarity_score,exact_match,meteor,bleu,rouge1,rouge2,rougeL
religious art,religious art,0.9999997019767761,1.0,0.9375,0.316227766016838,1.0,1.0,1.0
Veduta,cityscape,0.8599342703819275,0.0,0.0,0.0,0.0,0.0,0.0
cityscape,landscape painting,0.8310390710830688,0.0,0.0,0.0,0.0,0.0,0.0
religious art,religious art,0.9999997019767761,1.0,0.9375,0.316227766016838,1.0,1.0,1.0
religious art,religious art,0.9999997019767761,1.0,0.9375,0.316227766016838,1.0,1.0,1.0
portrait,portrait,1.0000001192092896,1.0,0.5,0.1778279410038923,1.0,0.0,1.0
landscape painting,landscape painting,0.9999998807907104,1.0,0.9375,0.316227766016838,1.0,1.0,1.0
landscape painting,genre art,0.7666229605674744,0.0,0.0,0.0,0.0,0.0,0.0
portrait,portrait,1.0000001192092896,1.0,0.5,0.1778279410038923,1.0,0.0,1.0
portrait,portrait,1.0000001192092896,1.0,0.5,0.1778279410038923,1.0,0.0,1.0
landscape painting,landscape painting,0.9999998807907104,1.0,0.9375,0.316227766016838,1.0,1.0,1.0
religious art,religious art,0.9999997019767761,1.0,0.9375,0.316227766016838,1.0,1.0,1.0
landscape painting,marine art,0.8380733728408813,0.0,0.0,0.0,0.0,0.0,0.0
portrait,portrait,1.0000001192092896,1.0,0.5,0.1778279410038923,1.0,0.0,1.0
portrait,portrait,1.0000001192092896,1.0,0.5,0.1778279410038923,1.0,0.0,1.0
landscape painting,landscape painting,0.9999998807907104,1.0,0.9375,0.316227766016838,1.0,1.0,1.0
"landscape painting, marine art",marine art,0.8675886988639832,0.0,0.4934210526315789,0.11633369384516798,0.6666666666666666,0.5,0.6666666666666666
religious art,religious art,0.9999997019767761,1.0,0.9375,0.316227766016838,1.0,1.0,1.0
animal art,animal art,1.0,1.0,0.9375,0.316227766016838,1.0,1.0,1.0
portrait,portrait,1.0000001192092896,1.0,0.5,0.1778279410038923,1.0,0.0,1.0
religious art,religious art,0.9999997019767761,1.0,0.9375,0.316227766016838,1.0,1.0,1.0
religious art,religious art,0.9999997019767761,1.0,0.9375,0.316227766016838,1.0,1.0,1.0
still life,still life,1.0000001192092896,1.0,0.9375,0.316227766016838,1.0,1.0,1.0
landscape painting,landscape painting,0.9999998807907104,1.0,0.9375,0.316227766016838,1.0,1.0,1.0
cityscape,cityscape,0.9999999403953552,1.0,0.5,0.1778279410038923,1.0,0.0,1.0
portrait,portrait,1.0000001192092896,1.0,0.5,0.1778279410038923,1.0,0.0,1.0
religious art,religious art,0.9999997019767761,1.0,0.9375,0.316227766016838,1.0,1.0,1.0
religious art,religious art,0.9999997019767761,1.0,0.9375,0.316227766016838,1.0,1.0,1.0
schutterstuk,portrait,-0.0437835194170475,0.0,0.0,0.0,0.0,0.0,0.0
religious art,religious art,0.9999997019767761,1.0,0.9375,0.316227766016838,1.0,1.0,1.0
architectural view,cityscape,0.8454485535621643,0.0,0.0,0.0,0.0,0.0,0.0
landscape painting,landscape painting,0.9999998807907104,1.0,0.9375,0.316227766016838,1.0,1.0,1.0
religious art,religious art,0.9999997019767761,1.0,0.9375,0.316227766016838,1.0,1.0,1.0
portrait,portrait,1.0000001192092896,1.0,0.5,0.1778279410038923,1.0,0.0,1.0
portrait,portrait,1.0000001192092896,1.0,0.5,0.1778279410038923,1.0,0.0,1.0
portrait,portrait,1.0000001192092896,1.0,0.5,0.1778279410038923,1.0,0.0,1.0
portrait,portrait,1.0000001192092896,1.0,0.5,0.1778279410038923,1.0,0.0,1.0
landscape painting,landscape painting,0.9999998807907104,1.0,0.9375,0.316227766016838,1.0,1.0,1.0
genre art,genre art,1.0,1.0,0.9375,0.316227766016838,1.0,1.0,1.0
mythological painting,genre art,0.7016115188598633,0.0,0.0,0.0,0.0,0.0,0.0
religious art,religious art,0.9999997019767761,1.0,0.9375,0.316227766016838,1.0,1.0,1.0
landscape painting,landscape painting,0.9999998807907104,1.0,0.9375,0.316227766016838,1.0,1.0,1.0
landscape painting,landscape painting,0.9999998807907104,1.0,0.9375,0.316227766016838,1.0,1.0,1.0
portrait,portrait,1.0000001192092896,1.0,0.5,0.1778279410038923,1.0,0.0,1.0
Veduta,cityscape,0.8599342703819275,0.0,0.0,0.0,0.0,0.0,0.0
landscape painting,cityscape,0.8310390710830688,0.0,0.0,0.0,0.0,0.0,0.0
floral painting,still life,0.713930606842041,0.0,0.0,0.0,0.0,0.0,0.0
cityscape,genre art,0.7511158585548401,0.0,0.0,0.0,0.0,0.0,0.0
landscape painting,landscape painting,0.9999998807907104,1.0,0.9375,0.316227766016838,1.0,1.0,1.0
marine art,marine art,1.0,1.0,0.9375,0.316227766016838,1.0,1.0,1.0
Veduta,cityscape,0.8599342703819275,0.0,0.0,0.0,0.0,0.0,0.0
religious art,religious art,0.9999997019767761,1.0,0.9375,0.316227766016838,1.0,1.0,1.0
religious art,religious art,0.9999997019767761,1.0,0.9375,0.316227766016838,1.0,1.0,1.0
landscape painting,landscape painting,0.9999998807907104,1.0,0.9375,0.316227766016838,1.0,1.0,1.0
portrait,portrait,1.0000001192092896,1.0,0.5,0.1778279410038923,1.0,0.0,1.0
"genre art, portrait",genre art,0.7926967144012451,0.0,0.6465517241379309,0.19180183554164504,0.8,0.6666666666666666,0.8
religious art,religious art,0.9999997019767761,1.0,0.9375,0.316227766016838,1.0,1.0,1.0
religious art,religious art,0.9999997019767761,1.0,0.9375,0.316227766016838,1.0,1.0,1.0
portrait,portrait,1.0000001192092896,1.0,0.5,0.1778279410038923,1.0,0.0,1.0
portrait,portrait,1.0000001192092896,1.0,0.5,0.1778279410038923,1.0,0.0,1.0
portrait,portrait,1.0000001192092896,1.0,0.5,0.1778279410038923,1.0,0.0,1.0
animal art,animal art,1.0,1.0,0.9375,0.316227766016838,1.0,1.0,1.0
mythological painting,landscape painting,0.9125451445579529,0.0,0.25,0.1495348781221221,0.5,0.0,0.5
portrait,portrait,1.0000001192092896,1.0,0.5,0.1778279410038923,1.0,0.0,1.0
landscape painting,landscape painting,0.9999998807907104,1.0,0.9375,0.316227766016838,1.0,1.0,1.0
portrait,portrait,1.0000001192092896,1.0,0.5,0.1778279410038923,1.0,0.0,1.0
portrait,portrait,1.0000001192092896,1.0,0.5,0.1778279410038923,1.0,0.0,1.0
landscape painting,landscape painting,0.9999998807907104,1.0,0.9375,0.316227766016838,1.0,1.0,1.0
self-portrait,self-portrait,1.0000001192092896,1.0,0.5,0.1778279410038923,1.0,0.0,1.0
religious art,religious art,0.9999997019767761,1.0,0.9375,0.316227766016838,1.0,1.0,1.0
portrait,portrait,1.0000001192092896,1.0,0.5,0.1778279410038923,1.0,0.0,1.0
equestrian portrait,equestrian portrait,1.0,1.0,0.9375,0.316227766016838,1.0,1.0,1.0
schutterstuk,group portrait,0.7503070831298828,0.0,0.0,0.0,0.0,0.0,0.0
portrait,portrait,1.0000001192092896,1.0,0.5,0.1778279410038923,1.0,0.0,1.0
religious art,genre art,0.826835036277771,0.0,0.25,0.1495348781221221,0.5,0.0,0.5
genre art,portrait,0.29055696725845337,0.0,0.0,0.0,0.0,0.0,0.0
"history painting, portrait, self-portrait",portrait,-0.11854442209005356,0.0,0.13513513513513511,0.008853531856477262,0.4,0.0,0.4
portrait,portrait,1.0000001192092896,1.0,0.5,0.1778279410038923,1.0,0.0,1.0
religious art,religious art,0.9999997019767761,1.0,0.9375,0.316227766016838,1.0,1.0,1.0
"landscape painting, marine art",marine art,0.8675886988639832,0.0,0.4934210526315789,0.11633369384516798,0.6666666666666666,0.5,0.6666666666666666
portrait,portrait,1.0000001192092896,1.0,0.5,0.1778279410038923,1.0,0.0,1.0
religious art,religious art,0.9999997019767761,1.0,0.9375,0.316227766016838,1.0,1.0,1.0
still life,still life,1.0000001192092896,1.0,0.9375,0.316227766016838,1.0,1.0,1.0
portrait,portrait,1.0000001192092896,1.0,0.5,0.1778279410038923,1.0,0.0,1.0
mythological painting,mythological painting,1.0,1.0,0.9375,0.316227766016838,1.0,1.0,1.0
portrait,portrait,1.0000001192092896,1.0,0.5,0.1778279410038923,1.0,0.0,1.0
portrait,portrait,1.0000001192092896,1.0,0.5,0.1778279410038923,1.0,0.0,1.0
"idyll, mythological painting, nude",mythological painting,0.8797879219055176,0.0,0.4934210526315789,0.11633369384516798,0.6666666666666666,0.5,0.6666666666666666
self-portrait,self-portrait,1.0000001192092896,1.0,0.5,0.1778279410038923,1.0,0.0,1.0
history painting,landscape painting,0.8024121522903442,0.0,0.25,0.1495348781221221,0.5,0.0,0.5
still life,still life,1.0000001192092896,1.0,0.9375,0.316227766016838,1.0,1.0,1.0
portrait,portrait,1.0000001192092896,1.0,0.5,0.1778279410038923,1.0,0.0,1.0
landscape painting,landscape painting,0.9999998807907104,1.0,0.9375,0.316227766016838,1.0,1.0,1.0
portrait,portrait,1.0000001192092896,1.0,0.5,0.1778279410038923,1.0,0.0,1.0
mythological painting,mythological painting,1.0,1.0,0.9375,0.316227766016838,1.0,1.0,1.0
"landscape painting, marine art",landscape painting,0.8596783876419067,0.0,0.4934210526315789,0.11633369384516798,0.6666666666666666,0.5,0.6666666666666666
portrait,portrait,1.0000001192092896,1.0,0.5,0.1778279410038923,1.0,0.0,1.0
portrait,self-portrait,-0.04053501412272453,0.0,0.0,0.0,0.0,0.0,0.0
landscape painting,landscape painting,0.9999998807907104,1.0,0.9375,0.316227766016838,1.0,1.0,1.0
religious art,religious art,0.9999997019767761,1.0,0.9375,0.316227766016838,1.0,1.0,1.0
portrait,portrait,1.0000001192092896,1.0,0.5,0.1778279410038923,1.0,0.0,1.0
religious art,religious art,0.9999997019767761,1.0,0.9375,0.316227766016838,1.0,1.0,1.0
portrait,portrait,1.0000001192092896,1.0,0.5,0.1778279410038923,1.0,0.0,1.0
religious art,religious art,0.9999997019767761,1.0,0.9375,0.316227766016838,1.0,1.0,1.0
portrait,portrait,1.0000001192092896,1.0,0.5,0.1778279410038923,1.0,0.0,1.0
portrait,portrait,1.0000001192092896,1.0,0.5,0.1778279410038923,1.0,0.0,1.0
landscape painting,landscape painting,0.9999998807907104,1.0,0.9375,0.316227766016838,1.0,1.0,1.0
religious art,religious art,0.9999997019767761,1.0,0.9375,0.316227766016838,1.0,1.0,1.0
portrait,portrait,1.0000001192092896,1.0,0.5,0.1778279410038923,1.0,0.0,1.0
mythological painting,mythological painting,1.0,1.0,0.9375,0.316227766016838,1.0,1.0,1.0
"allegory, nude",mythological painting,0.8321518301963806,0.0,0.0,0.0,0.0,0.0,0.0
portrait,portrait,1.0000001192092896,1.0,0.5,0.1778279410038923,1.0,0.0,1.0
portrait,portrait,1.0000001192092896,1.0,0.5,0.1778279410038923,1.0,0.0,1.0
"portrait, religious art",religious art,0.8941660523414612,0.0,0.6465517241379309,0.19180183554164504,0.8,0.6666666666666666,0.8
landscape painting,landscape painting,0.9999998807907104,1.0,0.9375,0.316227766016838,1.0,1.0,1.0
"figure painting, genre art, landscape painting, portrait",genre art,0.6451307535171509,0.0,0.28846153846153844,0.025957555738330737,0.4444444444444445,0.2857142857142857,0.4444444444444445
equestrian portrait,portrait,0.6606671214103699,0.0,0.2631578947368421,0.06541924356118012,0.6666666666666666,0.0,0.6666666666666666
portrait,portrait,1.0000001192092896,1.0,0.5,0.1778279410038923,1.0,0.0,1.0
mythological painting,religious art,0.8692233562469482,0.0,0.0,0.0,0.0,0.0,0.0
landscape painting,landscape painting,0.9999998807907104,1.0,0.9375,0.316227766016838,1.0,1.0,1.0
religious art,mythological painting,0.8692233562469482,0.0,0.0,0.0,0.0,0.0,0.0
religious art,religious art,0.9999997019767761,1.0,0.9375,0.316227766016838,1.0,1.0,1.0
cityscape,cityscape,0.9999999403953552,1.0,0.5,0.1778279410038923,1.0,0.0,1.0
still life,still life,1.0000001192092896,1.0,0.9375,0.316227766016838,1.0,1.0,1.0
religious art,religious art,0.9999997019767761,1.0,0.9375,0.316227766016838,1.0,1.0,1.0
portrait,portrait,1.0000001192092896,1.0,0.5,0.1778279410038923,1.0,0.0,1.0
"portrait, religious art",religious art,0.8941660523414612,0.0,0.6465517241379309,0.19180183554164504,0.8,0.6666666666666666,0.8
portrait,portrait,1.0000001192092896,1.0,0.5,0.1778279410038923,1.0,0.0,1.0
mythological painting,mythological painting,1.0,1.0,0.9375,0.316227766016838,1.0,1.0,1.0
mythological painting,mythological painting,1.0,1.0,0.9375,0.316227766016838,1.0,1.0,1.0
portrait,religious art,0.16929467022418976,0.0,0.0,0.0,0.0,0.0,0.0
portrait,portrait,1.0000001192092896,1.0,0.5,0.1778279410038923,1.0,0.0,1.0
landscape painting,landscape painting,0.9999998807907104,1.0,0.9375,0.316227766016838,1.0,1.0,1.0
religious art,religious art,0.9999997019767761,1.0,0.9375,0.316227766016838,1.0,1.0,1.0
landscape painting,landscape painting,0.9999998807907104,1.0,0.9375,0.316227766016838,1.0,1.0,1.0
portrait,portrait,1.0000001192092896,1.0,0.5,0.1778279410038923,1.0,0.0,1.0
religious art,religious art,0.9999997019767761,1.0,0.9375,0.316227766016838,1.0,1.0,1.0
vanitas,still life,0.7584326863288879,0.0,0.0,0.0,0.0,0.0,0.0
church interior,interior view,0.7779779434204102,0.0,0.25,0.1495348781221221,0.5,0.0,0.5
portrait,portrait,1.0000001192092896,1.0,0.5,0.1778279410038923,1.0,0.0,1.0
genre art,race art,0.8437644839286804,0.0,0.25,0.1495348781221221,0.5,0.0,0.5
mythological painting,mythological painting,1.0,1.0,0.9375,0.316227766016838,1.0,1.0,1.0
nude,nude,0.9999999403953552,1.0,0.5,0.1778279410038923,1.0,0.0,1.0
landscape painting,landscape painting,0.9999998807907104,1.0,0.9375,0.316227766016838,1.0,1.0,1.0
landscape painting,landscape painting,0.9999998807907104,1.0,0.9375,0.316227766016838,1.0,1.0,1.0
religious art,religious art,0.9999997019767761,1.0,0.9375,0.316227766016838,1.0,1.0,1.0
portrait,portrait,1.0000001192092896,1.0,0.5,0.1778279410038923,1.0,0.0,1.0
landscape painting,landscape painting,0.9999998807907104,1.0,0.9375,0.316227766016838,1.0,1.0,1.0
history painting,religious art,0.7629304528236389,0.0,0.0,0.0,0.0,0.0,0.0
portrait,portrait,1.0000001192092896,1.0,0.5,0.1778279410038923,1.0,0.0,1.0
religious art,religious art,0.9999997019767761,1.0,0.9375,0.316227766016838,1.0,1.0,1.0
portrait,portrait,1.0000001192092896,1.0,0.5,0.1778279410038923,1.0,0.0,1.0
animal art,animal art,1.0,1.0,0.9375,0.316227766016838,1.0,1.0,1.0
religious art,religious art,0.9999997019767761,1.0,0.9375,0.316227766016838,1.0,1.0,1.0
"history painting, mythological painting",mythological painting,0.9248742461204529,0.0,0.4934210526315789,0.11633369384516798,0.6666666666666666,0.5,0.6666666666666666
religious art,religious art,0.9999997019767761,1.0,0.9375,0.316227766016838,1.0,1.0,1.0
still life,still life,1.0000001192092896,1.0,0.9375,0.316227766016838,1.0,1.0,1.0
religious art,religious art,0.9999997019767761,1.0,0.9375,0.316227766016838,1.0,1.0,1.0
religious art,religious art,0.9999997019767761,1.0,0.9375,0.316227766016838,1.0,1.0,1.0
portrait,portrait,1.0000001192092896,1.0,0.5,0.1778279410038923,1.0,0.0,1.0
still life,still life,1.0000001192092896,1.0,0.9375,0.316227766016838,1.0,1.0,1.0
portrait,portrait,1.0000001192092896,1.0,0.5,0.1778279410038923,1.0,0.0,1.0
portrait,self-portrait,-0.04053501412272453,0.0,0.0,0.0,0.0,0.0,0.0
religious art,religious art,0.9999997019767761,1.0,0.9375,0.316227766016838,1.0,1.0,1.0
"Veduta, landscape painting",landscape painting,0.8607350587844849,0.0,0.6465517241379309,0.19180183554164504,0.8,0.6666666666666666,0.8
genre art,religious art,0.826835036277771,0.0,0.25,0.1495348781221221,0.5,0.0,0.5
"mythological painting, nude",mythological painting,0.9359908103942871,0.0,0.6465517241379309,0.19180183554164504,0.8,0.6666666666666666,0.8
portrait,portrait,1.0000001192092896,1.0,0.5,0.1778279410038923,1.0,0.0,1.0
mythological painting,mythological painting,1.0,1.0,0.9375,0.316227766016838,1.0,1.0,1.0
portrait,portrait,1.0000001192092896,1.0,0.5,0.1778279410038923,1.0,0.0,1.0
landscape painting,landscape painting,0.9999998807907104,1.0,0.9375,0.316227766016838,1.0,1.0,1.0
portrait,portrait,1.0000001192092896,1.0,0.5,0.1778279410038923,1.0,0.0,1.0
"portrait, self-portrait",portrait,-0.11833761632442474,0.0,0.2631578947368421,0.06541924356118012,0.6666666666666666,0.0,0.6666666666666666
portrait,portrait,1.0000001192092896,1.0,0.5,0.1778279410038923,1.0,0.0,1.0
"genre art, portrait",genre art,0.7926967144012451,0.0,0.6465517241379309,0.19180183554164504,0.8,0.6666666666666666,0.8
self-portrait,portrait,-0.04053501412272453,0.0,0.0,0.0,0.0,0.0,0.0
interior view,genre art,0.8077197074890137,0.0,0.0,0.0,0.0,0.0,0.0
portrait,portrait,1.0000001192092896,1.0,0.5,0.1778279410038923,1.0,0.0,1.0
religious art,religious art,0.9999997019767761,1.0,0.9375,0.316227766016838,1.0,1.0,1.0
trompe-lœil,landscape painting,0.7398279309272766,0.0,0.0,0.0,0.0,0.0,0.0
"history painting, religious art",religious art,0.8684037923812866,0.0,0.4934210526315789,0.11633369384516798,0.6666666666666666,0.5,0.6666666666666666
portrait,portrait,1.0000001192092896,1.0,0.5,0.1778279410038923,1.0,0.0,1.0
architectural view,history painting,0.7695936560630798,0.0,0.0,0.0,0.0,0.0,0.0
portrait,portrait,1.0000001192092896,1.0,0.5,0.1778279410038923,1.0,0.0,1.0
cityscape,cityscape,0.9999999403953552,1.0,0.5,0.1778279410038923,1.0,0.0,1.0
portrait,portrait,1.0000001192092896,1.0,0.5,0.1778279410038923,1.0,0.0,1.0
still life,still life,1.0000001192092896,1.0,0.9375,0.316227766016838,1.0,1.0,1.0
landscape painting,landscape painting,0.9999998807907104,1.0,0.9375,0.316227766016838,1.0,1.0,1.0
genre art,genre art,1.0,1.0,0.9375,0.316227766016838,1.0,1.0,1.0
landscape painting,landscape painting,0.9999998807907104,1.0,0.9375,0.316227766016838,1.0,1.0,1.0
portrait,portrait,1.0000001192092896,1.0,0.5,0.1778279410038923,1.0,0.0,1.0
portrait,portrait,1.0000001192092896,1.0,0.5,0.1778279410038923,1.0,0.0,1.0
still life,still life,1.0000001192092896,1.0,0.9375,0.316227766016838,1.0,1.0,1.0
landscape painting,genre art,0.7666229605674744,0.0,0.0,0.0,0.0,0.0,0.0
portrait,portrait,1.0000001192092896,1.0,0.5,0.1778279410038923,1.0,0.0,1.0
portrait,portrait,1.0000001192092896,1.0,0.5,0.1778279410038923,1.0,0.0,1.0
marine art,marine art,1.0,1.0,0.9375,0.316227766016838,1.0,1.0,1.0
religious art,religious art,0.9999997019767761,1.0,0.9375,0.316227766016838,1.0,1.0,1.0
"genre art, nude, religious art",mythological painting,0.8540575504302979,0.0,0.0,0.0,0.0,0.0,0.0
landscape painting,landscape painting,0.9999998807907104,1.0,0.9375,0.316227766016838,1.0,1.0,1.0
allegory,mythological painting,0.826589047908783,0.0,0.0,0.0,0.0,0.0,0.0
"history painting, religious art",religious art,0.8684037923812866,0.0,0.4934210526315789,0.11633369384516798,0.6666666666666666,0.5,0.6666666666666666
landscape painting,landscape painting,0.9999998807907104,1.0,0.9375,0.316227766016838,1.0,1.0,1.0
genre art,genre art,1.0,1.0,0.9375,0.316227766016838,1.0,1.0,1.0
landscape painting,landscape painting,0.9999998807907104,1.0,0.9375,0.316227766016838,1.0,1.0,1.0
portrait,portrait,1.0000001192092896,1.0,0.5,0.1778279410038923,1.0,0.0,1.0
portrait,self-portrait,-0.04053501412272453,0.0,0.0,0.0,0.0,0.0,0.0
Veduta,cityscape,0.8599342703819275,0.0,0.0,0.0,0.0,0.0,0.0
landscape painting,landscape painting,0.9999998807907104,1.0,0.9375,0.316227766016838,1.0,1.0,1.0
religious art,religious art,0.9999997019767761,1.0,0.9375,0.316227766016838,1.0,1.0,1.0
"genre art, nude",nude,0.6904810667037964,0.0,0.17857142857142855,0.024066394763145416,0.5,0.0,0.5
"portrait, religious art",portrait,0.04824797064065933,0.0,0.17857142857142855,0.024066394763145416,0.5,0.0,0.5
landscape painting,landscape painting,0.9999998807907104,1.0,0.9375,0.316227766016838,1.0,1.0,1.0
history painting,history painting,1.0,1.0,0.9375,0.316227766016838,1.0,1.0,1.0
landscape painting,landscape painting,0.9999998807907104,1.0,0.9375,0.316227766016838,1.0,1.0,1.0
portrait,portrait,1.0000001192092896,1.0,0.5,0.1778279410038923,1.0,0.0,1.0
portrait,portrait,1.0000001192092896,1.0,0.5,0.1778279410038923,1.0,0.0,1.0
portrait,portrait,1.0000001192092896,1.0,0.5,0.1778279410038923,1.0,0.0,1.0
self-portrait,portrait,-0.04053501412272453,0.0,0.0,0.0,0.0,0.0,0.0
landscape painting,landscape painting,0.9999998807907104,1.0,0.9375,0.316227766016838,1.0,1.0,1.0
landscape painting,landscape painting,0.9999998807907104,1.0,0.9375,0.316227766016838,1.0,1.0,1.0
genre art,mythological painting,0.7016115188598633,0.0,0.0,0.0,0.0,0.0,0.0
genre art,history painting,0.6811609864234924,0.0,0.0,0.0,0.0,0.0,0.0
religious art,religious art,0.9999997019767761,1.0,0.9375,0.316227766016838,1.0,1.0,1.0
religious art,religious art,0.9999997019767761,1.0,0.9375,0.316227766016838,1.0,1.0,1.0
portrait,portrait,1.0000001192092896,1.0,0.5,0.1778279410038923,1.0,0.0,1.0
portrait,portrait,1.0000001192092896,1.0,0.5,0.1778279410038923,1.0,0.0,1.0
landscape painting,landscape painting,0.9999998807907104,1.0,0.9375,0.316227766016838,1.0,1.0,1.0
floral painting,still life,0.713930606842041,0.0,0.0,0.0,0.0,0.0,0.0
religious art,landscape painting,0.8595948815345764,0.0,0.0,0.0,0.0,0.0,0.0
cityscape,landscape painting,0.8310390710830688,0.0,0.0,0.0,0.0,0.0,0.0
religious art,religious art,0.9999997019767761,1.0,0.9375,0.316227766016838,1.0,1.0,1.0
miniature,portrait,0.9178664684295654,0.0,0.0,0.0,0.0,0.0,0.0
religious art,religious art,0.9999997019767761,1.0,0.9375,0.316227766016838,1.0,1.0,1.0
architectural painting,landscape painting,0.9429627060890198,0.0,0.25,0.1495348781221221,0.5,0.0,0.5
portrait,portrait,1.0000001192092896,1.0,0.5,0.1778279410038923,1.0,0.0,1.0
religious art,religious art,0.9999997019767761,1.0,0.9375,0.316227766016838,1.0,1.0,1.0
mythological painting,mythological painting,1.0,1.0,0.9375,0.316227766016838,1.0,1.0,1.0
religious art,religious art,0.9999997019767761,1.0,0.9375,0.316227766016838,1.0,1.0,1.0
portrait,portrait,1.0000001192092896,1.0,0.5,0.1778279410038923,1.0,0.0,1.0
religious art,religious art,0.9999997019767761,1.0,0.9375,0.316227766016838,1.0,1.0,1.0
religious art,religious art,0.9999997019767761,1.0,0.9375,0.316227766016838,1.0,1.0,1.0
landscape painting,landscape painting,0.9999998807907104,1.0,0.9375,0.316227766016838,1.0,1.0,1.0
religious art,religious art,0.9999997019767761,1.0,0.9375,0.316227766016838,1.0,1.0,1.0
landscape painting,landscape painting,0.9999998807907104,1.0,0.9375,0.316227766016838,1.0,1.0,1.0
religious art,religious art,0.9999997019767761,1.0,0.9375,0.316227766016838,1.0,1.0,1.0
portrait,mythological painting,0.1130141168832779,0.0,0.0,0.0,0.0,0.0,0.0
mythological painting,mythological painting,1.0,1.0,0.9375,0.316227766016838,1.0,1.0,1.0
"animal art, landscape painting",landscape painting,0.8799904584884644,0.0,0.4934210526315789,0.11633369384516798,0.6666666666666666,0.5,0.6666666666666666
portrait,portrait,1.0000001192092896,1.0,0.5,0.1778279410038923,1.0,0.0,1.0
portrait,portrait,1.0000001192092896,1.0,0.5,0.1778279410038923,1.0,0.0,1.0
portrait,portrait,1.0000001192092896,1.0,0.5,0.1778279410038923,1.0,0.0,1.0
"self-portrait, still life",still life,0.8723395466804504,0.0,0.6465517241379309,0.19180183554164504,0.8,0.6666666666666666,0.8
religious art,religious art,0.9999997019767761,1.0,0.9375,0.316227766016838,1.0,1.0,1.0
portrait,group portrait,0.24276117980480194,0.0,0.45454545454545453,0.1495348781221221,0.6666666666666666,0.0,0.6666666666666666
portrait,portrait,1.0000001192092896,1.0,0.5,0.1778279410038923,1.0,0.0,1.0
allegory,mythological painting,0.826589047908783,0.0,0.0,0.0,0.0,0.0,0.0
religious art,religious art,0.9999997019767761,1.0,0.9375,0.316227766016838,1.0,1.0,1.0
"landscape painting, marine art",marine art,0.8675886988639832,0.0,0.4934210526315789,0.11633369384516798,0.6666666666666666,0.5,0.6666666666666666
allegory,genre art,0.7956649661064148,0.0,0.0,0.0,0.0,0.0,0.0
landscape painting,landscape painting,0.9999998807907104,1.0,0.9375,0.316227766016838,1.0,1.0,1.0
landscape painting,landscape painting,0.9999998807907104,1.0,0.9375,0.316227766016838,1.0,1.0,1.0
portrait,portrait,1.0000001192092896,1.0,0.5,0.1778279410038923,1.0,0.0,1.0
landscape painting,landscape painting,0.9999998807907104,1.0,0.9375,0.316227766016838,1.0,1.0,1.0
portrait,portrait,1.0000001192092896,1.0,0.5,0.1778279410038923,1.0,0.0,1.0
landscape painting,marine art,0.8380733728408813,0.0,0.0,0.0,0.0,0.0,0.0
landscape painting,landscape painting,0.9999998807907104,1.0,0.9375,0.316227766016838,1.0,1.0,1.0
portrait,portrait,1.0000001192092896,1.0,0.5,0.1778279410038923,1.0,0.0,1.0
religious art,religious art,0.9999997019767761,1.0,0.9375,0.316227766016838,1.0,1.0,1.0
religious art,religious art,0.9999997019767761,1.0,0.9375,0.316227766016838,1.0,1.0,1.0
religious art,religious art,0.9999997019767761,1.0,0.9375,0.316227766016838,1.0,1.0,1.0
"architectural view, landscape painting",landscape painting,0.8765707015991211,0.0,0.4934210526315789,0.11633369384516798,0.6666666666666666,0.5,0.6666666666666666
portrait,portrait,1.0000001192092896,1.0,0.5,0.1778279410038923,1.0,0.0,1.0
portrait,portrait,1.0000001192092896,1.0,0.5,0.1778279410038923,1.0,0.0,1.0
landscape painting,landscape painting,0.9999998807907104,1.0,0.9375,0.316227766016838,1.0,1.0,1.0
genre art,genre art,1.0,1.0,0.9375,0.316227766016838,1.0,1.0,1.0
"genre art, landscape painting",landscape painting,0.8524863719940186,0.0,0.4934210526315789,0.11633369384516798,0.6666666666666666,0.5,0.6666666666666666
portrait,portrait,1.0000001192092896,1.0,0.5,0.1778279410038923,1.0,0.0,1.0
self-portrait,portrait,-0.04053501412272453,0.0,0.0,0.0,0.0,0.0,0.0
religious art,religious art,0.9999997019767761,1.0,0.9375,0.316227766016838,1.0,1.0,1.0
religious art,religious art,0.9999997019767761,1.0,0.9375,0.316227766016838,1.0,1.0,1.0
religious art,religious art,0.9999997019767761,1.0,0.9375,0.316227766016838,1.0,1.0,1.0
religious art,religious art,0.9999997019767761,1.0,0.9375,0.316227766016838,1.0,1.0,1.0
portrait,portrait,1.0000001192092896,1.0,0.5,0.1778279410038923,1.0,0.0,1.0
landscape painting,landscape painting,0.9999998807907104,1.0,0.9375,0.316227766016838,1.0,1.0,1.0
genre art,genre art,1.0,1.0,0.9375,0.316227766016838,1.0,1.0,1.0
"cityscape, marine art",cityscape,0.9223996996879578,0.0,0.17857142857142855,0.024066394763145416,0.5,0.0,0.5
portrait,portrait,1.0000001192092896,1.0,0.5,0.1778279410038923,1.0,0.0,1.0
religious art,religious art,0.9999997019767761,1.0,0.9375,0.316227766016838,1.0,1.0,1.0
religious art,religious art,0.9999997019767761,1.0,0.9375,0.316227766016838,1.0,1.0,1.0
religious art,religious art,0.9999997019767761,1.0,0.9375,0.316227766016838,1.0,1.0,1.0
landscape painting,landscape painting,0.9999998807907104,1.0,0.9375,0.316227766016838,1.0,1.0,1.0
capriccio,cityscape,0.8359208703041077,0.0,0.0,0.0,0.0,0.0,0.0
landscape painting,landscape painting,0.9999998807907104,1.0,0.9375,0.316227766016838,1.0,1.0,1.0
portrait,portrait,1.0000001192092896,1.0,0.5,0.1778279410038923,1.0,0.0,1.0
mythological painting,mythological painting,1.0,1.0,0.9375,0.316227766016838,1.0,1.0,1.0
religious art,religious art,0.9999997019767761,1.0,0.9375,0.316227766016838,1.0,1.0,1.0
mythological painting,landscape painting,0.9125451445579529,0.0,0.25,0.1495348781221221,0.5,0.0,0.5
portrait,portrait,1.0000001192092896,1.0,0.5,0.1778279410038923,1.0,0.0,1.0
religious art,religious art,0.9999997019767761,1.0,0.9375,0.316227766016838,1.0,1.0,1.0
portrait,portrait,1.0000001192092896,1.0,0.5,0.1778279410038923,1.0,0.0,1.0
religious art,religious art,0.9999997019767761,1.0,0.9375,0.316227766016838,1.0,1.0,1.0
history painting,history painting,1.0,1.0,0.9375,0.316227766016838,1.0,1.0,1.0
"mythological painting, nude",mythological painting,0.9359908103942871,0.0,0.6465517241379309,0.19180183554164504,0.8,0.6666666666666666,0.8
landscape painting,landscape painting,0.9999998807907104,1.0,0.9375,0.316227766016838,1.0,1.0,1.0
landscape painting,landscape painting,0.9999998807907104,1.0,0.9375,0.316227766016838,1.0,1.0,1.0
religious art,religious art,0.9999997019767761,1.0,0.9375,0.316227766016838,1.0,1.0,1.0
portrait,portrait,1.0000001192092896,1.0,0.5,0.1778279410038923,1.0,0.0,1.0
tronie,portrait,0.031001850962638855,0.0,0.0,0.0,0.0,0.0,0.0
genre art,portrait,0.29055696725845337,0.0,0.0,0.0,0.0,0.0,0.0
religious art,religious art,0.9999997019767761,1.0,0.9375,0.316227766016838,1.0,1.0,1.0
portrait,portrait,1.0000001192092896,1.0,0.5,0.1778279410038923,1.0,0.0,1.0
religious art,religious art,0.9999997019767761,1.0,0.9375,0.316227766016838,1.0,1.0,1.0
landscape painting,landscape painting,0.9999998807907104,1.0,0.9375,0.316227766016838,1.0,1.0,1.0
portrait,portrait,1.0000001192092896,1.0,0.5,0.1778279410038923,1.0,0.0,1.0
landscape painting,landscape painting,0.9999998807907104,1.0,0.9375,0.316227766016838,1.0,1.0,1.0
self-portrait,portrait,-0.04053501412272453,0.0,0.0,0.0,0.0,0.0,0.0
religious art,religious art,0.9999997019767761,1.0,0.9375,0.316227766016838,1.0,1.0,1.0
religious art,religious art,0.9999997019767761,1.0,0.9375,0.316227766016838,1.0,1.0,1.0
portrait,portrait,1.0000001192092896,1.0,0.5,0.1778279410038923,1.0,0.0,1.0
mythological painting,nude,0.6696956753730774,0.0,0.0,0.0,0.0,0.0,0.0
genre art,genre art,1.0,1.0,0.9375,0.316227766016838,1.0,1.0,1.0
portrait,portrait,1.0000001192092896,1.0,0.5,0.1778279410038923,1.0,0.0,1.0
"history painting, mythological painting",mythological painting,0.9248742461204529,0.0,0.4934210526315789,0.11633369384516798,0.6666666666666666,0.5,0.6666666666666666
portrait,portrait,1.0000001192092896,1.0,0.5,0.1778279410038923,1.0,0.0,1.0
religious art,religious art,0.9999997019767761,1.0,0.9375,0.316227766016838,1.0,1.0,1.0
portrait,portrait,1.0000001192092896,1.0,0.5,0.1778279410038923,1.0,0.0,1.0
religious art,religious art,0.9999997019767761,1.0,0.9375,0.316227766016838,1.0,1.0,1.0
church interior,church interior,0.9999998807907104,1.0,0.9375,0.316227766016838,1.0,1.0,1.0
portrait,portrait,1.0000001192092896,1.0,0.5,0.1778279410038923,1.0,0.0,1.0
genre art,history painting,0.6811609864234924,0.0,0.0,0.0,0.0,0.0,0.0
mythological painting,history painting,0.7844920754432678,0.0,0.25,0.1495348781221221,0.5,0.0,0.5
still life,genre art,0.680627703666687,0.0,0.0,0.0,0.0,0.0,0.0
portrait,portrait,1.0000001192092896,1.0,0.5,0.1778279410038923,1.0,0.0,1.0
portrait,portrait,1.0000001192092896,1.0,0.5,0.1778279410038923,1.0,0.0,1.0
religious art,religious art,0.9999997019767761,1.0,0.9375,0.316227766016838,1.0,1.0,1.0
landscape painting,landscape painting,0.9999998807907104,1.0,0.9375,0.316227766016838,1.0,1.0,1.0
still life,still life,1.0000001192092896,1.0,0.9375,0.316227766016838,1.0,1.0,1.0
religious art,religious art,0.9999997019767761,1.0,0.9375,0.316227766016838,1.0,1.0,1.0
landscape painting,landscape painting,0.9999998807907104,1.0,0.9375,0.316227766016838,1.0,1.0,1.0
portrait,portrait,1.0000001192092896,1.0,0.5,0.1778279410038923,1.0,0.0,1.0
religious art,religious art,0.9999997019767761,1.0,0.9375,0.316227766016838,1.0,1.0,1.0
portrait,portrait,1.0000001192092896,1.0,0.5,0.1778279410038923,1.0,0.0,1.0
"genre art, mythological painting",mythological painting,0.9025673270225525,0.0,0.4934210526315789,0.11633369384516798,0.6666666666666666,0.5,0.6666666666666666
portrait,portrait,1.0000001192092896,1.0,0.5,0.1778279410038923,1.0,0.0,1.0
"family portrait, genre art",portrait,0.042547859251499176,0.0,0.13513513513513511,0.008853531856477262,0.4,0.0,0.4
landscape painting,landscape painting,0.9999998807907104,1.0,0.9375,0.316227766016838,1.0,1.0,1.0
portrait,portrait,1.0000001192092896,1.0,0.5,0.1778279410038923,1.0,0.0,1.0
portrait,portrait,1.0000001192092896,1.0,0.5,0.1778279410038923,1.0,0.0,1.0
portrait,portrait,1.0000001192092896,1.0,0.5,0.1778279410038923,1.0,0.0,1.0
religious art,religious art,0.9999997019767761,1.0,0.9375,0.316227766016838,1.0,1.0,1.0
portrait,portrait,1.0000001192092896,1.0,0.5,0.1778279410038923,1.0,0.0,1.0
genre art,landscape painting,0.7666229605674744,0.0,0.0,0.0,0.0,0.0,0.0
religious art,religious art,0.9999997019767761,1.0,0.9375,0.316227766016838,1.0,1.0,1.0
"animal art, genre art",genre art,0.8028615713119507,0.0,0.4934210526315789,0.11633369384516798,0.6666666666666666,0.5,0.6666666666666666
"genre art, nude",nude,0.6904810667037964,0.0,0.17857142857142855,0.024066394763145416,0.5,0.0,0.5
portrait,self-portrait,-0.04053501412272453,0.0,0.0,0.0,0.0,0.0,0.0
history painting,relief painting,0.8157764077186584,0.0,0.25,0.1495348781221221,0.5,0.0,0.5
architectural painting,landscape painting,0.9429627060890198,0.0,0.25,0.1495348781221221,0.5,0.0,0.5
religious art,religious art,0.9999997019767761,1.0,0.9375,0.316227766016838,1.0,1.0,1.0
portrait,portrait,1.0000001192092896,1.0,0.5,0.1778279410038923,1.0,0.0,1.0
religious art,religious art,0.9999997019767761,1.0,0.9375,0.316227766016838,1.0,1.0,1.0
mythological painting,religious art,0.8692233562469482,0.0,0.0,0.0,0.0,0.0,0.0
portrait,portrait,1.0000001192092896,1.0,0.5,0.1778279410038923,1.0,0.0,1.0
religious art,religious art,0.9999997019767761,1.0,0.9375,0.316227766016838,1.0,1.0,1.0
religious art,religious art,0.9999997019767761,1.0,0.9375,0.316227766016838,1.0,1.0,1.0
religious art,religious art,0.9999997019767761,1.0,0.9375,0.316227766016838,1.0,1.0,1.0
portrait,portrait,1.0000001192092896,1.0,0.5,0.1778279410038923,1.0,0.0,1.0
genre art,genre art,1.0,1.0,0.9375,0.316227766016838,1.0,1.0,1.0
portrait,portrait,1.0000001192092896,1.0,0.5,0.1778279410038923,1.0,0.0,1.0
landscape painting,landscape painting,0.9999998807907104,1.0,0.9375,0.316227766016838,1.0,1.0,1.0
religious art,religious art,0.9999997019767761,1.0,0.9375,0.316227766016838,1.0,1.0,1.0
landscape painting,landscape painting,0.9999998807907104,1.0,0.9375,0.316227766016838,1.0,1.0,1.0
genre art,genre art,1.0,1.0,0.9375,0.316227766016838,1.0,1.0,1.0
portrait,portrait,1.0000001192092896,1.0,0.5,0.1778279410038923,1.0,0.0,1.0
architectural view,landscape painting,0.8468533754348755,0.0,0.0,0.0,0.0,0.0,0.0
portrait,portrait,1.0000001192092896,1.0,0.5,0.1778279410038923,1.0,0.0,1.0
portrait,portrait,1.0000001192092896,1.0,0.5,0.1778279410038923,1.0,0.0,1.0
landscape painting,landscape painting,0.9999998807907104,1.0,0.9375,0.316227766016838,1.0,1.0,1.0
landscape painting,landscape painting,0.9999998807907104,1.0,0.9375,0.316227766016838,1.0,1.0,1.0
mythological painting,mythological painting,1.0,1.0,0.9375,0.316227766016838,1.0,1.0,1.0
battle painting,history painting,0.7576523423194885,0.0,0.25,0.1495348781221221,0.5,0.0,0.5
landscape painting,landscape painting,0.9999998807907104,1.0,0.9375,0.316227766016838,1.0,1.0,1.0
figure painting,genre art,0.6636359691619873,0.0,0.0,0.0,0.0,0.0,0.0
portrait,nude,0.47282102704048157,0.0,0.0,0.0,0.0,0.0,0.0
portrait,portrait,1.0000001192092896,1.0,0.5,0.1778279410038923,1.0,0.0,1.0
portrait,portrait,1.0000001192092896,1.0,0.5,0.1778279410038923,1.0,0.0,1.0
landscape painting,landscape painting,0.9999998807907104,1.0,0.9375,0.316227766016838,1.0,1.0,1.0
still life,still life,1.0000001192092896,1.0,0.9375,0.316227766016838,1.0,1.0,1.0
landscape painting,landscape painting,0.9999998807907104,1.0,0.9375,0.316227766016838,1.0,1.0,1.0
portrait,portrait,1.0000001192092896,1.0,0.5,0.1778279410038923,1.0,0.0,1.0
religious art,religious art,0.9999997019767761,1.0,0.9375,0.316227766016838,1.0,1.0,1.0
religious art,religious art,0.9999997019767761,1.0,0.9375,0.316227766016838,1.0,1.0,1.0
portrait,portrait,1.0000001192092896,1.0,0.5,0.1778279410038923,1.0,0.0,1.0
"figure painting, religious art",religious art,0.840674877166748,0.0,0.4934210526315789,0.11633369384516798,0.6666666666666666,0.5,0.6666666666666666
"nude, portrait",nude,0.6623247861862183,0.0,0.2631578947368421,0.06541924356118012,0.6666666666666666,0.0,0.6666666666666666
cityscape,landscape painting,0.8310390710830688,0.0,0.0,0.0,0.0,0.0,0.0
portrait,portrait,1.0000001192092896,1.0,0.5,0.1778279410038923,1.0,0.0,1.0
portrait,portrait,1.0000001192092896,1.0,0.5,0.1778279410038923,1.0,0.0,1.0
cityscape,landscape painting,0.8310390710830688,0.0,0.0,0.0,0.0,0.0,0.0
"mythological painting, nude",mythological painting,0.9359908103942871,0.0,0.6465517241379309,0.19180183554164504,0.8,0.6666666666666666,0.8
portrait,portrait,1.0000001192092896,1.0,0.5,0.1778279410038923,1.0,0.0,1.0
landscape painting,landscape painting,0.9999998807907104,1.0,0.9375,0.316227766016838,1.0,1.0,1.0
landscape painting,landscape painting,0.9999998807907104,1.0,0.9375,0.316227766016838,1.0,1.0,1.0
religious art,religious art,0.9999997019767761,1.0,0.9375,0.316227766016838,1.0,1.0,1.0
religious art,religious art,0.9999997019767761,1.0,0.9375,0.316227766016838,1.0,1.0,1.0
portrait,portrait,1.0000001192092896,1.0,0.5,0.1778279410038923,1.0,0.0,1.0
religious art,religious art,0.9999997019767761,1.0,0.9375,0.316227766016838,1.0,1.0,1.0
portrait,portrait,1.0000001192092896,1.0,0.5,0.1778279410038923,1.0,0.0,1.0
portrait,portrait,1.0000001192092896,1.0,0.5,0.1778279410038923,1.0,0.0,1.0
landscape painting,landscape painting,0.9999998807907104,1.0,0.9375,0.316227766016838,1.0,1.0,1.0
family portrait,portrait,0.4043944776058197,0.0,0.2631578947368421,0.06541924356118012,0.6666666666666666,0.0,0.6666666666666666
marine art,landscape painting,0.8380733728408813,0.0,0.0,0.0,0.0,0.0,0.0
interior view,genre art,0.8077197074890137,0.0,0.0,0.0,0.0,0.0,0.0
Veduta,cityscape,0.8599342703819275,0.0,0.0,0.0,0.0,0.0,0.0
landscape painting,landscape painting,0.9999998807907104,1.0,0.9375,0.316227766016838,1.0,1.0,1.0
portrait,portrait,1.0000001192092896,1.0,0.5,0.1778279410038923,1.0,0.0,1.0
genre art,genre art,1.0,1.0,0.9375,0.316227766016838,1.0,1.0,1.0
landscape painting,landscape painting,0.9999998807907104,1.0,0.9375,0.316227766016838,1.0,1.0,1.0
genre art,genre art,1.0,1.0,0.9375,0.316227766016838,1.0,1.0,1.0
portrait,allegory,0.16212213039398193,0.0,0.0,0.0,0.0,0.0,0.0
portrait,portrait,1.0000001192092896,1.0,0.5,0.1778279410038923,1.0,0.0,1.0
portrait,portrait,1.0000001192092896,1.0,0.5,0.1778279410038923,1.0,0.0,1.0
religious art,religious art,0.9999997019767761,1.0,0.9375,0.316227766016838,1.0,1.0,1.0
genre art,genre art,1.0,1.0,0.9375,0.316227766016838,1.0,1.0,1.0
religious art,landscape painting,0.8595948815345764,0.0,0.0,0.0,0.0,0.0,0.0
"mythological painting, nude",genre art,0.6372977495193481,0.0,0.0,0.0,0.0,0.0,0.0
landscape painting,landscape painting,0.9999998807907104,1.0,0.9375,0.316227766016838,1.0,1.0,1.0
religious art,religious art,0.9999997019767761,1.0,0.9375,0.316227766016838,1.0,1.0,1.0
portrait,portrait,1.0000001192092896,1.0,0.5,0.1778279410038923,1.0,0.0,1.0
landscape painting,landscape painting,0.9999998807907104,1.0,0.9375,0.316227766016838,1.0,1.0,1.0
interior view,landscape painting,0.8462843894958496,0.0,0.0,0.0,0.0,0.0,0.0
landscape painting,animal art,0.8505774736404419,0.0,0.0,0.0,0.0,0.0,0.0
fruit painting,still life,0.7998130917549133,0.0,0.0,0.0,0.0,0.0,0.0
portrait,genre art,0.29055696725845337,0.0,0.0,0.0,0.0,0.0,0.0
religious art,religious art,0.9999997019767761,1.0,0.9375,0.316227766016838,1.0,1.0,1.0
mythological painting,mythological painting,1.0,1.0,0.9375,0.316227766016838,1.0,1.0,1.0
still life,still life,1.0000001192092896,1.0,0.9375,0.316227766016838,1.0,1.0,1.0
"landscape painting, marine art",cityscape,0.8200329542160034,0.0,0.0,0.0,0.0,0.0,0.0
mythological painting,mythological painting,1.0,1.0,0.9375,0.316227766016838,1.0,1.0,1.0
portrait,portrait,1.0000001192092896,1.0,0.5,0.1778279410038923,1.0,0.0,1.0
religious art,religious art,0.9999997019767761,1.0,0.9375,0.316227766016838,1.0,1.0,1.0
religious art,religious art,0.9999997019767761,1.0,0.9375,0.316227766016838,1.0,1.0,1.0
portrait,portrait,1.0000001192092896,1.0,0.5,0.1778279410038923,1.0,0.0,1.0
landscape painting,landscape painting,0.9999998807907104,1.0,0.9375,0.316227766016838,1.0,1.0,1.0
portrait,portrait,1.0000001192092896,1.0,0.5,0.1778279410038923,1.0,0.0,1.0
religious art,religious art,0.9999997019767761,1.0,0.9375,0.316227766016838,1.0,1.0,1.0
self-portrait,self-portrait,1.0000001192092896,1.0,0.5,0.1778279410038923,1.0,0.0,1.0
portrait,portrait,1.0000001192092896,1.0,0.5,0.1778279410038923,1.0,0.0,1.0
landscape painting,landscape painting,0.9999998807907104,1.0,0.9375,0.316227766016838,1.0,1.0,1.0
"genre art, religious art",religious art,0.8917866945266724,0.0,0.4934210526315789,0.11633369384516798,0.6666666666666666,0.5,0.6666666666666666
portrait,portrait,1.0000001192092896,1.0,0.5,0.1778279410038923,1.0,0.0,1.0
religious art,religious art,0.9999997019767761,1.0,0.9375,0.316227766016838,1.0,1.0,1.0
abstract art,abstract art,1.0000001192092896,1.0,0.9375,0.316227766016838,1.0,1.0,1.0
cityscape,landscape painting,0.8310390710830688,0.0,0.0,0.0,0.0,0.0,0.0
religious art,religious art,0.9999997019767761,1.0,0.9375,0.316227766016838,1.0,1.0,1.0
religious art,religious art,0.9999997019767761,1.0,0.9375,0.316227766016838,1.0,1.0,1.0
religious art,religious art,0.9999997019767761,1.0,0.9375,0.316227766016838,1.0,1.0,1.0
portrait,portrait,1.0000001192092896,1.0,0.5,0.1778279410038923,1.0,0.0,1.0
allegory,religious art,0.8643044829368591,0.0,0.0,0.0,0.0,0.0,0.0
religious art,history painting,0.7629304528236389,0.0,0.0,0.0,0.0,0.0,0.0
religious art,religious art,0.9999997019767761,1.0,0.9375,0.316227766016838,1.0,1.0,1.0
portrait,portrait,1.0000001192092896,1.0,0.5,0.1778279410038923,1.0,0.0,1.0
portrait,genre art,0.29055696725845337,0.0,0.0,0.0,0.0,0.0,0.0
mythological painting,mythological painting,1.0,1.0,0.9375,0.316227766016838,1.0,1.0,1.0
religious art,religious art,0.9999997019767761,1.0,0.9375,0.316227766016838,1.0,1.0,1.0
allegory,mythological painting,0.826589047908783,0.0,0.0,0.0,0.0,0.0,0.0
religious art,religious art,0.9999997019767761,1.0,0.9375,0.316227766016838,1.0,1.0,1.0
still life,still life,1.0000001192092896,1.0,0.9375,0.316227766016838,1.0,1.0,1.0
miniature,portrait,0.9178664684295654,0.0,0.0,0.0,0.0,0.0,0.0
religious art,religious art,0.9999997019767761,1.0,0.9375,0.316227766016838,1.0,1.0,1.0
portrait,self-portrait,-0.04053501412272453,0.0,0.0,0.0,0.0,0.0,0.0
landscape painting,landscape painting,0.9999998807907104,1.0,0.9375,0.316227766016838,1.0,1.0,1.0
landscape painting,landscape painting,0.9999998807907104,1.0,0.9375,0.316227766016838,1.0,1.0,1.0
portrait,portrait,1.0000001192092896,1.0,0.5,0.1778279410038923,1.0,0.0,1.0
portrait,portrait,1.0000001192092896,1.0,0.5,0.1778279410038923,1.0,0.0,1.0
marine art,marine art,1.0,1.0,0.9375,0.316227766016838,1.0,1.0,1.0
"allegory, mythological painting",mythological painting,0.8539587259292603,0.0,0.6465517241379309,0.19180183554164504,0.8,0.6666666666666666,0.8
landscape painting,landscape painting,0.9999998807907104,1.0,0.9375,0.316227766016838,1.0,1.0,1.0
religious art,religious art,0.9999997019767761,1.0,0.9375,0.316227766016838,1.0,1.0,1.0
allegory,religious art,0.8643044829368591,0.0,0.0,0.0,0.0,0.0,0.0
mythological painting,mythological painting,1.0,1.0,0.9375,0.316227766016838,1.0,1.0,1.0
portrait,portrait,1.0000001192092896,1.0,0.5,0.1778279410038923,1.0,0.0,1.0
portrait,portrait,1.0000001192092896,1.0,0.5,0.1778279410038923,1.0,0.0,1.0
religious art,religious art,0.9999997019767761,1.0,0.9375,0.316227766016838,1.0,1.0,1.0
mythological painting,mythological painting,1.0,1.0,0.9375,0.316227766016838,1.0,1.0,1.0
landscape painting,landscape painting,0.9999998807907104,1.0,0.9375,0.316227766016838,1.0,1.0,1.0
religious art,religious art,0.9999997019767761,1.0,0.9375,0.316227766016838,1.0,1.0,1.0
"history painting, nude",religious art,0.8243487477302551,0.0,0.0,0.0,0.0,0.0,0.0
capriccio,landscape painting,0.7944033741950989,0.0,0.0,0.0,0.0,0.0,0.0
landscape painting,landscape painting,0.9999998807907104,1.0,0.9375,0.316227766016838,1.0,1.0,1.0
architectural painting,landscape painting,0.9429627060890198,0.0,0.25,0.1495348781221221,0.5,0.0,0.5
religious art,religious art,0.9999997019767761,1.0,0.9375,0.316227766016838,1.0,1.0,1.0
portrait,portrait,1.0000001192092896,1.0,0.5,0.1778279410038923,1.0,0.0,1.0
portrait,portrait,1.0000001192092896,1.0,0.5,0.1778279410038923,1.0,0.0,1.0
genre art,religious art,0.826835036277771,0.0,0.25,0.1495348781221221,0.5,0.0,0.5
genre art,religious art,0.826835036277771,0.0,0.25,0.1495348781221221,0.5,0.0,0.5
portrait,portrait,1.0000001192092896,1.0,0.5,0.1778279410038923,1.0,0.0,1.0
"mythological painting, nude",nude,0.5866191387176514,0.0,0.17857142857142855,0.024066394763145416,0.5,0.0,0.5
floral painting,still life,0.713930606842041,0.0,0.0,0.0,0.0,0.0,0.0
self-portrait,self-portrait,1.0000001192092896,1.0,0.5,0.1778279410038923,1.0,0.0,1.0
cityscape,cityscape,0.9999999403953552,1.0,0.5,0.1778279410038923,1.0,0.0,1.0
landscape painting,landscape painting,0.9999998807907104,1.0,0.9375,0.316227766016838,1.0,1.0,1.0
religious art,religious art,0.9999997019767761,1.0,0.9375,0.316227766016838,1.0,1.0,1.0
portrait,portrait,1.0000001192092896,1.0,0.5,0.1778279410038923,1.0,0.0,1.0
landscape painting,landscape painting,0.9999998807907104,1.0,0.9375,0.316227766016838,1.0,1.0,1.0
landscape painting,landscape painting,0.9999998807907104,1.0,0.9375,0.316227766016838,1.0,1.0,1.0
religious art,religious art,0.9999997019767761,1.0,0.9375,0.316227766016838,1.0,1.0,1.0
landscape painting,landscape painting,0.9999998807907104,1.0,0.9375,0.316227766016838,1.0,1.0,1.0
portrait,portrait,1.0000001192092896,1.0,0.5,0.1778279410038923,1.0,0.0,1.0
religious art,religious art,0.9999997019767761,1.0,0.9375,0.316227766016838,1.0,1.0,1.0
religious art,religious art,0.9999997019767761,1.0,0.9375,0.316227766016838,1.0,1.0,1.0
religious art,religious art,0.9999997019767761,1.0,0.9375,0.316227766016838,1.0,1.0,1.0
portrait,portrait,1.0000001192092896,1.0,0.5,0.1778279410038923,1.0,0.0,1.0
allegory,religious art,0.8643044829368591,0.0,0.0,0.0,0.0,0.0,0.0
portrait,portrait,1.0000001192092896,1.0,0.5,0.1778279410038923,1.0,0.0,1.0
religious art,religious art,0.9999997019767761,1.0,0.9375,0.316227766016838,1.0,1.0,1.0
portrait,portrait,1.0000001192092896,1.0,0.5,0.1778279410038923,1.0,0.0,1.0
portrait,portrait,1.0000001192092896,1.0,0.5,0.1778279410038923,1.0,0.0,1.0
marine art,marine art,1.0,1.0,0.9375,0.316227766016838,1.0,1.0,1.0
religious art,religious art,0.9999997019767761,1.0,0.9375,0.316227766016838,1.0,1.0,1.0
"genre art, nude",history painting,0.6708741784095764,0.0,0.0,0.0,0.0,0.0,0.0
idyll,landscape painting,0.8053040504455566,0.0,0.0,0.0,0.0,0.0,0.0
religious art,religious art,0.9999997019767761,1.0,0.9375,0.316227766016838,1.0,1.0,1.0
portrait,portrait,1.0000001192092896,1.0,0.5,0.1778279410038923,1.0,0.0,1.0
"history painting, marine art",history painting,0.6659449934959412,0.0,0.4934210526315789,0.11633369384516798,0.6666666666666666,0.5,0.6666666666666666
portrait,portrait,1.0000001192092896,1.0,0.5,0.1778279410038923,1.0,0.0,1.0
still life,still life,1.0000001192092896,1.0,0.9375,0.316227766016838,1.0,1.0,1.0
landscape painting,landscape painting,0.9999998807907104,1.0,0.9375,0.316227766016838,1.0,1.0,1.0
genre art,genre art,1.0,1.0,0.9375,0.316227766016838,1.0,1.0,1.0
portrait,portrait,1.0000001192092896,1.0,0.5,0.1778279410038923,1.0,0.0,1.0
still life,still life,1.0000001192092896,1.0,0.9375,0.316227766016838,1.0,1.0,1.0
portrait,portrait,1.0000001192092896,1.0,0.5,0.1778279410038923,1.0,0.0,1.0
"mythological painting, nude",mythological painting,0.9359908103942871,0.0,0.6465517241379309,0.19180183554164504,0.8,0.6666666666666666,0.8
still life,still life,1.0000001192092896,1.0,0.9375,0.316227766016838,1.0,1.0,1.0
religious art,religious art,0.9999997019767761,1.0,0.9375,0.316227766016838,1.0,1.0,1.0
genre art,genre art,1.0,1.0,0.9375,0.316227766016838,1.0,1.0,1.0
cityscape,cityscape,0.9999999403953552,1.0,0.5,0.1778279410038923,1.0,0.0,1.0
landscape painting,landscape painting,0.9999998807907104,1.0,0.9375,0.316227766016838,1.0,1.0,1.0
landscape painting,landscape painting,0.9999998807907104,1.0,0.9375,0.316227766016838,1.0,1.0,1.0
landscape painting,landscape painting,0.9999998807907104,1.0,0.9375,0.316227766016838,1.0,1.0,1.0
portrait,portrait,1.0000001192092896,1.0,0.5,0.1778279410038923,1.0,0.0,1.0
landscape painting,landscape painting,0.9999998807907104,1.0,0.9375,0.316227766016838,1.0,1.0,1.0
portrait,portrait,1.0000001192092896,1.0,0.5,0.1778279410038923,1.0,0.0,1.0
portrait,portrait,1.0000001192092896,1.0,0.5,0.1778279410038923,1.0,0.0,1.0
"floral painting, still life",still life,0.8851811289787292,0.0,0.4934210526315789,0.11633369384516798,0.6666666666666666,0.5,0.6666666666666666
genre art,history painting,0.6811609864234924,0.0,0.0,0.0,0.0,0.0,0.0
genre art,genre art,1.0,1.0,0.9375,0.316227766016838,1.0,1.0,1.0
group portrait,portrait,0.24276117980480194,0.0,0.2631578947368421,0.06541924356118012,0.6666666666666666,0.0,0.6666666666666666
religious art,religious art,0.9999997019767761,1.0,0.9375,0.316227766016838,1.0,1.0,1.0
religious art,religious art,0.9999997019767761,1.0,0.9375,0.316227766016838,1.0,1.0,1.0
portrait,portrait,1.0000001192092896,1.0,0.5,0.1778279410038923,1.0,0.0,1.0
portrait,portrait,1.0000001192092896,1.0,0.5,0.1778279410038923,1.0,0.0,1.0
religious art,landscape painting,0.8595948815345764,0.0,0.0,0.0,0.0,0.0,0.0
religious art,religious art,0.9999997019767761,1.0,0.9375,0.316227766016838,1.0,1.0,1.0
landscape painting,landscape painting,0.9999998807907104,1.0,0.9375,0.316227766016838,1.0,1.0,1.0
portrait,self-portrait,-0.04053501412272453,0.0,0.0,0.0,0.0,0.0,0.0
genre art,religious art,0.826835036277771,0.0,0.25,0.1495348781221221,0.5,0.0,0.5
religious art,religious art,0.9999997019767761,1.0,0.9375,0.316227766016838,1.0,1.0,1.0
cityscape,cityscape,0.9999999403953552,1.0,0.5,0.1778279410038923,1.0,0.0,1.0
landscape painting,landscape painting,0.9999998807907104,1.0,0.9375,0.316227766016838,1.0,1.0,1.0
portrait,portrait,1.0000001192092896,1.0,0.5,0.1778279410038923,1.0,0.0,1.0
animal art,animal art,1.0,1.0,0.9375,0.316227766016838,1.0,1.0,1.0
genre art,genre art,1.0,1.0,0.9375,0.316227766016838,1.0,1.0,1.0
floral painting,floral painting,1.0,1.0,0.9375,0.316227766016838,1.0,1.0,1.0
religious art,religious art,0.9999997019767761,1.0,0.9375,0.316227766016838,1.0,1.0,1.0
portrait,portrait,1.0000001192092896,1.0,0.5,0.1778279410038923,1.0,0.0,1.0
marine art,marine art,1.0,1.0,0.9375,0.316227766016838,1.0,1.0,1.0
marine art,marine art,1.0,1.0,0.9375,0.316227766016838,1.0,1.0,1.0
portrait,portrait,1.0000001192092896,1.0,0.5,0.1778279410038923,1.0,0.0,1.0
portrait,portrait,1.0000001192092896,1.0,0.5,0.1778279410038923,1.0,0.0,1.0
landscape painting,landscape painting,0.9999998807907104,1.0,0.9375,0.316227766016838,1.0,1.0,1.0
capriccio,landscape painting,0.7944033741950989,0.0,0.0,0.0,0.0,0.0,0.0
portrait,portrait,1.0000001192092896,1.0,0.5,0.1778279410038923,1.0,0.0,1.0
"capriccio, landscape painting, marine art",landscape painting,0.8237060308456421,0.0,0.39893617021276595,0.07055995207471726,0.5714285714285715,0.4,0.5714285714285715
portrait,portrait,1.0000001192092896,1.0,0.5,0.1778279410038923,1.0,0.0,1.0
church interior,interior view,0.7779779434204102,0.0,0.25,0.1495348781221221,0.5,0.0,0.5
religious art,genre art,0.826835036277771,0.0,0.25,0.1495348781221221,0.5,0.0,0.5
religious art,religious art,0.9999997019767761,1.0,0.9375,0.316227766016838,1.0,1.0,1.0
genre art,genre art,1.0,1.0,0.9375,0.316227766016838,1.0,1.0,1.0
portrait,portrait,1.0000001192092896,1.0,0.5,0.1778279410038923,1.0,0.0,1.0
religious art,religious art,0.9999997019767761,1.0,0.9375,0.316227766016838,1.0,1.0,1.0
landscape painting,landscape painting,0.9999998807907104,1.0,0.9375,0.316227766016838,1.0,1.0,1.0
portrait,portrait,1.0000001192092896,1.0,0.5,0.1778279410038923,1.0,0.0,1.0
portrait,portrait,1.0000001192092896,1.0,0.5,0.1778279410038923,1.0,0.0,1.0
mythological painting,portrait,0.1130141168832779,0.0,0.0,0.0,0.0,0.0,0.0
portrait,portrait,1.0000001192092896,1.0,0.5,0.1778279410038923,1.0,0.0,1.0
religious art,religious art,0.9999997019767761,1.0,0.9375,0.316227766016838,1.0,1.0,1.0
portrait,portrait,1.0000001192092896,1.0,0.5,0.1778279410038923,1.0,0.0,1.0
landscape painting,landscape painting,0.9999998807907104,1.0,0.9375,0.316227766016838,1.0,1.0,1.0
portrait,portrait,1.0000001192092896,1.0,0.5,0.1778279410038923,1.0,0.0,1.0
landscape painting,landscape painting,0.9999998807907104,1.0,0.9375,0.316227766016838,1.0,1.0,1.0
landscape painting,landscape painting,0.9999998807907104,1.0,0.9375,0.316227766016838,1.0,1.0,1.0
portrait,portrait,1.0000001192092896,1.0,0.5,0.1778279410038923,1.0,0.0,1.0
religious art,religious art,0.9999997019767761,1.0,0.9375,0.316227766016838,1.0,1.0,1.0
portrait,portrait,1.0000001192092896,1.0,0.5,0.1778279410038923,1.0,0.0,1.0
Veduta,landscape painting,0.8186986446380615,0.0,0.0,0.0,0.0,0.0,0.0
"group portrait, portrait",self-portrait,0.7858507633209229,0.0,0.0,0.0,0.0,0.0,0.0
"nude, portrait",genre art,0.6278521418571472,0.0,0.0,0.0,0.0,0.0,0.0
religious art,religious art,0.9999997019767761,1.0,0.9375,0.316227766016838,1.0,1.0,1.0
history painting,history painting,1.0,1.0,0.9375,0.316227766016838,1.0,1.0,1.0
portrait,portrait,1.0000001192092896,1.0,0.5,0.1778279410038923,1.0,0.0,1.0
religious art,religious art,0.9999997019767761,1.0,0.9375,0.316227766016838,1.0,1.0,1.0
landscape painting,landscape painting,0.9999998807907104,1.0,0.9375,0.316227766016838,1.0,1.0,1.0
religious art,religious art,0.9999997019767761,1.0,0.9375,0.316227766016838,1.0,1.0,1.0
self-portrait,self-portrait,1.0000001192092896,1.0,0.5,0.1778279410038923,1.0,0.0,1.0
history painting,history painting,1.0,1.0,0.9375,0.316227766016838,1.0,1.0,1.0
portrait,portrait,1.0000001192092896,1.0,0.5,0.1778279410038923,1.0,0.0,1.0
religious art,religious art,0.9999997019767761,1.0,0.9375,0.316227766016838,1.0,1.0,1.0
landscape painting,landscape painting,0.9999998807907104,1.0,0.9375,0.316227766016838,1.0,1.0,1.0
"animal art, landscape painting",landscape painting,0.8799904584884644,0.0,0.4934210526315789,0.11633369384516798,0.6666666666666666,0.5,0.6666666666666666
history painting,portrait,0.5137560367584229,0.0,0.0,0.0,0.0,0.0,0.0
portrait,portrait,1.0000001192092896,1.0,0.5,0.1778279410038923,1.0,0.0,1.0
portrait,portrait,1.0000001192092896,1.0,0.5,0.1778279410038923,1.0,0.0,1.0
landscape painting,landscape painting,0.9999998807907104,1.0,0.9375,0.316227766016838,1.0,1.0,1.0
landscape painting,marine art,0.8380733728408813,0.0,0.0,0.0,0.0,0.0,0.0
portrait,portrait,1.0000001192092896,1.0,0.5,0.1778279410038923,1.0,0.0,1.0
landscape painting,landscape painting,0.9999998807907104,1.0,0.9375,0.316227766016838,1.0,1.0,1.0
"genre art, nude",nude,0.6904810667037964,0.0,0.17857142857142855,0.024066394763145416,0.5,0.0,0.5
religious art,religious art,0.9999997019767761,1.0,0.9375,0.316227766016838,1.0,1.0,1.0
floral painting,still life,0.713930606842041,0.0,0.0,0.0,0.0,0.0,0.0
portrait,portrait,1.0000001192092896,1.0,0.5,0.1778279410038923,1.0,0.0,1.0
religious art,religious art,0.9999997019767761,1.0,0.9375,0.316227766016838,1.0,1.0,1.0
landscape painting,landscape painting,0.9999998807907104,1.0,0.9375,0.316227766016838,1.0,1.0,1.0
floral painting,floral painting,1.0,1.0,0.9375,0.316227766016838,1.0,1.0,1.0
portrait,portrait,1.0000001192092896,1.0,0.5,0.1778279410038923,1.0,0.0,1.0
landscape painting,landscape painting,0.9999998807907104,1.0,0.9375,0.316227766016838,1.0,1.0,1.0
genre art,history painting,0.6811609864234924,0.0,0.0,0.0,0.0,0.0,0.0
portrait,portrait,1.0000001192092896,1.0,0.5,0.1778279410038923,1.0,0.0,1.0
portrait,portrait,1.0000001192092896,1.0,0.5,0.1778279410038923,1.0,0.0,1.0
church interior,religious art,0.7496917247772217,0.0,0.0,0.0,0.0,0.0,0.0
"history painting, nude",religious art,0.8243487477302551,0.0,0.0,0.0,0.0,0.0,0.0
mythological painting,mythological painting,1.0,1.0,0.9375,0.316227766016838,1.0,1.0,1.0
religious art,religious art,0.9999997019767761,1.0,0.9375,0.316227766016838,1.0,1.0,1.0
landscape painting,landscape painting,0.9999998807907104,1.0,0.9375,0.316227766016838,1.0,1.0,1.0
allegory,mythological painting,0.826589047908783,0.0,0.0,0.0,0.0,0.0,0.0
religious art,portrait,0.16929467022418976,0.0,0.0,0.0,0.0,0.0,0.0
mythological painting,mythological painting,1.0,1.0,0.9375,0.316227766016838,1.0,1.0,1.0
religious art,religious art,0.9999997019767761,1.0,0.9375,0.316227766016838,1.0,1.0,1.0
portrait,portrait,1.0000001192092896,1.0,0.5,0.1778279410038923,1.0,0.0,1.0
still life,still life,1.0000001192092896,1.0,0.9375,0.316227766016838,1.0,1.0,1.0
portrait,portrait,1.0000001192092896,1.0,0.5,0.1778279410038923,1.0,0.0,1.0
equestrian portrait,equestrian portrait,1.0,1.0,0.9375,0.316227766016838,1.0,1.0,1.0
portrait,portrait,1.0000001192092896,1.0,0.5,0.1778279410038923,1.0,0.0,1.0
mythological painting,mythological painting,1.0,1.0,0.9375,0.316227766016838,1.0,1.0,1.0
religious art,religious art,0.9999997019767761,1.0,0.9375,0.316227766016838,1.0,1.0,1.0
history painting,history painting,1.0,1.0,0.9375,0.316227766016838,1.0,1.0,1.0
religious art,religious art,0.9999997019767761,1.0,0.9375,0.316227766016838,1.0,1.0,1.0
self-portrait,portrait,-0.04053501412272453,0.0,0.0,0.0,0.0,0.0,0.0
landscape painting,landscape painting,0.9999998807907104,1.0,0.9375,0.316227766016838,1.0,1.0,1.0
portrait,portrait,1.0000001192092896,1.0,0.5,0.1778279410038923,1.0,0.0,1.0
religious art,religious art,0.9999997019767761,1.0,0.9375,0.316227766016838,1.0,1.0,1.0
portrait,portrait,1.0000001192092896,1.0,0.5,0.1778279410038923,1.0,0.0,1.0
religious art,religious art,0.9999997019767761,1.0,0.9375,0.316227766016838,1.0,1.0,1.0
cityscape,landscape painting,0.8310390710830688,0.0,0.0,0.0,0.0,0.0,0.0
landscape painting,landscape painting,0.9999998807907104,1.0,0.9375,0.316227766016838,1.0,1.0,1.0
portrait,portrait,1.0000001192092896,1.0,0.5,0.1778279410038923,1.0,0.0,1.0
mythological painting,mythological painting,1.0,1.0,0.9375,0.316227766016838,1.0,1.0,1.0
cityscape,cityscape,0.9999999403953552,1.0,0.5,0.1778279410038923,1.0,0.0,1.0
landscape painting,landscape painting,0.9999998807907104,1.0,0.9375,0.316227766016838,1.0,1.0,1.0
religious art,religious art,0.9999997019767761,1.0,0.9375,0.316227766016838,1.0,1.0,1.0
religious art,religious art,0.9999997019767761,1.0,0.9375,0.316227766016838,1.0,1.0,1.0
history painting,religious art,0.7629304528236389,0.0,0.0,0.0,0.0,0.0,0.0
Veduta,cityscape,0.8599342703819275,0.0,0.0,0.0,0.0,0.0,0.0
portrait,portrait,1.0000001192092896,1.0,0.5,0.1778279410038923,1.0,0.0,1.0
interior view,history painting,0.7610577940940857,0.0,0.0,0.0,0.0,0.0,0.0
"history painting, marine art",marine art,0.9036584496498108,0.0,0.4934210526315789,0.11633369384516798,0.6666666666666666,0.5,0.6666666666666666
landscape painting,landscape painting,0.9999998807907104,1.0,0.9375,0.316227766016838,1.0,1.0,1.0
religious art,religious art,0.9999997019767761,1.0,0.9375,0.316227766016838,1.0,1.0,1.0
portrait,portrait,1.0000001192092896,1.0,0.5,0.1778279410038923,1.0,0.0,1.0
"landscape painting, marine art",landscape painting,0.8596783876419067,0.0,0.4934210526315789,0.11633369384516798,0.6666666666666666,0.5,0.6666666666666666
portrait,portrait,1.0000001192092896,1.0,0.5,0.1778279410038923,1.0,0.0,1.0
still life,still life,1.0000001192092896,1.0,0.9375,0.316227766016838,1.0,1.0,1.0
still life,still life,1.0000001192092896,1.0,0.9375,0.316227766016838,1.0,1.0,1.0
portrait,portrait,1.0000001192092896,1.0,0.5,0.1778279410038923,1.0,0.0,1.0
portrait,portrait,1.0000001192092896,1.0,0.5,0.1778279410038923,1.0,0.0,1.0
portrait,portrait,1.0000001192092896,1.0,0.5,0.1778279410038923,1.0,0.0,1.0
religious art,religious art,0.9999997019767761,1.0,0.9375,0.316227766016838,1.0,1.0,1.0
"genre art, nude, religious art",mythological painting,0.8540575504302979,0.0,0.0,0.0,0.0,0.0,0.0
portrait,portrait,1.0000001192092896,1.0,0.5,0.1778279410038923,1.0,0.0,1.0
religious art,religious art,0.9999997019767761,1.0,0.9375,0.316227766016838,1.0,1.0,1.0
history painting,history painting,1.0,1.0,0.9375,0.316227766016838,1.0,1.0,1.0
portrait,portrait,1.0000001192092896,1.0,0.5,0.1778279410038923,1.0,0.0,1.0
genre art,genre art,1.0,1.0,0.9375,0.316227766016838,1.0,1.0,1.0
portrait,portrait,1.0000001192092896,1.0,0.5,0.1778279410038923,1.0,0.0,1.0
architectural view,cityscape,0.8454485535621643,0.0,0.0,0.0,0.0,0.0,0.0
portrait,portrait,1.0000001192092896,1.0,0.5,0.1778279410038923,1.0,0.0,1.0
allegory,genre art,0.7956649661064148,0.0,0.0,0.0,0.0,0.0,0.0
landscape painting,landscape painting,0.9999998807907104,1.0,0.9375,0.316227766016838,1.0,1.0,1.0
landscape painting,landscape painting,0.9999998807907104,1.0,0.9375,0.316227766016838,1.0,1.0,1.0
religious art,religious art,0.9999997019767761,1.0,0.9375,0.316227766016838,1.0,1.0,1.0
religious art,religious art,0.9999997019767761,1.0,0.9375,0.316227766016838,1.0,1.0,1.0
self-portrait,portrait,-0.04053501412272453,0.0,0.0,0.0,0.0,0.0,0.0
portrait,portrait,1.0000001192092896,1.0,0.5,0.1778279410038923,1.0,0.0,1.0
portrait,portrait,1.0000001192092896,1.0,0.5,0.1778279410038923,1.0,0.0,1.0
landscape painting,landscape painting,0.9999998807907104,1.0,0.9375,0.316227766016838,1.0,1.0,1.0
religious art,religious art,0.9999997019767761,1.0,0.9375,0.316227766016838,1.0,1.0,1.0
"family portrait, self-portrait",portrait,-0.08509871363639832,0.0,0.17857142857142855,0.024066394763145416,0.5,0.0,0.5
religious art,religious art,0.9999997019767761,1.0,0.9375,0.316227766016838,1.0,1.0,1.0
religious art,religious art,0.9999997019767761,1.0,0.9375,0.316227766016838,1.0,1.0,1.0
Veduta,cityscape,0.8599342703819275,0.0,0.0,0.0,0.0,0.0,0.0
religious art,religious art,0.9999997019767761,1.0,0.9375,0.316227766016838,1.0,1.0,1.0
mythological painting,religious art,0.8692233562469482,0.0,0.0,0.0,0.0,0.0,0.0
portrait,portrait,1.0000001192092896,1.0,0.5,0.1778279410038923,1.0,0.0,1.0
landscape painting,landscape painting,0.9999998807907104,1.0,0.9375,0.316227766016838,1.0,1.0,1.0
portrait,portrait,1.0000001192092896,1.0,0.5,0.1778279410038923,1.0,0.0,1.0
still life,still life,1.0000001192092896,1.0,0.9375,0.316227766016838,1.0,1.0,1.0
genre art,genre art,1.0,1.0,0.9375,0.316227766016838,1.0,1.0,1.0
mythological painting,mythological painting,1.0,1.0,0.9375,0.316227766016838,1.0,1.0,1.0
religious art,religious art,0.9999997019767761,1.0,0.9375,0.316227766016838,1.0,1.0,1.0
landscape painting,marine art,0.8380733728408813,0.0,0.0,0.0,0.0,0.0,0.0
portrait,portrait,1.0000001192092896,1.0,0.5,0.1778279410038923,1.0,0.0,1.0
religious art,religious art,0.9999997019767761,1.0,0.9375,0.316227766016838,1.0,1.0,1.0
genre art,genre art,1.0,1.0,0.9375,0.316227766016838,1.0,1.0,1.0
religious art,religious art,0.9999997019767761,1.0,0.9375,0.316227766016838,1.0,1.0,1.0
cityscape,cityscape,0.9999999403953552,1.0,0.5,0.1778279410038923,1.0,0.0,1.0
religious art,religious art,0.9999997019767761,1.0,0.9375,0.316227766016838,1.0,1.0,1.0
history painting,history painting,1.0,1.0,0.9375,0.316227766016838,1.0,1.0,1.0
genre art,portrait,0.29055696725845337,0.0,0.0,0.0,0.0,0.0,0.0
portrait,portrait,1.0000001192092896,1.0,0.5,0.1778279410038923,1.0,0.0,1.0
landscape painting,landscape painting,0.9999998807907104,1.0,0.9375,0.316227766016838,1.0,1.0,1.0
allegory,mythological painting,0.826589047908783,0.0,0.0,0.0,0.0,0.0,0.0
still life,portrait,0.12498737871646881,0.0,0.0,0.0,0.0,0.0,0.0
mythological painting,mythological painting,1.0,1.0,0.9375,0.316227766016838,1.0,1.0,1.0
"history painting, nude",nude,0.5885366797447205,0.0,0.17857142857142855,0.024066394763145416,0.5,0.0,0.5
portrait,portrait,1.0000001192092896,1.0,0.5,0.1778279410038923,1.0,0.0,1.0
landscape painting,landscape painting,0.9999998807907104,1.0,0.9375,0.316227766016838,1.0,1.0,1.0
landscape painting,landscape painting,0.9999998807907104,1.0,0.9375,0.316227766016838,1.0,1.0,1.0
history painting,marine art,0.7412787675857544,0.0,0.0,0.0,0.0,0.0,0.0
portrait,portrait,1.0000001192092896,1.0,0.5,0.1778279410038923,1.0,0.0,1.0
"mythological painting, nude",mythological painting,0.9359908103942871,0.0,0.6465517241379309,0.19180183554164504,0.8,0.6666666666666666,0.8
religious art,religious art,0.9999997019767761,1.0,0.9375,0.316227766016838,1.0,1.0,1.0
history painting,genre art,0.6811609864234924,0.0,0.0,0.0,0.0,0.0,0.0
genre art,genre art,1.0,1.0,0.9375,0.316227766016838,1.0,1.0,1.0
landscape painting,landscape painting,0.9999998807907104,1.0,0.9375,0.316227766016838,1.0,1.0,1.0
"mythological painting, nude",mythological painting,0.9359908103942871,0.0,0.6465517241379309,0.19180183554164504,0.8,0.6666666666666666,0.8
religious art,religious art,0.9999997019767761,1.0,0.9375,0.316227766016838,1.0,1.0,1.0
still life,still life,1.0000001192092896,1.0,0.9375,0.316227766016838,1.0,1.0,1.0
landscape painting,landscape painting,0.9999998807907104,1.0,0.9375,0.316227766016838,1.0,1.0,1.0
interior view,portrait,0.1948389708995819,0.0,0.0,0.0,0.0,0.0,0.0
religious art,religious art,0.9999997019767761,1.0,0.9375,0.316227766016838,1.0,1.0,1.0
self-portrait,portrait,-0.04053501412272453,0.0,0.0,0.0,0.0,0.0,0.0
genre art,genre art,1.0,1.0,0.9375,0.316227766016838,1.0,1.0,1.0
portrait,portrait,1.0000001192092896,1.0,0.5,0.1778279410038923,1.0,0.0,1.0
portrait,portrait,1.0000001192092896,1.0,0.5,0.1778279410038923,1.0,0.0,1.0
religious art,religious art,0.9999997019767761,1.0,0.9375,0.316227766016838,1.0,1.0,1.0
"landscape painting, marine art",landscape painting,0.8596783876419067,0.0,0.4934210526315789,0.11633369384516798,0.6666666666666666,0.5,0.6666666666666666
portrait,portrait,1.0000001192092896,1.0,0.5,0.1778279410038923,1.0,0.0,1.0
religious art,religious art,0.9999997019767761,1.0,0.9375,0.316227766016838,1.0,1.0,1.0
portrait,portrait,1.0000001192092896,1.0,0.5,0.1778279410038923,1.0,0.0,1.0
portrait,portrait,1.0000001192092896,1.0,0.5,0.1778279410038923,1.0,0.0,1.0
portrait,portrait,1.0000001192092896,1.0,0.5,0.1778279410038923,1.0,0.0,1.0
"mythological painting, nude",mythological painting,0.9359908103942871,0.0,0.6465517241379309,0.19180183554164504,0.8,0.6666666666666666,0.8
landscape painting,landscape painting,0.9999998807907104,1.0,0.9375,0.316227766016838,1.0,1.0,1.0
portrait,portrait,1.0000001192092896,1.0,0.5,0.1778279410038923,1.0,0.0,1.0
religious art,religious art,0.9999997019767761,1.0,0.9375,0.316227766016838,1.0,1.0,1.0
genre art,genre art,1.0,1.0,0.9375,0.316227766016838,1.0,1.0,1.0
self-portrait,self-portrait,1.0000001192092896,1.0,0.5,0.1778279410038923,1.0,0.0,1.0
"landscape painting, marine art",landscape painting,0.8596783876419067,0.0,0.4934210526315789,0.11633369384516798,0.6666666666666666,0.5,0.6666666666666666
mythological painting,mythological painting,1.0,1.0,0.9375,0.316227766016838,1.0,1.0,1.0
religious art,religious art,0.9999997019767761,1.0,0.9375,0.316227766016838,1.0,1.0,1.0
church interior,church interior,0.9999998807907104,1.0,0.9375,0.316227766016838,1.0,1.0,1.0
interior view,genre art,0.8077197074890137,0.0,0.0,0.0,0.0,0.0,0.0
religious art,religious art,0.9999997019767761,1.0,0.9375,0.316227766016838,1.0,1.0,1.0
portrait,portrait,1.0000001192092896,1.0,0.5,0.1778279410038923,1.0,0.0,1.0
religious art,religious art,0.9999997019767761,1.0,0.9375,0.316227766016838,1.0,1.0,1.0
landscape painting,landscape painting,0.9999998807907104,1.0,0.9375,0.316227766016838,1.0,1.0,1.0
portrait,portrait,1.0000001192092896,1.0,0.5,0.1778279410038923,1.0,0.0,1.0
mythological painting,mythological painting,1.0,1.0,0.9375,0.316227766016838,1.0,1.0,1.0
portrait,portrait,1.0000001192092896,1.0,0.5,0.1778279410038923,1.0,0.0,1.0
portrait,portrait,1.0000001192092896,1.0,0.5,0.1778279410038923,1.0,0.0,1.0
landscape painting,genre art,0.7666229605674744,0.0,0.0,0.0,0.0,0.0,0.0
floral painting,still life,0.713930606842041,0.0,0.0,0.0,0.0,0.0,0.0
religious art,religious art,0.9999997019767761,1.0,0.9375,0.316227766016838,1.0,1.0,1.0
capriccio,mythological painting,0.8342739939689636,0.0,0.0,0.0,0.0,0.0,0.0
religious art,religious art,0.9999997019767761,1.0,0.9375,0.316227766016838,1.0,1.0,1.0
portrait,portrait,1.0000001192092896,1.0,0.5,0.1778279410038923,1.0,0.0,1.0
portrait,portrait,1.0000001192092896,1.0,0.5,0.1778279410038923,1.0,0.0,1.0
"allegory, landscape painting",landscape painting,0.8638662099838257,0.0,0.6465517241379309,0.19180183554164504,0.8,0.6666666666666666,0.8
religious art,religious art,0.9999997019767761,1.0,0.9375,0.316227766016838,1.0,1.0,1.0
religious art,religious art,0.9999997019767761,1.0,0.9375,0.316227766016838,1.0,1.0,1.0
religious art,religious art,0.9999997019767761,1.0,0.9375,0.316227766016838,1.0,1.0,1.0
portrait,portrait,1.0000001192092896,1.0,0.5,0.1778279410038923,1.0,0.0,1.0
landscape painting,landscape painting,0.9999998807907104,1.0,0.9375,0.316227766016838,1.0,1.0,1.0
"mythological painting, portrait",portrait,0.042979076504707336,0.0,0.17857142857142855,0.024066394763145416,0.5,0.0,0.5
self-portrait,self-portrait,1.0000001192092896,1.0,0.5,0.1778279410038923,1.0,0.0,1.0
portrait,portrait,1.0000001192092896,1.0,0.5,0.1778279410038923,1.0,0.0,1.0
religious art,religious art,0.9999997019767761,1.0,0.9375,0.316227766016838,1.0,1.0,1.0
"allegory, religious art",religious art,0.8443358540534973,0.0,0.6465517241379309,0.19180183554164504,0.8,0.6666666666666666,0.8
self-portrait,portrait,-0.04053501412272453,0.0,0.0,0.0,0.0,0.0,0.0
mythological painting,mythological painting,1.0,1.0,0.9375,0.316227766016838,1.0,1.0,1.0
landscape painting,landscape painting,0.9999998807907104,1.0,0.9375,0.316227766016838,1.0,1.0,1.0
portrait,portrait,1.0000001192092896,1.0,0.5,0.1778279410038923,1.0,0.0,1.0
religious art,religious art,0.9999997019767761,1.0,0.9375,0.316227766016838,1.0,1.0,1.0
landscape painting,landscape painting,0.9999998807907104,1.0,0.9375,0.316227766016838,1.0,1.0,1.0
genre art,genre art,1.0,1.0,0.9375,0.316227766016838,1.0,1.0,1.0
portrait,portrait,1.0000001192092896,1.0,0.5,0.1778279410038923,1.0,0.0,1.0
religious art,religious art,0.9999997019767761,1.0,0.9375,0.316227766016838,1.0,1.0,1.0
landscape painting,landscape painting,0.9999998807907104,1.0,0.9375,0.316227766016838,1.0,1.0,1.0
religious art,religious art,0.9999997019767761,1.0,0.9375,0.316227766016838,1.0,1.0,1.0
allegory,portrait,0.16212213039398193,0.0,0.0,0.0,0.0,0.0,0.0
portrait,portrait,1.0000001192092896,1.0,0.5,0.1778279410038923,1.0,0.0,1.0
history painting,history painting,1.0,1.0,0.9375,0.316227766016838,1.0,1.0,1.0
portrait,portrait,1.0000001192092896,1.0,0.5,0.1778279410038923,1.0,0.0,1.0
religious art,religious art,0.9999997019767761,1.0,0.9375,0.316227766016838,1.0,1.0,1.0
genre art,genre art,1.0,1.0,0.9375,0.316227766016838,1.0,1.0,1.0
landscape painting,landscape painting,0.9999998807907104,1.0,0.9375,0.316227766016838,1.0,1.0,1.0
portrait,portrait,1.0000001192092896,1.0,0.5,0.1778279410038923,1.0,0.0,1.0
landscape painting,landscape painting,0.9999998807907104,1.0,0.9375,0.316227766016838,1.0,1.0,1.0
capriccio,religious art,0.8134852051734924,0.0,0.0,0.0,0.0,0.0,0.0
genre art,genre art,1.0,1.0,0.9375,0.316227766016838,1.0,1.0,1.0
religious art,religious art,0.9999997019767761,1.0,0.9375,0.316227766016838,1.0,1.0,1.0
landscape painting,landscape painting,0.9999998807907104,1.0,0.9375,0.316227766016838,1.0,1.0,1.0
religious art,self-portrait,0.8150355219841003,0.0,0.0,0.0,0.0,0.0,0.0
genre art,genre art,1.0,1.0,0.9375,0.316227766016838,1.0,1.0,1.0
history painting,history painting,1.0,1.0,0.9375,0.316227766016838,1.0,1.0,1.0
portrait,portrait,1.0000001192092896,1.0,0.5,0.1778279410038923,1.0,0.0,1.0
landscape painting,landscape painting,0.9999998807907104,1.0,0.9375,0.316227766016838,1.0,1.0,1.0
figure painting,portrait,0.060884103178977966,0.0,0.0,0.0,0.0,0.0,0.0
interior view,history painting,0.7610577940940857,0.0,0.0,0.0,0.0,0.0,0.0
double portrait,portrait,0.26605743169784546,0.0,0.2631578947368421,0.06541924356118012,0.6666666666666666,0.0,0.6666666666666666
portrait,portrait,1.0000001192092896,1.0,0.5,0.1778279410038923,1.0,0.0,1.0
portrait,portrait,1.0000001192092896,1.0,0.5,0.1778279410038923,1.0,0.0,1.0
religious art,religious art,0.9999997019767761,1.0,0.9375,0.316227766016838,1.0,1.0,1.0
portrait,portrait,1.0000001192092896,1.0,0.5,0.1778279410038923,1.0,0.0,1.0
"genre art, nude",nude,0.6904810667037964,0.0,0.17857142857142855,0.024066394763145416,0.5,0.0,0.5
portrait,portrait,1.0000001192092896,1.0,0.5,0.1778279410038923,1.0,0.0,1.0
group portrait,genre art,0.771881103515625,0.0,0.0,0.0,0.0,0.0,0.0
history painting,history painting,1.0,1.0,0.9375,0.316227766016838,1.0,1.0,1.0
landscape painting,landscape painting,0.9999998807907104,1.0,0.9375,0.316227766016838,1.0,1.0,1.0
architectural painting,interior view,0.8685300946235657,0.0,0.0,0.0,0.0,0.0,0.0
portrait,portrait,1.0000001192092896,1.0,0.5,0.1778279410038923,1.0,0.0,1.0
"group portrait, portrait",genre art,0.7066806554794312,0.0,0.0,0.0,0.0,0.0,0.0
religious art,religious art,0.9999997019767761,1.0,0.9375,0.316227766016838,1.0,1.0,1.0
"group portrait, portrait",history painting,0.725192129611969,0.0,0.0,0.0,0.0,0.0,0.0
portrait,portrait,1.0000001192092896,1.0,0.5,0.1778279410038923,1.0,0.0,1.0
portrait,portrait,1.0000001192092896,1.0,0.5,0.1778279410038923,1.0,0.0,1.0
portrait,portrait,1.0000001192092896,1.0,0.5,0.1778279410038923,1.0,0.0,1.0
allegory,genre art,0.7956649661064148,0.0,0.0,0.0,0.0,0.0,0.0
landscape painting,landscape painting,0.9999998807907104,1.0,0.9375,0.316227766016838,1.0,1.0,1.0
"genre art, portrait",portrait,0.057542964816093445,0.0,0.17857142857142855,0.024066394763145416,0.5,0.0,0.5
landscape painting,history painting,0.8024121522903442,0.0,0.25,0.1495348781221221,0.5,0.0,0.5
portrait,portrait,1.0000001192092896,1.0,0.5,0.1778279410038923,1.0,0.0,1.0
landscape painting,landscape painting,0.9999998807907104,1.0,0.9375,0.316227766016838,1.0,1.0,1.0
portrait,portrait,1.0000001192092896,1.0,0.5,0.1778279410038923,1.0,0.0,1.0
landscape painting,landscape painting,0.9999998807907104,1.0,0.9375,0.316227766016838,1.0,1.0,1.0
landscape painting,landscape painting,0.9999998807907104,1.0,0.9375,0.316227766016838,1.0,1.0,1.0
portrait,portrait,1.0000001192092896,1.0,0.5,0.1778279410038923,1.0,0.0,1.0
religious art,religious art,0.9999997019767761,1.0,0.9375,0.316227766016838,1.0,1.0,1.0
church interior,church interior,0.9999998807907104,1.0,0.9375,0.316227766016838,1.0,1.0,1.0
mythological painting,animal art,0.8237778544425964,0.0,0.0,0.0,0.0,0.0,0.0
still life,still life,1.0000001192092896,1.0,0.9375,0.316227766016838,1.0,1.0,1.0
religious art,religious art,0.9999997019767761,1.0,0.9375,0.316227766016838,1.0,1.0,1.0
portrait,portrait,1.0000001192092896,1.0,0.5,0.1778279410038923,1.0,0.0,1.0
portrait,portrait,1.0000001192092896,1.0,0.5,0.1778279410038923,1.0,0.0,1.0
landscape painting,landscape painting,0.9999998807907104,1.0,0.9375,0.316227766016838,1.0,1.0,1.0
religious art,religious art,0.9999997019767761,1.0,0.9375,0.316227766016838,1.0,1.0,1.0
landscape painting,cityscape,0.8310390710830688,0.0,0.0,0.0,0.0,0.0,0.0
still life,still life,1.0000001192092896,1.0,0.9375,0.316227766016838,1.0,1.0,1.0
"nude, religious art",religious art,0.8922849893569946,0.0,0.6465517241379309,0.19180183554164504,0.8,0.6666666666666666,0.8
portrait,genre art,0.29055696725845337,0.0,0.0,0.0,0.0,0.0,0.0
landscape painting,landscape painting,0.9999998807907104,1.0,0.9375,0.316227766016838,1.0,1.0,1.0
portrait,portrait,1.0000001192092896,1.0,0.5,0.1778279410038923,1.0,0.0,1.0
religious art,religious art,0.9999997019767761,1.0,0.9375,0.316227766016838,1.0,1.0,1.0
portrait,portrait,1.0000001192092896,1.0,0.5,0.1778279410038923,1.0,0.0,1.0
religious art,religious art,0.9999997019767761,1.0,0.9375,0.316227766016838,1.0,1.0,1.0
religious art,religious art,0.9999997019767761,1.0,0.9375,0.316227766016838,1.0,1.0,1.0
miniature,portrait,0.9178664684295654,0.0,0.0,0.0,0.0,0.0,0.0
marine art,marine art,1.0,1.0,0.9375,0.316227766016838,1.0,1.0,1.0
landscape painting,landscape painting,0.9999998807907104,1.0,0.9375,0.316227766016838,1.0,1.0,1.0
cityscape,genre art,0.7511158585548401,0.0,0.0,0.0,0.0,0.0,0.0
landscape painting,landscape painting,0.9999998807907104,1.0,0.9375,0.316227766016838,1.0,1.0,1.0
landscape painting,landscape painting,0.9999998807907104,1.0,0.9375,0.316227766016838,1.0,1.0,1.0
portrait,portrait,1.0000001192092896,1.0,0.5,0.1778279410038923,1.0,0.0,1.0
mythological painting,religious art,0.8692233562469482,0.0,0.0,0.0,0.0,0.0,0.0
religious art,religious art,0.9999997019767761,1.0,0.9375,0.316227766016838,1.0,1.0,1.0
portrait,portrait,1.0000001192092896,1.0,0.5,0.1778279410038923,1.0,0.0,1.0
landscape painting,landscape painting,0.9999998807907104,1.0,0.9375,0.316227766016838,1.0,1.0,1.0
religious art,religious art,0.9999997019767761,1.0,0.9375,0.316227766016838,1.0,1.0,1.0
religious art,religious art,0.9999997019767761,1.0,0.9375,0.316227766016838,1.0,1.0,1.0
portrait,portrait,1.0000001192092896,1.0,0.5,0.1778279410038923,1.0,0.0,1.0
religious art,religious art,0.9999997019767761,1.0,0.9375,0.316227766016838,1.0,1.0,1.0
religious art,religious art,0.9999997019767761,1.0,0.9375,0.316227766016838,1.0,1.0,1.0
portrait,portrait,1.0000001192092896,1.0,0.5,0.1778279410038923,1.0,0.0,1.0
genre art,portrait,0.29055696725845337,0.0,0.0,0.0,0.0,0.0,0.0
portrait,portrait,1.0000001192092896,1.0,0.5,0.1778279410038923,1.0,0.0,1.0
genre art,portrait,0.29055696725845337,0.0,0.0,0.0,0.0,0.0,0.0
portrait,portrait,1.0000001192092896,1.0,0.5,0.1778279410038923,1.0,0.0,1.0
portrait,portrait,1.0000001192092896,1.0,0.5,0.1778279410038923,1.0,0.0,1.0
portrait,portrait,1.0000001192092896,1.0,0.5,0.1778279410038923,1.0,0.0,1.0
religious art,religious art,0.9999997019767761,1.0,0.9375,0.316227766016838,1.0,1.0,1.0
religious art,religious art,0.9999997019767761,1.0,0.9375,0.316227766016838,1.0,1.0,1.0
religious art,religious art,0.9999997019767761,1.0,0.9375,0.316227766016838,1.0,1.0,1.0
portrait,portrait,1.0000001192092896,1.0,0.5,0.1778279410038923,1.0,0.0,1.0
still life,still life,1.0000001192092896,1.0,0.9375,0.316227766016838,1.0,1.0,1.0
religious art,religious art,0.9999997019767761,1.0,0.9375,0.316227766016838,1.0,1.0,1.0
"mythological painting, nude",nude,0.5866191387176514,0.0,0.17857142857142855,0.024066394763145416,0.5,0.0,0.5
portrait,portrait,1.0000001192092896,1.0,0.5,0.1778279410038923,1.0,0.0,1.0
marine art,landscape painting,0.8380733728408813,0.0,0.0,0.0,0.0,0.0,0.0
"nude, religious art",nude,0.6536502838134766,0.0,0.17857142857142855,0.024066394763145416,0.5,0.0,0.5
portrait,portrait,1.0000001192092896,1.0,0.5,0.1778279410038923,1.0,0.0,1.0
portrait,portrait,1.0000001192092896,1.0,0.5,0.1778279410038923,1.0,0.0,1.0
portrait,portrait,1.0000001192092896,1.0,0.5,0.1778279410038923,1.0,0.0,1.0
mythological painting,mythological painting,1.0,1.0,0.9375,0.316227766016838,1.0,1.0,1.0
religious art,religious art,0.9999997019767761,1.0,0.9375,0.316227766016838,1.0,1.0,1.0
religious art,religious art,0.9999997019767761,1.0,0.9375,0.316227766016838,1.0,1.0,1.0
mythological painting,mythological painting,1.0,1.0,0.9375,0.316227766016838,1.0,1.0,1.0
self-portrait,self-portrait,1.0000001192092896,1.0,0.5,0.1778279410038923,1.0,0.0,1.0
landscape painting,landscape painting,0.9999998807907104,1.0,0.9375,0.316227766016838,1.0,1.0,1.0
still life,still life,1.0000001192092896,1.0,0.9375,0.316227766016838,1.0,1.0,1.0
self-portrait,self-portrait,1.0000001192092896,1.0,0.5,0.1778279410038923,1.0,0.0,1.0
portrait,portrait,1.0000001192092896,1.0,0.5,0.1778279410038923,1.0,0.0,1.0
genre art,genre art,1.0,1.0,0.9375,0.316227766016838,1.0,1.0,1.0
portrait,portrait,1.0000001192092896,1.0,0.5,0.1778279410038923,1.0,0.0,1.0
portrait,portrait,1.0000001192092896,1.0,0.5,0.1778279410038923,1.0,0.0,1.0
"cityscape, genre art",genre art,0.7406141757965088,0.0,0.6465517241379309,0.19180183554164504,0.8,0.6666666666666666,0.8
history painting,history painting,1.0,1.0,0.9375,0.316227766016838,1.0,1.0,1.0
"landscape painting, marine art",marine art,0.8675886988639832,0.0,0.4934210526315789,0.11633369384516798,0.6666666666666666,0.5,0.6666666666666666
portrait,portrait,1.0000001192092896,1.0,0.5,0.1778279410038923,1.0,0.0,1.0
genre art,genre art,1.0,1.0,0.9375,0.316227766016838,1.0,1.0,1.0
portrait,portrait,1.0000001192092896,1.0,0.5,0.1778279410038923,1.0,0.0,1.0
landscape painting,cityscape,0.8310390710830688,0.0,0.0,0.0,0.0,0.0,0.0
self-portrait,self-portrait,1.0000001192092896,1.0,0.5,0.1778279410038923,1.0,0.0,1.0
history painting,history painting,1.0,1.0,0.9375,0.316227766016838,1.0,1.0,1.0
marine art,marine art,1.0,1.0,0.9375,0.316227766016838,1.0,1.0,1.0
portrait,portrait,1.0000001192092896,1.0,0.5,0.1778279410038923,1.0,0.0,1.0
portrait,portrait,1.0000001192092896,1.0,0.5,0.1778279410038923,1.0,0.0,1.0
genre art,religious art,0.826835036277771,0.0,0.25,0.1495348781221221,0.5,0.0,0.5
animal art,animal art,1.0,1.0,0.9375,0.316227766016838,1.0,1.0,1.0
religious art,religious art,0.9999997019767761,1.0,0.9375,0.316227766016838,1.0,1.0,1.0
Veduta,cityscape,0.8599342703819275,0.0,0.0,0.0,0.0,0.0,0.0
landscape painting,cityscape,0.8310390710830688,0.0,0.0,0.0,0.0,0.0,0.0
still life,still life,1.0000001192092896,1.0,0.9375,0.316227766016838,1.0,1.0,1.0
cityscape,landscape painting,0.8310390710830688,0.0,0.0,0.0,0.0,0.0,0.0
still life,still life,1.0000001192092896,1.0,0.9375,0.316227766016838,1.0,1.0,1.0
portrait,portrait,1.0000001192092896,1.0,0.5,0.1778279410038923,1.0,0.0,1.0
landscape painting,landscape painting,0.9999998807907104,1.0,0.9375,0.316227766016838,1.0,1.0,1.0
"mythological painting, nude",mythological painting,0.9359908103942871,0.0,0.6465517241379309,0.19180183554164504,0.8,0.6666666666666666,0.8
"portrait, self-portrait",portrait,-0.11833761632442474,0.0,0.2631578947368421,0.06541924356118012,0.6666666666666666,0.0,0.6666666666666666
portrait,portrait,1.0000001192092896,1.0,0.5,0.1778279410038923,1.0,0.0,1.0
"landscape painting, mythological painting",landscape painting,0.8923259973526001,0.0,0.2631578947368421,0.11633369384516798,0.6666666666666666,0.5,0.6666666666666666
"genre art, still life",genre art,0.6865408420562744,0.0,0.4934210526315789,0.11633369384516798,0.6666666666666666,0.5,0.6666666666666666
portrait,family portrait,0.4043944776058197,0.0,0.45454545454545453,0.1495348781221221,0.6666666666666666,0.0,0.6666666666666666
religious art,history painting,0.7629304528236389,0.0,0.0,0.0,0.0,0.0,0.0
"double portrait, self-portrait",portrait,-0.09128186106681824,0.0,0.17857142857142855,0.024066394763145416,0.5,0.0,0.5
portrait,portrait,1.0000001192092896,1.0,0.5,0.1778279410038923,1.0,0.0,1.0
landscape painting,landscape painting,0.9999998807907104,1.0,0.9375,0.316227766016838,1.0,1.0,1.0
portrait,portrait,1.0000001192092896,1.0,0.5,0.1778279410038923,1.0,0.0,1.0
mythological painting,animal art,0.8237778544425964,0.0,0.0,0.0,0.0,0.0,0.0
Veduta,cityscape,0.8599342703819275,0.0,0.0,0.0,0.0,0.0,0.0
religious art,religious art,0.9999997019767761,1.0,0.9375,0.316227766016838,1.0,1.0,1.0
landscape painting,landscape painting,0.9999998807907104,1.0,0.9375,0.316227766016838,1.0,1.0,1.0
mythological painting,mythological painting,1.0,1.0,0.9375,0.316227766016838,1.0,1.0,1.0
cityscape,landscape painting,0.8310390710830688,0.0,0.0,0.0,0.0,0.0,0.0
religious art,religious art,0.9999997019767761,1.0,0.9375,0.316227766016838,1.0,1.0,1.0
landscape painting,landscape painting,0.9999998807907104,1.0,0.9375,0.316227766016838,1.0,1.0,1.0
laid table,still life,0.7733204960823059,0.0,0.0,0.0,0.0,0.0,0.0
portrait,portrait,1.0000001192092896,1.0,0.5,0.1778279410038923,1.0,0.0,1.0
portrait,portrait,1.0000001192092896,1.0,0.5,0.1778279410038923,1.0,0.0,1.0
portrait,portrait,1.0000001192092896,1.0,0.5,0.1778279410038923,1.0,0.0,1.0
landscape painting,landscape painting,0.9999998807907104,1.0,0.9375,0.316227766016838,1.0,1.0,1.0
genre art,genre art,1.0,1.0,0.9375,0.316227766016838,1.0,1.0,1.0
genre art,genre art,1.0,1.0,0.9375,0.316227766016838,1.0,1.0,1.0
genre art,genre art,1.0,1.0,0.9375,0.316227766016838,1.0,1.0,1.0
portrait,portrait,1.0000001192092896,1.0,0.5,0.1778279410038923,1.0,0.0,1.0
"animal art, still life",animal art,0.8137152194976807,0.0,0.4934210526315789,0.11633369384516798,0.6666666666666666,0.5,0.6666666666666666
landscape painting,landscape painting,0.9999998807907104,1.0,0.9375,0.316227766016838,1.0,1.0,1.0
still life,still life,1.0000001192092896,1.0,0.9375,0.316227766016838,1.0,1.0,1.0
"architectural view, landscape painting",landscape painting,0.8765707015991211,0.0,0.4934210526315789,0.11633369384516798,0.6666666666666666,0.5,0.6666666666666666
allegory,religious art,0.8643044829368591,0.0,0.0,0.0,0.0,0.0,0.0
landscape painting,landscape painting,0.9999998807907104,1.0,0.9375,0.316227766016838,1.0,1.0,1.0
portrait,portrait,1.0000001192092896,1.0,0.5,0.1778279410038923,1.0,0.0,1.0
religious art,religious art,0.9999997019767761,1.0,0.9375,0.316227766016838,1.0,1.0,1.0
portrait,portrait,1.0000001192092896,1.0,0.5,0.1778279410038923,1.0,0.0,1.0
genre art,genre art,1.0,1.0,0.9375,0.316227766016838,1.0,1.0,1.0
capriccio,interior view,0.8076754212379456,0.0,0.0,0.0,0.0,0.0,0.0
portrait,self-portrait,-0.04053501412272453,0.0,0.0,0.0,0.0,0.0,0.0
landscape painting,landscape painting,0.9999998807907104,1.0,0.9375,0.316227766016838,1.0,1.0,1.0
"genre art, landscape painting",landscape painting,0.8524863719940186,0.0,0.4934210526315789,0.11633369384516798,0.6666666666666666,0.5,0.6666666666666666
portrait,portrait,1.0000001192092896,1.0,0.5,0.1778279410038923,1.0,0.0,1.0
portrait,portrait,1.0000001192092896,1.0,0.5,0.1778279410038923,1.0,0.0,1.0
animal art,mythological painting,0.8237778544425964,0.0,0.0,0.0,0.0,0.0,0.0
portrait,portrait,1.0000001192092896,1.0,0.5,0.1778279410038923,1.0,0.0,1.0
Veduta,cityscape,0.8599342703819275,0.0,0.0,0.0,0.0,0.0,0.0
landscape painting,landscape painting,0.9999998807907104,1.0,0.9375,0.316227766016838,1.0,1.0,1.0
landscape painting,landscape painting,0.9999998807907104,1.0,0.9375,0.316227766016838,1.0,1.0,1.0
religious art,religious art,0.9999997019767761,1.0,0.9375,0.316227766016838,1.0,1.0,1.0
portrait,portrait,1.0000001192092896,1.0,0.5,0.1778279410038923,1.0,0.0,1.0
religious art,genre art,0.826835036277771,0.0,0.25,0.1495348781221221,0.5,0.0,0.5
portrait,genre art,0.29055696725845337,0.0,0.0,0.0,0.0,0.0,0.0
landscape painting,landscape painting,0.9999998807907104,1.0,0.9375,0.316227766016838,1.0,1.0,1.0
religious art,religious art,0.9999997019767761,1.0,0.9375,0.316227766016838,1.0,1.0,1.0
religious art,religious art,0.9999997019767761,1.0,0.9375,0.316227766016838,1.0,1.0,1.0
religious art,religious art,0.9999997019767761,1.0,0.9375,0.316227766016838,1.0,1.0,1.0
religious art,genre art,0.826835036277771,0.0,0.25,0.1495348781221221,0.5,0.0,0.5
portrait,portrait,1.0000001192092896,1.0,0.5,0.1778279410038923,1.0,0.0,1.0
portrait,portrait,1.0000001192092896,1.0,0.5,0.1778279410038923,1.0,0.0,1.0
landscape painting,religious art,0.8595948815345764,0.0,0.0,0.0,0.0,0.0,0.0
genre art,landscape painting,0.7666229605674744,0.0,0.0,0.0,0.0,0.0,0.0
religious art,religious art,0.9999997019767761,1.0,0.9375,0.316227766016838,1.0,1.0,1.0
landscape painting,landscape painting,0.9999998807907104,1.0,0.9375,0.316227766016838,1.0,1.0,1.0
portrait,portrait,1.0000001192092896,1.0,0.5,0.1778279410038923,1.0,0.0,1.0
floral painting,still life,0.713930606842041,0.0,0.0,0.0,0.0,0.0,0.0
religious art,religious art,0.9999997019767761,1.0,0.9375,0.316227766016838,1.0,1.0,1.0
portrait,portrait,1.0000001192092896,1.0,0.5,0.1778279410038923,1.0,0.0,1.0
portrait,portrait,1.0000001192092896,1.0,0.5,0.1778279410038923,1.0,0.0,1.0
landscape painting,landscape painting,0.9999998807907104,1.0,0.9375,0.316227766016838,1.0,1.0,1.0
portrait,portrait,1.0000001192092896,1.0,0.5,0.1778279410038923,1.0,0.0,1.0
religious art,religious art,0.9999997019767761,1.0,0.9375,0.316227766016838,1.0,1.0,1.0
landscape painting,landscape painting,0.9999998807907104,1.0,0.9375,0.316227766016838,1.0,1.0,1.0
portrait,portrait,1.0000001192092896,1.0,0.5,0.1778279410038923,1.0,0.0,1.0
still life,still life,1.0000001192092896,1.0,0.9375,0.316227766016838,1.0,1.0,1.0
portrait,portrait,1.0000001192092896,1.0,0.5,0.1778279410038923,1.0,0.0,1.0
religious art,religious art,0.9999997019767761,1.0,0.9375,0.316227766016838,1.0,1.0,1.0
"equestrian portrait, genre art",history painting,0.6489171385765076,0.0,0.0,0.0,0.0,0.0,0.0
mythological painting,mythological painting,1.0,1.0,0.9375,0.316227766016838,1.0,1.0,1.0
portrait,portrait,1.0000001192092896,1.0,0.5,0.1778279410038923,1.0,0.0,1.0
portrait,portrait,1.0000001192092896,1.0,0.5,0.1778279410038923,1.0,0.0,1.0
mythological painting,mythological painting,1.0,1.0,0.9375,0.316227766016838,1.0,1.0,1.0
landscape painting,landscape painting,0.9999998807907104,1.0,0.9375,0.316227766016838,1.0,1.0,1.0
portrait,portrait,1.0000001192092896,1.0,0.5,0.1778279410038923,1.0,0.0,1.0
landscape painting,landscape painting,0.9999998807907104,1.0,0.9375,0.316227766016838,1.0,1.0,1.0
genre art,genre art,1.0,1.0,0.9375,0.316227766016838,1.0,1.0,1.0
religious art,religious art,0.9999997019767761,1.0,0.9375,0.316227766016838,1.0,1.0,1.0
landscape painting,landscape painting,0.9999998807907104,1.0,0.9375,0.316227766016838,1.0,1.0,1.0
religious art,religious art,0.9999997019767761,1.0,0.9375,0.316227766016838,1.0,1.0,1.0
portrait,portrait,1.0000001192092896,1.0,0.5,0.1778279410038923,1.0,0.0,1.0
landscape painting,landscape painting,0.9999998807907104,1.0,0.9375,0.316227766016838,1.0,1.0,1.0
interior view,genre art,0.8077197074890137,0.0,0.0,0.0,0.0,0.0,0.0
portrait,portrait,1.0000001192092896,1.0,0.5,0.1778279410038923,1.0,0.0,1.0
landscape painting,landscape painting,0.9999998807907104,1.0,0.9375,0.316227766016838,1.0,1.0,1.0
portrait,portrait,1.0000001192092896,1.0,0.5,0.1778279410038923,1.0,0.0,1.0
still life,still life,1.0000001192092896,1.0,0.9375,0.316227766016838,1.0,1.0,1.0
portrait,portrait,1.0000001192092896,1.0,0.5,0.1778279410038923,1.0,0.0,1.0
genre art,genre art,1.0,1.0,0.9375,0.316227766016838,1.0,1.0,1.0
religious art,religious art,0.9999997019767761,1.0,0.9375,0.316227766016838,1.0,1.0,1.0
portrait,portrait,1.0000001192092896,1.0,0.5,0.1778279410038923,1.0,0.0,1.0
landscape painting,landscape painting,0.9999998807907104,1.0,0.9375,0.316227766016838,1.0,1.0,1.0
mythological painting,mythological painting,1.0,1.0,0.9375,0.316227766016838,1.0,1.0,1.0
portrait,portrait,1.0000001192092896,1.0,0.5,0.1778279410038923,1.0,0.0,1.0
religious art,religious art,0.9999997019767761,1.0,0.9375,0.316227766016838,1.0,1.0,1.0
portrait,portrait,1.0000001192092896,1.0,0.5,0.1778279410038923,1.0,0.0,1.0
"mythological painting, nude",nude,0.5866191387176514,0.0,0.17857142857142855,0.024066394763145416,0.5,0.0,0.5
portrait,portrait,1.0000001192092896,1.0,0.5,0.1778279410038923,1.0,0.0,1.0
animal art,animal art,1.0,1.0,0.9375,0.316227766016838,1.0,1.0,1.0
still life,still life,1.0000001192092896,1.0,0.9375,0.316227766016838,1.0,1.0,1.0
genre art,genre art,1.0,1.0,0.9375,0.316227766016838,1.0,1.0,1.0
religious art,portrait,0.16929467022418976,0.0,0.0,0.0,0.0,0.0,0.0
still life,still life,1.0000001192092896,1.0,0.9375,0.316227766016838,1.0,1.0,1.0
landscape painting,landscape painting,0.9999998807907104,1.0,0.9375,0.316227766016838,1.0,1.0,1.0
portrait,portrait,1.0000001192092896,1.0,0.5,0.1778279410038923,1.0,0.0,1.0
religious art,religious art,0.9999997019767761,1.0,0.9375,0.316227766016838,1.0,1.0,1.0
portrait,portrait,1.0000001192092896,1.0,0.5,0.1778279410038923,1.0,0.0,1.0
floral painting,still life,0.713930606842041,0.0,0.0,0.0,0.0,0.0,0.0
portrait,portrait,1.0000001192092896,1.0,0.5,0.1778279410038923,1.0,0.0,1.0
portrait,portrait,1.0000001192092896,1.0,0.5,0.1778279410038923,1.0,0.0,1.0
religious art,religious art,0.9999997019767761,1.0,0.9375,0.316227766016838,1.0,1.0,1.0
portrait,portrait,1.0000001192092896,1.0,0.5,0.1778279410038923,1.0,0.0,1.0
landscape painting,landscape painting,0.9999998807907104,1.0,0.9375,0.316227766016838,1.0,1.0,1.0
capriccio,religious art,0.8134852051734924,0.0,0.0,0.0,0.0,0.0,0.0
miniature,portrait,0.9178664684295654,0.0,0.0,0.0,0.0,0.0,0.0
"allegory, historiated portrait, mythological painting",mythological painting,0.8196441531181335,0.0,0.39893617021276595,0.07055995207471726,0.5714285714285715,0.4,0.5714285714285715
portrait,portrait,1.0000001192092896,1.0,0.5,0.1778279410038923,1.0,0.0,1.0
portrait,self-portrait,-0.04053501412272453,0.0,0.0,0.0,0.0,0.0,0.0
landscape painting,landscape painting,0.9999998807907104,1.0,0.9375,0.316227766016838,1.0,1.0,1.0
portrait,portrait,1.0000001192092896,1.0,0.5,0.1778279410038923,1.0,0.0,1.0
portrait,portrait,1.0000001192092896,1.0,0.5,0.1778279410038923,1.0,0.0,1.0
portrait,portrait,1.0000001192092896,1.0,0.5,0.1778279410038923,1.0,0.0,1.0
still life,genre art,0.680627703666687,0.0,0.0,0.0,0.0,0.0,0.0
portrait,portrait,1.0000001192092896,1.0,0.5,0.1778279410038923,1.0,0.0,1.0
religious art,religious art,0.9999997019767761,1.0,0.9375,0.316227766016838,1.0,1.0,1.0
capriccio,landscape painting,0.7944033741950989,0.0,0.0,0.0,0.0,0.0,0.0
genre art,genre art,1.0,1.0,0.9375,0.316227766016838,1.0,1.0,1.0
religious art,religious art,0.9999997019767761,1.0,0.9375,0.316227766016838,1.0,1.0,1.0
portrait,portrait,1.0000001192092896,1.0,0.5,0.1778279410038923,1.0,0.0,1.0
portrait,portrait,1.0000001192092896,1.0,0.5,0.1778279410038923,1.0,0.0,1.0
portrait,genre art,0.29055696725845337,0.0,0.0,0.0,0.0,0.0,0.0
landscape painting,landscape painting,0.9999998807907104,1.0,0.9375,0.316227766016838,1.0,1.0,1.0
portrait,portrait,1.0000001192092896,1.0,0.5,0.1778279410038923,1.0,0.0,1.0
landscape painting,landscape painting,0.9999998807907104,1.0,0.9375,0.316227766016838,1.0,1.0,1.0
marine art,landscape painting,0.8380733728408813,0.0,0.0,0.0,0.0,0.0,0.0
portrait,portrait,1.0000001192092896,1.0,0.5,0.1778279410038923,1.0,0.0,1.0
"double portrait, family portrait, self-portrait",portrait,-0.0305207259953022,0.0,0.10869565217391304,0.003257032351754417,0.33333333333333337,0.0,0.33333333333333337
mythological painting,mythological painting,1.0,1.0,0.9375,0.316227766016838,1.0,1.0,1.0
landscape painting,landscape painting,0.9999998807907104,1.0,0.9375,0.316227766016838,1.0,1.0,1.0
portrait,portrait,1.0000001192092896,1.0,0.5,0.1778279410038923,1.0,0.0,1.0
landscape painting,religious art,0.8595948815345764,0.0,0.0,0.0,0.0,0.0,0.0
religious art,religious art,0.9999997019767761,1.0,0.9375,0.316227766016838,1.0,1.0,1.0
portrait,portrait,1.0000001192092896,1.0,0.5,0.1778279410038923,1.0,0.0,1.0
portrait,portrait,1.0000001192092896,1.0,0.5,0.1778279410038923,1.0,0.0,1.0
religious art,religious art,0.9999997019767761,1.0,0.9375,0.316227766016838,1.0,1.0,1.0
portrait,portrait,1.0000001192092896,1.0,0.5,0.1778279410038923,1.0,0.0,1.0
genre art,genre art,1.0,1.0,0.9375,0.316227766016838,1.0,1.0,1.0
religious art,religious art,0.9999997019767761,1.0,0.9375,0.316227766016838,1.0,1.0,1.0
landscape painting,landscape painting,0.9999998807907104,1.0,0.9375,0.316227766016838,1.0,1.0,1.0
portrait,portrait,1.0000001192092896,1.0,0.5,0.1778279410038923,1.0,0.0,1.0
genre art,genre art,1.0,1.0,0.9375,0.316227766016838,1.0,1.0,1.0
portrait,portrait,1.0000001192092896,1.0,0.5,0.1778279410038923,1.0,0.0,1.0
mythological painting,mythological painting,1.0,1.0,0.9375,0.316227766016838,1.0,1.0,1.0
portrait,portrait,1.0000001192092896,1.0,0.5,0.1778279410038923,1.0,0.0,1.0
landscape painting,landscape painting,0.9999998807907104,1.0,0.9375,0.316227766016838,1.0,1.0,1.0
religious art,religious art,0.9999997019767761,1.0,0.9375,0.316227766016838,1.0,1.0,1.0
portrait,portrait,1.0000001192092896,1.0,0.5,0.1778279410038923,1.0,0.0,1.0
portrait,portrait,1.0000001192092896,1.0,0.5,0.1778279410038923,1.0,0.0,1.0
genre art,genre art,1.0,1.0,0.9375,0.316227766016838,1.0,1.0,1.0
self-portrait,portrait,-0.04053501412272453,0.0,0.0,0.0,0.0,0.0,0.0
religious art,religious art,0.9999997019767761,1.0,0.9375,0.316227766016838,1.0,1.0,1.0
still life,still life,1.0000001192092896,1.0,0.9375,0.316227766016838,1.0,1.0,1.0
self-portrait,self-portrait,1.0000001192092896,1.0,0.5,0.1778279410038923,1.0,0.0,1.0
Veduta,landscape painting,0.8186986446380615,0.0,0.0,0.0,0.0,0.0,0.0
religious art,religious art,0.9999997019767761,1.0,0.9375,0.316227766016838,1.0,1.0,1.0
religious art,religious art,0.9999997019767761,1.0,0.9375,0.316227766016838,1.0,1.0,1.0
religious art,religious art,0.9999997019767761,1.0,0.9375,0.316227766016838,1.0,1.0,1.0
religious art,religious art,0.9999997019767761,1.0,0.9375,0.316227766016838,1.0,1.0,1.0
cityscape,abstract art,0.8306559920310974,0.0,0.0,0.0,0.0,0.0,0.0
religious art,religious art,0.9999997019767761,1.0,0.9375,0.316227766016838,1.0,1.0,1.0
landscape painting,landscape painting,0.9999998807907104,1.0,0.9375,0.316227766016838,1.0,1.0,1.0
portrait,portrait,1.0000001192092896,1.0,0.5,0.1778279410038923,1.0,0.0,1.0
"nude, religious art",religious art,0.8922849893569946,0.0,0.6465517241379309,0.19180183554164504,0.8,0.6666666666666666,0.8
portrait,portrait,1.0000001192092896,1.0,0.5,0.1778279410038923,1.0,0.0,1.0
religious art,religious art,0.9999997019767761,1.0,0.9375,0.316227766016838,1.0,1.0,1.0
portrait,portrait,1.0000001192092896,1.0,0.5,0.1778279410038923,1.0,0.0,1.0
mythological painting,religious art,0.8692233562469482,0.0,0.0,0.0,0.0,0.0,0.0
portrait,self-portrait,-0.04053501412272453,0.0,0.0,0.0,0.0,0.0,0.0
landscape painting,landscape painting,0.9999998807907104,1.0,0.9375,0.316227766016838,1.0,1.0,1.0
mythological painting,mythological painting,1.0,1.0,0.9375,0.316227766016838,1.0,1.0,1.0
portrait,portrait,1.0000001192092896,1.0,0.5,0.1778279410038923,1.0,0.0,1.0
landscape painting,landscape painting,0.9999998807907104,1.0,0.9375,0.316227766016838,1.0,1.0,1.0
portrait,portrait,1.0000001192092896,1.0,0.5,0.1778279410038923,1.0,0.0,1.0
religious art,religious art,0.9999997019767761,1.0,0.9375,0.316227766016838,1.0,1.0,1.0
group portrait,group portrait,1.0,1.0,0.9375,0.316227766016838,1.0,1.0,1.0
cityscape,cityscape,0.9999999403953552,1.0,0.5,0.1778279410038923,1.0,0.0,1.0
genre art,genre art,1.0,1.0,0.9375,0.316227766016838,1.0,1.0,1.0
landscape painting,landscape painting,0.9999998807907104,1.0,0.9375,0.316227766016838,1.0,1.0,1.0
portrait,portrait,1.0000001192092896,1.0,0.5,0.1778279410038923,1.0,0.0,1.0
portrait,portrait,1.0000001192092896,1.0,0.5,0.1778279410038923,1.0,0.0,1.0
landscape painting,landscape painting,0.9999998807907104,1.0,0.9375,0.316227766016838,1.0,1.0,1.0
still life,still life,1.0000001192092896,1.0,0.9375,0.316227766016838,1.0,1.0,1.0
self-portrait,self-portrait,1.0000001192092896,1.0,0.5,0.1778279410038923,1.0,0.0,1.0
religious art,religious art,0.9999997019767761,1.0,0.9375,0.316227766016838,1.0,1.0,1.0
landscape painting,landscape painting,0.9999998807907104,1.0,0.9375,0.316227766016838,1.0,1.0,1.0
mythological painting,mythological painting,1.0,1.0,0.9375,0.316227766016838,1.0,1.0,1.0
portrait,portrait,1.0000001192092896,1.0,0.5,0.1778279410038923,1.0,0.0,1.0
genre art,portrait,0.29055696725845337,0.0,0.0,0.0,0.0,0.0,0.0
still life,still life,1.0000001192092896,1.0,0.9375,0.316227766016838,1.0,1.0,1.0
Veduta,cityscape,0.8599342703819275,0.0,0.0,0.0,0.0,0.0,0.0
religious art,religious art,0.9999997019767761,1.0,0.9375,0.316227766016838,1.0,1.0,1.0
portrait,portrait,1.0000001192092896,1.0,0.5,0.1778279410038923,1.0,0.0,1.0
religious art,religious art,0.9999997019767761,1.0,0.9375,0.316227766016838,1.0,1.0,1.0
portrait,portrait,1.0000001192092896,1.0,0.5,0.1778279410038923,1.0,0.0,1.0
portrait,portrait,1.0000001192092896,1.0,0.5,0.1778279410038923,1.0,0.0,1.0
religious art,religious art,0.9999997019767761,1.0,0.9375,0.316227766016838,1.0,1.0,1.0
religious art,religious art,0.9999997019767761,1.0,0.9375,0.316227766016838,1.0,1.0,1.0
family portrait,portrait,0.4043944776058197,0.0,0.2631578947368421,0.06541924356118012,0.6666666666666666,0.0,0.6666666666666666
"landscape painting, marine art",landscape painting,0.8596783876419067,0.0,0.4934210526315789,0.11633369384516798,0.6666666666666666,0.5,0.6666666666666666
landscape painting,landscape painting,0.9999998807907104,1.0,0.9375,0.316227766016838,1.0,1.0,1.0
portrait,portrait,1.0000001192092896,1.0,0.5,0.1778279410038923,1.0,0.0,1.0
portrait,portrait,1.0000001192092896,1.0,0.5,0.1778279410038923,1.0,0.0,1.0
animal art,animal art,1.0,1.0,0.9375,0.316227766016838,1.0,1.0,1.0
history painting,religious art,0.7629304528236389,0.0,0.0,0.0,0.0,0.0,0.0
religious art,religious art,0.9999997019767761,1.0,0.9375,0.316227766016838,1.0,1.0,1.0
portrait,portrait,1.0000001192092896,1.0,0.5,0.1778279410038923,1.0,0.0,1.0
landscape painting,landscape painting,0.9999998807907104,1.0,0.9375,0.316227766016838,1.0,1.0,1.0
portrait,portrait,1.0000001192092896,1.0,0.5,0.1778279410038923,1.0,0.0,1.0
genre art,genre art,1.0,1.0,0.9375,0.316227766016838,1.0,1.0,1.0
allegory,religious art,0.8643044829368591,0.0,0.0,0.0,0.0,0.0,0.0
portrait,self-portrait,-0.04053501412272453,0.0,0.0,0.0,0.0,0.0,0.0
landscape painting,landscape painting,0.9999998807907104,1.0,0.9375,0.316227766016838,1.0,1.0,1.0
portrait,portrait,1.0000001192092896,1.0,0.5,0.1778279410038923,1.0,0.0,1.0
religious art,religious art,0.9999997019767761,1.0,0.9375,0.316227766016838,1.0,1.0,1.0
portrait,portrait,1.0000001192092896,1.0,0.5,0.1778279410038923,1.0,0.0,1.0
"genre art, self-portrait",self-portrait,0.9550312757492065,0.0,0.17857142857142855,0.024066394763145416,0.5,0.0,0.5
landscape painting,landscape painting,0.9999998807907104,1.0,0.9375,0.316227766016838,1.0,1.0,1.0
portrait,portrait,1.0000001192092896,1.0,0.5,0.1778279410038923,1.0,0.0,1.0
genre art,genre art,1.0,1.0,0.9375,0.316227766016838,1.0,1.0,1.0
"allegory, satire",history painting,0.6823879480361938,0.0,0.0,0.0,0.0,0.0,0.0
portrait,portrait,1.0000001192092896,1.0,0.5,0.1778279410038923,1.0,0.0,1.0
landscape painting,landscape painting,0.9999998807907104,1.0,0.9375,0.316227766016838,1.0,1.0,1.0
mythological painting,mythological painting,1.0,1.0,0.9375,0.316227766016838,1.0,1.0,1.0
portrait,animal art,0.20940479636192322,0.0,0.0,0.0,0.0,0.0,0.0
miniature,portrait,0.9178664684295654,0.0,0.0,0.0,0.0,0.0,0.0
religious art,religious art,0.9999997019767761,1.0,0.9375,0.316227766016838,1.0,1.0,1.0
religious art,religious art,0.9999997019767761,1.0,0.9375,0.316227766016838,1.0,1.0,1.0
"history painting, religious art",religious art,0.8684037923812866,0.0,0.4934210526315789,0.11633369384516798,0.6666666666666666,0.5,0.6666666666666666
religious art,religious art,0.9999997019767761,1.0,0.9375,0.316227766016838,1.0,1.0,1.0
portrait,portrait,1.0000001192092896,1.0,0.5,0.1778279410038923,1.0,0.0,1.0
Veduta,cityscape,0.8599342703819275,0.0,0.0,0.0,0.0,0.0,0.0
mythological painting,mythological painting,1.0,1.0,0.9375,0.316227766016838,1.0,1.0,1.0
portrait,group portrait,0.24276117980480194,0.0,0.45454545454545453,0.1495348781221221,0.6666666666666666,0.0,0.6666666666666666
portrait,portrait,1.0000001192092896,1.0,0.5,0.1778279410038923,1.0,0.0,1.0
still life,still life,1.0000001192092896,1.0,0.9375,0.316227766016838,1.0,1.0,1.0
landscape painting,landscape painting,0.9999998807907104,1.0,0.9375,0.316227766016838,1.0,1.0,1.0
landscape painting,landscape painting,0.9999998807907104,1.0,0.9375,0.316227766016838,1.0,1.0,1.0
portrait,portrait,1.0000001192092896,1.0,0.5,0.1778279410038923,1.0,0.0,1.0
genre art,genre art,1.0,1.0,0.9375,0.316227766016838,1.0,1.0,1.0
portrait,portrait,1.0000001192092896,1.0,0.5,0.1778279410038923,1.0,0.0,1.0
portrait,portrait,1.0000001192092896,1.0,0.5,0.1778279410038923,1.0,0.0,1.0
genre art,genre art,1.0,1.0,0.9375,0.316227766016838,1.0,1.0,1.0
history painting,history painting,1.0,1.0,0.9375,0.316227766016838,1.0,1.0,1.0
marine art,marine art,1.0,1.0,0.9375,0.316227766016838,1.0,1.0,1.0
portrait,portrait,1.0000001192092896,1.0,0.5,0.1778279410038923,1.0,0.0,1.0
religious art,religious art,0.9999997019767761,1.0,0.9375,0.316227766016838,1.0,1.0,1.0
portrait,portrait,1.0000001192092896,1.0,0.5,0.1778279410038923,1.0,0.0,1.0
portrait,portrait,1.0000001192092896,1.0,0.5,0.1778279410038923,1.0,0.0,1.0
religious art,religious art,0.9999997019767761,1.0,0.9375,0.316227766016838,1.0,1.0,1.0
history painting,religious art,0.7629304528236389,0.0,0.0,0.0,0.0,0.0,0.0
landscape painting,landscape painting,0.9999998807907104,1.0,0.9375,0.316227766016838,1.0,1.0,1.0
"history painting, religious art",religious art,0.8684037923812866,0.0,0.4934210526315789,0.11633369384516798,0.6666666666666666,0.5,0.6666666666666666
religious art,religious art,0.9999997019767761,1.0,0.9375,0.316227766016838,1.0,1.0,1.0
religious art,religious art,0.9999997019767761,1.0,0.9375,0.316227766016838,1.0,1.0,1.0
pastoral,landscape painting,0.4382009506225586,0.0,0.0,0.0,0.0,0.0,0.0
landscape painting,landscape painting,0.9999998807907104,1.0,0.9375,0.316227766016838,1.0,1.0,1.0
religious art,religious art,0.9999997019767761,1.0,0.9375,0.316227766016838,1.0,1.0,1.0
portrait,portrait,1.0000001192092896,1.0,0.5,0.1778279410038923,1.0,0.0,1.0
portrait,portrait,1.0000001192092896,1.0,0.5,0.1778279410038923,1.0,0.0,1.0
portrait,portrait,1.0000001192092896,1.0,0.5,0.1778279410038923,1.0,0.0,1.0
marine art,landscape painting,0.8380733728408813,0.0,0.0,0.0,0.0,0.0,0.0
religious art,religious art,0.9999997019767761,1.0,0.9375,0.316227766016838,1.0,1.0,1.0
religious art,religious art,0.9999997019767761,1.0,0.9375,0.316227766016838,1.0,1.0,1.0
history painting,religious art,0.7629304528236389,0.0,0.0,0.0,0.0,0.0,0.0
portrait,portrait,1.0000001192092896,1.0,0.5,0.1778279410038923,1.0,0.0,1.0
portrait,portrait,1.0000001192092896,1.0,0.5,0.1778279410038923,1.0,0.0,1.0
genre art,portrait,0.29055696725845337,0.0,0.0,0.0,0.0,0.0,0.0
"nude, portrait",nude,0.6623247861862183,0.0,0.2631578947368421,0.06541924356118012,0.6666666666666666,0.0,0.6666666666666666
landscape painting,landscape painting,0.9999998807907104,1.0,0.9375,0.316227766016838,1.0,1.0,1.0
portrait,portrait,1.0000001192092896,1.0,0.5,0.1778279410038923,1.0,0.0,1.0
history painting,history painting,1.0,1.0,0.9375,0.316227766016838,1.0,1.0,1.0
religious art,religious art,0.9999997019767761,1.0,0.9375,0.316227766016838,1.0,1.0,1.0
self-portrait,self-portrait,1.0000001192092896,1.0,0.5,0.1778279410038923,1.0,0.0,1.0
"mythological painting, nude",mythological painting,0.9359908103942871,0.0,0.6465517241379309,0.19180183554164504,0.8,0.6666666666666666,0.8
portrait,portrait,1.0000001192092896,1.0,0.5,0.1778279410038923,1.0,0.0,1.0
religious art,religious art,0.9999997019767761,1.0,0.9375,0.316227766016838,1.0,1.0,1.0
history painting,history painting,1.0,1.0,0.9375,0.316227766016838,1.0,1.0,1.0
religious art,religious art,0.9999997019767761,1.0,0.9375,0.316227766016838,1.0,1.0,1.0
"genre art, marine art",marine art,0.8951948881149292,0.0,0.4934210526315789,0.11633369384516798,0.6666666666666666,0.5,0.6666666666666666
portrait,portrait,1.0000001192092896,1.0,0.5,0.1778279410038923,1.0,0.0,1.0
portrait,portrait,1.0000001192092896,1.0,0.5,0.1778279410038923,1.0,0.0,1.0
portrait,portrait,1.0000001192092896,1.0,0.5,0.1778279410038923,1.0,0.0,1.0
religious art,religious art,0.9999997019767761,1.0,0.9375,0.316227766016838,1.0,1.0,1.0
portrait,portrait,1.0000001192092896,1.0,0.5,0.1778279410038923,1.0,0.0,1.0
portrait,portrait,1.0000001192092896,1.0,0.5,0.1778279410038923,1.0,0.0,1.0
landscape painting,landscape painting,0.9999998807907104,1.0,0.9375,0.316227766016838,1.0,1.0,1.0
"landscape painting, marine art",marine art,0.8675886988639832,0.0,0.4934210526315789,0.11633369384516798,0.6666666666666666,0.5,0.6666666666666666
history painting,history painting,1.0,1.0,0.9375,0.316227766016838,1.0,1.0,1.0
portrait,portrait,1.0000001192092896,1.0,0.5,0.1778279410038923,1.0,0.0,1.0
portrait,portrait,1.0000001192092896,1.0,0.5,0.1778279410038923,1.0,0.0,1.0
"genre art, portrait",portrait,0.057542964816093445,0.0,0.17857142857142855,0.024066394763145416,0.5,0.0,0.5
landscape painting,landscape painting,0.9999998807907104,1.0,0.9375,0.316227766016838,1.0,1.0,1.0
portrait,portrait,1.0000001192092896,1.0,0.5,0.1778279410038923,1.0,0.0,1.0
portrait,portrait,1.0000001192092896,1.0,0.5,0.1778279410038923,1.0,0.0,1.0
religious art,religious art,0.9999997019767761,1.0,0.9375,0.316227766016838,1.0,1.0,1.0
still life,still life,1.0000001192092896,1.0,0.9375,0.316227766016838,1.0,1.0,1.0
landscape painting,landscape painting,0.9999998807907104,1.0,0.9375,0.316227766016838,1.0,1.0,1.0
"historiated portrait, mythological painting, self-portrait",mythological painting,0.8646998405456543,0.0,0.39893617021276595,0.07055995207471726,0.5714285714285715,0.4,0.5714285714285715
cityscape,landscape painting,0.8310390710830688,0.0,0.0,0.0,0.0,0.0,0.0
marine art,marine art,1.0,1.0,0.9375,0.316227766016838,1.0,1.0,1.0
religious art,religious art,0.9999997019767761,1.0,0.9375,0.316227766016838,1.0,1.0,1.0
religious art,religious art,0.9999997019767761,1.0,0.9375,0.316227766016838,1.0,1.0,1.0
landscape painting,landscape painting,0.9999998807907104,1.0,0.9375,0.316227766016838,1.0,1.0,1.0
religious art,religious art,0.9999997019767761,1.0,0.9375,0.316227766016838,1.0,1.0,1.0
landscape painting,landscape painting,0.9999998807907104,1.0,0.9375,0.316227766016838,1.0,1.0,1.0
"history painting, nude",religious art,0.8243487477302551,0.0,0.0,0.0,0.0,0.0,0.0
religious art,religious art,0.9999997019767761,1.0,0.9375,0.316227766016838,1.0,1.0,1.0
self-portrait,self-portrait,1.0000001192092896,1.0,0.5,0.1778279410038923,1.0,0.0,1.0
marine art,marine art,1.0,1.0,0.9375,0.316227766016838,1.0,1.0,1.0
landscape painting,landscape painting,0.9999998807907104,1.0,0.9375,0.316227766016838,1.0,1.0,1.0
portrait,portrait,1.0000001192092896,1.0,0.5,0.1778279410038923,1.0,0.0,1.0
portrait,portrait,1.0000001192092896,1.0,0.5,0.1778279410038923,1.0,0.0,1.0
religious art,religious art,0.9999997019767761,1.0,0.9375,0.316227766016838,1.0,1.0,1.0
religious art,religious art,0.9999997019767761,1.0,0.9375,0.316227766016838,1.0,1.0,1.0
self-portrait,self-portrait,1.0000001192092896,1.0,0.5,0.1778279410038923,1.0,0.0,1.0
group portrait,genre art,0.771881103515625,0.0,0.0,0.0,0.0,0.0,0.0
religious art,religious art,0.9999997019767761,1.0,0.9375,0.316227766016838,1.0,1.0,1.0
marine art,marine art,1.0,1.0,0.9375,0.316227766016838,1.0,1.0,1.0
portrait,portrait,1.0000001192092896,1.0,0.5,0.1778279410038923,1.0,0.0,1.0
history painting,history painting,1.0,1.0,0.9375,0.316227766016838,1.0,1.0,1.0
genre art,genre art,1.0,1.0,0.9375,0.316227766016838,1.0,1.0,1.0
portrait,portrait,1.0000001192092896,1.0,0.5,0.1778279410038923,1.0,0.0,1.0
landscape painting,landscape painting,0.9999998807907104,1.0,0.9375,0.316227766016838,1.0,1.0,1.0
landscape painting,landscape painting,0.9999998807907104,1.0,0.9375,0.316227766016838,1.0,1.0,1.0
religious art,religious art,0.9999997019767761,1.0,0.9375,0.316227766016838,1.0,1.0,1.0
portrait,portrait,1.0000001192092896,1.0,0.5,0.1778279410038923,1.0,0.0,1.0
religious art,religious art,0.9999997019767761,1.0,0.9375,0.316227766016838,1.0,1.0,1.0
genre art,religious art,0.826835036277771,0.0,0.25,0.1495348781221221,0.5,0.0,0.5
animal art,still life,0.811143159866333,0.0,0.0,0.0,0.0,0.0,0.0
portrait,portrait,1.0000001192092896,1.0,0.5,0.1778279410038923,1.0,0.0,1.0
mythological painting,mythological painting,1.0,1.0,0.9375,0.316227766016838,1.0,1.0,1.0
landscape painting,landscape painting,0.9999998807907104,1.0,0.9375,0.316227766016838,1.0,1.0,1.0
portrait,portrait,1.0000001192092896,1.0,0.5,0.1778279410038923,1.0,0.0,1.0
religious art,religious art,0.9999997019767761,1.0,0.9375,0.316227766016838,1.0,1.0,1.0
portrait,portrait,1.0000001192092896,1.0,0.5,0.1778279410038923,1.0,0.0,1.0
genre art,genre art,1.0,1.0,0.9375,0.316227766016838,1.0,1.0,1.0
religious art,portrait,0.16929467022418976,0.0,0.0,0.0,0.0,0.0,0.0
genre art,religious art,0.826835036277771,0.0,0.25,0.1495348781221221,0.5,0.0,0.5
landscape painting,landscape painting,0.9999998807907104,1.0,0.9375,0.316227766016838,1.0,1.0,1.0
religious art,religious art,0.9999997019767761,1.0,0.9375,0.316227766016838,1.0,1.0,1.0
allegory,mythological painting,0.826589047908783,0.0,0.0,0.0,0.0,0.0,0.0
portrait,portrait,1.0000001192092896,1.0,0.5,0.1778279410038923,1.0,0.0,1.0
portrait,portrait,1.0000001192092896,1.0,0.5,0.1778279410038923,1.0,0.0,1.0
portrait,portrait,1.0000001192092896,1.0,0.5,0.1778279410038923,1.0,0.0,1.0
history painting,history painting,1.0,1.0,0.9375,0.316227766016838,1.0,1.0,1.0
religious art,religious art,0.9999997019767761,1.0,0.9375,0.316227766016838,1.0,1.0,1.0
portrait,portrait,1.0000001192092896,1.0,0.5,0.1778279410038923,1.0,0.0,1.0
landscape painting,landscape painting,0.9999998807907104,1.0,0.9375,0.316227766016838,1.0,1.0,1.0
portrait,portrait,1.0000001192092896,1.0,0.5,0.1778279410038923,1.0,0.0,1.0
landscape painting,landscape painting,0.9999998807907104,1.0,0.9375,0.316227766016838,1.0,1.0,1.0
portrait,portrait,1.0000001192092896,1.0,0.5,0.1778279410038923,1.0,0.0,1.0
landscape painting,landscape painting,0.9999998807907104,1.0,0.9375,0.316227766016838,1.0,1.0,1.0
landscape painting,landscape painting,0.9999998807907104,1.0,0.9375,0.316227766016838,1.0,1.0,1.0
religious art,religious art,0.9999997019767761,1.0,0.9375,0.316227766016838,1.0,1.0,1.0
portrait,portrait,1.0000001192092896,1.0,0.5,0.1778279410038923,1.0,0.0,1.0
portrait,portrait,1.0000001192092896,1.0,0.5,0.1778279410038923,1.0,0.0,1.0
religious art,religious art,0.9999997019767761,1.0,0.9375,0.316227766016838,1.0,1.0,1.0
self-portrait,self-portrait,1.0000001192092896,1.0,0.5,0.1778279410038923,1.0,0.0,1.0
mythological painting,mythological painting,1.0,1.0,0.9375,0.316227766016838,1.0,1.0,1.0
mythological painting,history painting,0.7844920754432678,0.0,0.25,0.1495348781221221,0.5,0.0,0.5
portrait,portrait,1.0000001192092896,1.0,0.5,0.1778279410038923,1.0,0.0,1.0
portrait,portrait,1.0000001192092896,1.0,0.5,0.1778279410038923,1.0,0.0,1.0
landscape painting,landscape painting,0.9999998807907104,1.0,0.9375,0.316227766016838,1.0,1.0,1.0
portrait,portrait,1.0000001192092896,1.0,0.5,0.1778279410038923,1.0,0.0,1.0
landscape painting,landscape painting,0.9999998807907104,1.0,0.9375,0.316227766016838,1.0,1.0,1.0
portrait,portrait,1.0000001192092896,1.0,0.5,0.1778279410038923,1.0,0.0,1.0
landscape painting,landscape painting,0.9999998807907104,1.0,0.9375,0.316227766016838,1.0,1.0,1.0
"genre art, nude",genre art,0.8028501868247986,0.0,0.6465517241379309,0.19180183554164504,0.8,0.6666666666666666,0.8
portrait,portrait,1.0000001192092896,1.0,0.5,0.1778279410038923,1.0,0.0,1.0
genre art,genre art,1.0,1.0,0.9375,0.316227766016838,1.0,1.0,1.0
mythological painting,religious art,0.8692233562469482,0.0,0.0,0.0,0.0,0.0,0.0
landscape painting,landscape painting,0.9999998807907104,1.0,0.9375,0.316227766016838,1.0,1.0,1.0
portrait,portrait,1.0000001192092896,1.0,0.5,0.1778279410038923,1.0,0.0,1.0
religious art,religious art,0.9999997019767761,1.0,0.9375,0.316227766016838,1.0,1.0,1.0
portrait,portrait,1.0000001192092896,1.0,0.5,0.1778279410038923,1.0,0.0,1.0
portrait,portrait,1.0000001192092896,1.0,0.5,0.1778279410038923,1.0,0.0,1.0
genre art,genre art,1.0,1.0,0.9375,0.316227766016838,1.0,1.0,1.0
"idyll, nude",genre art,0.6410490274429321,0.0,0.0,0.0,0.0,0.0,0.0
portrait,portrait,1.0000001192092896,1.0,0.5,0.1778279410038923,1.0,0.0,1.0
religious art,religious art,0.9999997019767761,1.0,0.9375,0.316227766016838,1.0,1.0,1.0
portrait,portrait,1.0000001192092896,1.0,0.5,0.1778279410038923,1.0,0.0,1.0
portrait,self-portrait,-0.04053501412272453,0.0,0.0,0.0,0.0,0.0,0.0
landscape painting,landscape painting,0.9999998807907104,1.0,0.9375,0.316227766016838,1.0,1.0,1.0
religious art,religious art,0.9999997019767761,1.0,0.9375,0.316227766016838,1.0,1.0,1.0
marine art,marine art,1.0,1.0,0.9375,0.316227766016838,1.0,1.0,1.0
religious art,religious art,0.9999997019767761,1.0,0.9375,0.316227766016838,1.0,1.0,1.0
allegory,portrait,0.16212213039398193,0.0,0.0,0.0,0.0,0.0,0.0
landscape painting,landscape painting,0.9999998807907104,1.0,0.9375,0.316227766016838,1.0,1.0,1.0
portrait,portrait,1.0000001192092896,1.0,0.5,0.1778279410038923,1.0,0.0,1.0
religious art,religious art,0.9999997019767761,1.0,0.9375,0.316227766016838,1.0,1.0,1.0
portrait,portrait,1.0000001192092896,1.0,0.5,0.1778279410038923,1.0,0.0,1.0
portrait,portrait,1.0000001192092896,1.0,0.5,0.1778279410038923,1.0,0.0,1.0
mythological painting,mythological painting,1.0,1.0,0.9375,0.316227766016838,1.0,1.0,1.0
marine art,marine art,1.0,1.0,0.9375,0.316227766016838,1.0,1.0,1.0
portrait,portrait,1.0000001192092896,1.0,0.5,0.1778279410038923,1.0,0.0,1.0
religious art,religious art,0.9999997019767761,1.0,0.9375,0.316227766016838,1.0,1.0,1.0
portrait,portrait,1.0000001192092896,1.0,0.5,0.1778279410038923,1.0,0.0,1.0
portrait,portrait,1.0000001192092896,1.0,0.5,0.1778279410038923,1.0,0.0,1.0
religious art,religious art,0.9999997019767761,1.0,0.9375,0.316227766016838,1.0,1.0,1.0
mythological painting,landscape painting,0.9125451445579529,0.0,0.25,0.1495348781221221,0.5,0.0,0.5
"double portrait, nude, self-portrait",nude,0.5453910827636719,0.0,0.13513513513513511,0.008853531856477262,0.4,0.0,0.4
religious art,religious art,0.9999997019767761,1.0,0.9375,0.316227766016838,1.0,1.0,1.0
portrait,portrait,1.0000001192092896,1.0,0.5,0.1778279410038923,1.0,0.0,1.0
landscape painting,landscape painting,0.9999998807907104,1.0,0.9375,0.316227766016838,1.0,1.0,1.0
portrait,portrait,1.0000001192092896,1.0,0.5,0.1778279410038923,1.0,0.0,1.0
portrait,portrait,1.0000001192092896,1.0,0.5,0.1778279410038923,1.0,0.0,1.0
"landscape painting, self-portrait",landscape painting,0.8187165260314941,0.0,0.6465517241379309,0.19180183554164504,0.8,0.6666666666666666,0.8
portrait,portrait,1.0000001192092896,1.0,0.5,0.1778279410038923,1.0,0.0,1.0
portrait,portrait,1.0000001192092896,1.0,0.5,0.1778279410038923,1.0,0.0,1.0
capriccio,architectural view,0.7985565662384033,0.0,0.0,0.0,0.0,0.0,0.0
religious art,religious art,0.9999997019767761,1.0,0.9375,0.316227766016838,1.0,1.0,1.0
portrait,portrait,1.0000001192092896,1.0,0.5,0.1778279410038923,1.0,0.0,1.0
religious art,religious art,0.9999997019767761,1.0,0.9375,0.316227766016838,1.0,1.0,1.0
history painting,portrait,0.5137560367584229,0.0,0.0,0.0,0.0,0.0,0.0
battle painting,history painting,0.7576523423194885,0.0,0.25,0.1495348781221221,0.5,0.0,0.5
landscape painting,landscape painting,0.9999998807907104,1.0,0.9375,0.316227766016838,1.0,1.0,1.0
religious art,religious art,0.9999997019767761,1.0,0.9375,0.316227766016838,1.0,1.0,1.0
portrait,portrait,1.0000001192092896,1.0,0.5,0.1778279410038923,1.0,0.0,1.0
portrait,self-portrait,-0.04053501412272453,0.0,0.0,0.0,0.0,0.0,0.0
"genre art, nude",genre art,0.8028501868247986,0.0,0.6465517241379309,0.19180183554164504,0.8,0.6666666666666666,0.8
religious art,religious art,0.9999997019767761,1.0,0.9375,0.316227766016838,1.0,1.0,1.0
portrait,portrait,1.0000001192092896,1.0,0.5,0.1778279410038923,1.0,0.0,1.0
landscape painting,landscape painting,0.9999998807907104,1.0,0.9375,0.316227766016838,1.0,1.0,1.0
portrait,portrait,1.0000001192092896,1.0,0.5,0.1778279410038923,1.0,0.0,1.0
"genre art, still life",still life,0.8999483585357666,0.0,0.4934210526315789,0.11633369384516798,0.6666666666666666,0.5,0.6666666666666666
"genre art, portrait",genre art,0.7926967144012451,0.0,0.6465517241379309,0.19180183554164504,0.8,0.6666666666666666,0.8
portrait,genre art,0.29055696725845337,0.0,0.0,0.0,0.0,0.0,0.0
self-portrait,portrait,-0.04053501412272453,0.0,0.0,0.0,0.0,0.0,0.0
portrait,portrait,1.0000001192092896,1.0,0.5,0.1778279410038923,1.0,0.0,1.0
Veduta,cityscape,0.8599342703819275,0.0,0.0,0.0,0.0,0.0,0.0
landscape painting,landscape painting,0.9999998807907104,1.0,0.9375,0.316227766016838,1.0,1.0,1.0
religious art,religious art,0.9999997019767761,1.0,0.9375,0.316227766016838,1.0,1.0,1.0
genre art,genre art,1.0,1.0,0.9375,0.316227766016838,1.0,1.0,1.0
"mythological painting, nude",mythological painting,0.9359908103942871,0.0,0.6465517241379309,0.19180183554164504,0.8,0.6666666666666666,0.8
portrait,self-portrait,-0.04053501412272453,0.0,0.0,0.0,0.0,0.0,0.0
landscape painting,landscape painting,0.9999998807907104,1.0,0.9375,0.316227766016838,1.0,1.0,1.0
landscape painting,landscape painting,0.9999998807907104,1.0,0.9375,0.316227766016838,1.0,1.0,1.0
genre art,genre art,1.0,1.0,0.9375,0.316227766016838,1.0,1.0,1.0
portrait,portrait,1.0000001192092896,1.0,0.5,0.1778279410038923,1.0,0.0,1.0
portrait,religious art,0.16929467022418976,0.0,0.0,0.0,0.0,0.0,0.0
portrait,portrait,1.0000001192092896,1.0,0.5,0.1778279410038923,1.0,0.0,1.0
portrait,portrait,1.0000001192092896,1.0,0.5,0.1778279410038923,1.0,0.0,1.0
religious art,religious art,0.9999997019767761,1.0,0.9375,0.316227766016838,1.0,1.0,1.0
landscape painting,genre art,0.7666229605674744,0.0,0.0,0.0,0.0,0.0,0.0
church interior,religious art,0.7496917247772217,0.0,0.0,0.0,0.0,0.0,0.0
portrait,portrait,1.0000001192092896,1.0,0.5,0.1778279410038923,1.0,0.0,1.0
religious art,religious art,0.9999997019767761,1.0,0.9375,0.316227766016838,1.0,1.0,1.0
portrait,portrait,1.0000001192092896,1.0,0.5,0.1778279410038923,1.0,0.0,1.0
religious art,history painting,0.7629304528236389,0.0,0.0,0.0,0.0,0.0,0.0
portrait,portrait,1.0000001192092896,1.0,0.5,0.1778279410038923,1.0,0.0,1.0
mythological painting,mythological painting,1.0,1.0,0.9375,0.316227766016838,1.0,1.0,1.0
self-portrait,self-portrait,1.0000001192092896,1.0,0.5,0.1778279410038923,1.0,0.0,1.0
portrait,group portrait,0.24276117980480194,0.0,0.45454545454545453,0.1495348781221221,0.6666666666666666,0.0,0.6666666666666666
self-portrait,portrait,-0.04053501412272453,0.0,0.0,0.0,0.0,0.0,0.0
religious art,religious art,0.9999997019767761,1.0,0.9375,0.316227766016838,1.0,1.0,1.0
still life,still life,1.0000001192092896,1.0,0.9375,0.316227766016838,1.0,1.0,1.0
genre art,interior view,0.8077197074890137,0.0,0.0,0.0,0.0,0.0,0.0
portrait,portrait,1.0000001192092896,1.0,0.5,0.1778279410038923,1.0,0.0,1.0
mythological painting,mythological painting,1.0,1.0,0.9375,0.316227766016838,1.0,1.0,1.0
portrait,portrait,1.0000001192092896,1.0,0.5,0.1778279410038923,1.0,0.0,1.0
religious art,religious art,0.9999997019767761,1.0,0.9375,0.316227766016838,1.0,1.0,1.0
portrait,portrait,1.0000001192092896,1.0,0.5,0.1778279410038923,1.0,0.0,1.0
portrait,portrait,1.0000001192092896,1.0,0.5,0.1778279410038923,1.0,0.0,1.0
self-portrait,self-portrait,1.0000001192092896,1.0,0.5,0.1778279410038923,1.0,0.0,1.0
portrait,portrait,1.0000001192092896,1.0,0.5,0.1778279410038923,1.0,0.0,1.0
portrait,portrait,1.0000001192092896,1.0,0.5,0.1778279410038923,1.0,0.0,1.0
"portrait, tronie",portrait,-0.019754599779844284,0.0,0.2631578947368421,0.06541924356118012,0.6666666666666666,0.0,0.6666666666666666
religious art,religious art,0.9999997019767761,1.0,0.9375,0.316227766016838,1.0,1.0,1.0
portrait,portrait,1.0000001192092896,1.0,0.5,0.1778279410038923,1.0,0.0,1.0
portrait,portrait,1.0000001192092896,1.0,0.5,0.1778279410038923,1.0,0.0,1.0
still life,still life,1.0000001192092896,1.0,0.9375,0.316227766016838,1.0,1.0,1.0
marine art,marine art,1.0,1.0,0.9375,0.316227766016838,1.0,1.0,1.0
history painting,genre art,0.6811609864234924,0.0,0.0,0.0,0.0,0.0,0.0
still life,still life,1.0000001192092896,1.0,0.9375,0.316227766016838,1.0,1.0,1.0
religious art,religious art,0.9999997019767761,1.0,0.9375,0.316227766016838,1.0,1.0,1.0
portrait,portrait,1.0000001192092896,1.0,0.5,0.1778279410038923,1.0,0.0,1.0
landscape painting,landscape painting,0.9999998807907104,1.0,0.9375,0.316227766016838,1.0,1.0,1.0
portrait,portrait,1.0000001192092896,1.0,0.5,0.1778279410038923,1.0,0.0,1.0
portrait,portrait,1.0000001192092896,1.0,0.5,0.1778279410038923,1.0,0.0,1.0
religious art,religious art,0.9999997019767761,1.0,0.9375,0.316227766016838,1.0,1.0,1.0
portrait,portrait,1.0000001192092896,1.0,0.5,0.1778279410038923,1.0,0.0,1.0
portrait,portrait,1.0000001192092896,1.0,0.5,0.1778279410038923,1.0,0.0,1.0
portrait,portrait,1.0000001192092896,1.0,0.5,0.1778279410038923,1.0,0.0,1.0
"genre art, landscape painting",genre art,0.7231441140174866,0.0,0.4934210526315789,0.11633369384516798,0.6666666666666666,0.5,0.6666666666666666
portrait,portrait,1.0000001192092896,1.0,0.5,0.1778279410038923,1.0,0.0,1.0
landscape painting,landscape painting,0.9999998807907104,1.0,0.9375,0.316227766016838,1.0,1.0,1.0
portrait,portrait,1.0000001192092896,1.0,0.5,0.1778279410038923,1.0,0.0,1.0
religious art,religious art,0.9999997019767761,1.0,0.9375,0.316227766016838,1.0,1.0,1.0
religious art,religious art,0.9999997019767761,1.0,0.9375,0.316227766016838,1.0,1.0,1.0
portrait,portrait,1.0000001192092896,1.0,0.5,0.1778279410038923,1.0,0.0,1.0
portrait,portrait,1.0000001192092896,1.0,0.5,0.1778279410038923,1.0,0.0,1.0
history painting,nude,0.7735349535942078,0.0,0.0,0.0,0.0,0.0,0.0
portrait,self-portrait,-0.04053501412272453,0.0,0.0,0.0,0.0,0.0,0.0
religious art,religious art,0.9999997019767761,1.0,0.9375,0.316227766016838,1.0,1.0,1.0
marine art,marine art,1.0,1.0,0.9375,0.316227766016838,1.0,1.0,1.0
landscape painting,landscape painting,0.9999998807907104,1.0,0.9375,0.316227766016838,1.0,1.0,1.0
laid table,still life,0.7733204960823059,0.0,0.0,0.0,0.0,0.0,0.0
portrait,portrait,1.0000001192092896,1.0,0.5,0.1778279410038923,1.0,0.0,1.0
portrait,portrait,1.0000001192092896,1.0,0.5,0.1778279410038923,1.0,0.0,1.0
religious art,religious art,0.9999997019767761,1.0,0.9375,0.316227766016838,1.0,1.0,1.0
marine art,marine art,1.0,1.0,0.9375,0.316227766016838,1.0,1.0,1.0
cityscape,cityscape,0.9999999403953552,1.0,0.5,0.1778279410038923,1.0,0.0,1.0
genre art,genre art,1.0,1.0,0.9375,0.316227766016838,1.0,1.0,1.0
religious art,religious art,0.9999997019767761,1.0,0.9375,0.316227766016838,1.0,1.0,1.0
portrait,portrait,1.0000001192092896,1.0,0.5,0.1778279410038923,1.0,0.0,1.0
religious art,religious art,0.9999997019767761,1.0,0.9375,0.316227766016838,1.0,1.0,1.0
portrait,portrait,1.0000001192092896,1.0,0.5,0.1778279410038923,1.0,0.0,1.0
religious art,genre art,0.826835036277771,0.0,0.25,0.1495348781221221,0.5,0.0,0.5
still life,still life,1.0000001192092896,1.0,0.9375,0.316227766016838,1.0,1.0,1.0
portrait,portrait,1.0000001192092896,1.0,0.5,0.1778279410038923,1.0,0.0,1.0
self-portrait,portrait,-0.04053501412272453,0.0,0.0,0.0,0.0,0.0,0.0
landscape painting,landscape painting,0.9999998807907104,1.0,0.9375,0.316227766016838,1.0,1.0,1.0
landscape painting,landscape painting,0.9999998807907104,1.0,0.9375,0.316227766016838,1.0,1.0,1.0
religious art,religious art,0.9999997019767761,1.0,0.9375,0.316227766016838,1.0,1.0,1.0
type B portrait by Witkacy,portrait,-0.12885162234306335,0.0,0.10869565217391304,0.003257032351754417,0.33333333333333337,0.0,0.33333333333333337
portrait,portrait,1.0000001192092896,1.0,0.5,0.1778279410038923,1.0,0.0,1.0
self-portrait,self-portrait,1.0000001192092896,1.0,0.5,0.1778279410038923,1.0,0.0,1.0
portrait,portrait,1.0000001192092896,1.0,0.5,0.1778279410038923,1.0,0.0,1.0
animal art,still life,0.811143159866333,0.0,0.0,0.0,0.0,0.0,0.0
history painting,religious art,0.7629304528236389,0.0,0.0,0.0,0.0,0.0,0.0
"landscape painting, religious art",landscape painting,0.8562067151069641,0.0,0.4934210526315789,0.11633369384516798,0.6666666666666666,0.5,0.6666666666666666
portrait,portrait,1.0000001192092896,1.0,0.5,0.1778279410038923,1.0,0.0,1.0
religious art,religious art,0.9999997019767761,1.0,0.9375,0.316227766016838,1.0,1.0,1.0
portrait,portrait,1.0000001192092896,1.0,0.5,0.1778279410038923,1.0,0.0,1.0
history painting,landscape painting,0.8024121522903442,0.0,0.25,0.1495348781221221,0.5,0.0,0.5
marine art,marine art,1.0,1.0,0.9375,0.316227766016838,1.0,1.0,1.0
portrait,portrait,1.0000001192092896,1.0,0.5,0.1778279410038923,1.0,0.0,1.0
portrait,portrait,1.0000001192092896,1.0,0.5,0.1778279410038923,1.0,0.0,1.0
portrait,portrait,1.0000001192092896,1.0,0.5,0.1778279410038923,1.0,0.0,1.0
portrait,portrait,1.0000001192092896,1.0,0.5,0.1778279410038923,1.0,0.0,1.0
genre art,genre art,1.0,1.0,0.9375,0.316227766016838,1.0,1.0,1.0
portrait,portrait,1.0000001192092896,1.0,0.5,0.1778279410038923,1.0,0.0,1.0
genre art,religious art,0.826835036277771,0.0,0.25,0.1495348781221221,0.5,0.0,0.5
religious art,religious art,0.9999997019767761,1.0,0.9375,0.316227766016838,1.0,1.0,1.0
portrait,portrait,1.0000001192092896,1.0,0.5,0.1778279410038923,1.0,0.0,1.0
portrait,portrait,1.0000001192092896,1.0,0.5,0.1778279410038923,1.0,0.0,1.0
religious art,religious art,0.9999997019767761,1.0,0.9375,0.316227766016838,1.0,1.0,1.0
"battle painting, marine art",marine art,0.899899423122406,0.0,0.4934210526315789,0.11633369384516798,0.6666666666666666,0.5,0.6666666666666666
portrait,portrait,1.0000001192092896,1.0,0.5,0.1778279410038923,1.0,0.0,1.0
landscape painting,landscape painting,0.9999998807907104,1.0,0.9375,0.316227766016838,1.0,1.0,1.0
portrait,portrait,1.0000001192092896,1.0,0.5,0.1778279410038923,1.0,0.0,1.0
self-portrait,portrait,-0.04053501412272453,0.0,0.0,0.0,0.0,0.0,0.0
religious art,religious art,0.9999997019767761,1.0,0.9375,0.316227766016838,1.0,1.0,1.0
portrait,portrait,1.0000001192092896,1.0,0.5,0.1778279410038923,1.0,0.0,1.0
portrait,religious art,0.16929467022418976,0.0,0.0,0.0,0.0,0.0,0.0
portrait,portrait,1.0000001192092896,1.0,0.5,0.1778279410038923,1.0,0.0,1.0
religious art,religious art,0.9999997019767761,1.0,0.9375,0.316227766016838,1.0,1.0,1.0
religious art,religious art,0.9999997019767761,1.0,0.9375,0.316227766016838,1.0,1.0,1.0
genre art,genre art,1.0,1.0,0.9375,0.316227766016838,1.0,1.0,1.0
portrait,self-portrait,-0.04053501412272453,0.0,0.0,0.0,0.0,0.0,0.0
religious art,religious art,0.9999997019767761,1.0,0.9375,0.316227766016838,1.0,1.0,1.0
"genre art, marine art",marine art,0.8951948881149292,0.0,0.4934210526315789,0.11633369384516798,0.6666666666666666,0.5,0.6666666666666666
religious art,religious art,0.9999997019767761,1.0,0.9375,0.316227766016838,1.0,1.0,1.0
allegory,portrait,0.16212213039398193,0.0,0.0,0.0,0.0,0.0,0.0
landscape painting,portrait,0.22218334674835205,0.0,0.0,0.0,0.0,0.0,0.0
portrait,portrait,1.0000001192092896,1.0,0.5,0.1778279410038923,1.0,0.0,1.0
mythological painting,mythological painting,1.0,1.0,0.9375,0.316227766016838,1.0,1.0,1.0
type B+d portrait by Witkacy,self-portrait,0.8853719830513,0.0,0.0,0.0,0.0,0.0,0.0
portrait,portrait,1.0000001192092896,1.0,0.5,0.1778279410038923,1.0,0.0,1.0
portrait,portrait,1.0000001192092896,1.0,0.5,0.1778279410038923,1.0,0.0,1.0
portrait,portrait,1.0000001192092896,1.0,0.5,0.1778279410038923,1.0,0.0,1.0
portrait,portrait,1.0000001192092896,1.0,0.5,0.1778279410038923,1.0,0.0,1.0
animal art,animal art,1.0,1.0,0.9375,0.316227766016838,1.0,1.0,1.0
portrait,portrait,1.0000001192092896,1.0,0.5,0.1778279410038923,1.0,0.0,1.0
religious art,religious art,0.9999997019767761,1.0,0.9375,0.316227766016838,1.0,1.0,1.0
mythological painting,mythological painting,1.0,1.0,0.9375,0.316227766016838,1.0,1.0,1.0
portrait,portrait,1.0000001192092896,1.0,0.5,0.1778279410038923,1.0,0.0,1.0
portrait,portrait,1.0000001192092896,1.0,0.5,0.1778279410038923,1.0,0.0,1.0
mythological painting,mythological painting,1.0,1.0,0.9375,0.316227766016838,1.0,1.0,1.0
religious art,religious art,0.9999997019767761,1.0,0.9375,0.316227766016838,1.0,1.0,1.0
floral painting,still life,0.713930606842041,0.0,0.0,0.0,0.0,0.0,0.0
genre art,genre art,1.0,1.0,0.9375,0.316227766016838,1.0,1.0,1.0
religious art,religious art,0.9999997019767761,1.0,0.9375,0.316227766016838,1.0,1.0,1.0
religious art,religious art,0.9999997019767761,1.0,0.9375,0.316227766016838,1.0,1.0,1.0
mythological painting,religious art,0.8692233562469482,0.0,0.0,0.0,0.0,0.0,0.0
marine art,marine art,1.0,1.0,0.9375,0.316227766016838,1.0,1.0,1.0
history painting,genre art,0.6811609864234924,0.0,0.0,0.0,0.0,0.0,0.0
portrait,portrait,1.0000001192092896,1.0,0.5,0.1778279410038923,1.0,0.0,1.0
history painting,marine art,0.7412787675857544,0.0,0.0,0.0,0.0,0.0,0.0
"genre art, portrait",genre art,0.7926967144012451,0.0,0.6465517241379309,0.19180183554164504,0.8,0.6666666666666666,0.8
self-portrait,religious art,0.8150355219841003,0.0,0.0,0.0,0.0,0.0,0.0
history painting,history painting,1.0,1.0,0.9375,0.316227766016838,1.0,1.0,1.0
portrait,portrait,1.0000001192092896,1.0,0.5,0.1778279410038923,1.0,0.0,1.0
portrait,portrait,1.0000001192092896,1.0,0.5,0.1778279410038923,1.0,0.0,1.0
religious art,religious art,0.9999997019767761,1.0,0.9375,0.316227766016838,1.0,1.0,1.0
portrait,self-portrait,-0.04053501412272453,0.0,0.0,0.0,0.0,0.0,0.0
genre art,genre art,1.0,1.0,0.9375,0.316227766016838,1.0,1.0,1.0
portrait,portrait,1.0000001192092896,1.0,0.5,0.1778279410038923,1.0,0.0,1.0
portrait,portrait,1.0000001192092896,1.0,0.5,0.1778279410038923,1.0,0.0,1.0
religious art,religious art,0.9999997019767761,1.0,0.9375,0.316227766016838,1.0,1.0,1.0
landscape painting,landscape painting,0.9999998807907104,1.0,0.9375,0.316227766016838,1.0,1.0,1.0
portrait,genre art,0.29055696725845337,0.0,0.0,0.0,0.0,0.0,0.0
still life,still life,1.0000001192092896,1.0,0.9375,0.316227766016838,1.0,1.0,1.0
portrait,portrait,1.0000001192092896,1.0,0.5,0.1778279410038923,1.0,0.0,1.0
double portrait,portrait,0.26605743169784546,0.0,0.2631578947368421,0.06541924356118012,0.6666666666666666,0.0,0.6666666666666666
animal art,animal art,1.0,1.0,0.9375,0.316227766016838,1.0,1.0,1.0
portrait,portrait,1.0000001192092896,1.0,0.5,0.1778279410038923,1.0,0.0,1.0
landscape painting,landscape painting,0.9999998807907104,1.0,0.9375,0.316227766016838,1.0,1.0,1.0
portrait,landscape painting,0.22218334674835205,0.0,0.0,0.0,0.0,0.0,0.0
still life,still life,1.0000001192092896,1.0,0.9375,0.316227766016838,1.0,1.0,1.0
landscape painting,landscape painting,0.9999998807907104,1.0,0.9375,0.316227766016838,1.0,1.0,1.0
mythological painting,religious art,0.8692233562469482,0.0,0.0,0.0,0.0,0.0,0.0
portrait,portrait,1.0000001192092896,1.0,0.5,0.1778279410038923,1.0,0.0,1.0
landscape painting,landscape painting,0.9999998807907104,1.0,0.9375,0.316227766016838,1.0,1.0,1.0
portrait,portrait,1.0000001192092896,1.0,0.5,0.1778279410038923,1.0,0.0,1.0
portrait,genre art,0.29055696725845337,0.0,0.0,0.0,0.0,0.0,0.0
mythological painting,mythological painting,1.0,1.0,0.9375,0.316227766016838,1.0,1.0,1.0
genre art,genre art,1.0,1.0,0.9375,0.316227766016838,1.0,1.0,1.0
portrait,portrait,1.0000001192092896,1.0,0.5,0.1778279410038923,1.0,0.0,1.0
landscape painting,landscape painting,0.9999998807907104,1.0,0.9375,0.316227766016838,1.0,1.0,1.0
religious art,religious art,0.9999997019767761,1.0,0.9375,0.316227766016838,1.0,1.0,1.0
religious art,religious art,0.9999997019767761,1.0,0.9375,0.316227766016838,1.0,1.0,1.0
animal art,genre art,0.8838841319084167,0.0,0.25,0.1495348781221221,0.5,0.0,0.5
cityscape,cityscape,0.9999999403953552,1.0,0.5,0.1778279410038923,1.0,0.0,1.0
"portrait, self-portrait",portrait,-0.11833761632442474,0.0,0.2631578947368421,0.06541924356118012,0.6666666666666666,0.0,0.6666666666666666
portrait,portrait,1.0000001192092896,1.0,0.5,0.1778279410038923,1.0,0.0,1.0
self-portrait,portrait,-0.04053501412272453,0.0,0.0,0.0,0.0,0.0,0.0
still life,still life,1.0000001192092896,1.0,0.9375,0.316227766016838,1.0,1.0,1.0
self-portrait,portrait,-0.04053501412272453,0.0,0.0,0.0,0.0,0.0,0.0
cityscape,landscape painting,0.8310390710830688,0.0,0.0,0.0,0.0,0.0,0.0
self-portrait,portrait,-0.04053501412272453,0.0,0.0,0.0,0.0,0.0,0.0
portrait,portrait,1.0000001192092896,1.0,0.5,0.1778279410038923,1.0,0.0,1.0
history painting,history painting,1.0,1.0,0.9375,0.316227766016838,1.0,1.0,1.0
genre art,genre art,1.0,1.0,0.9375,0.316227766016838,1.0,1.0,1.0
portrait,portrait,1.0000001192092896,1.0,0.5,0.1778279410038923,1.0,0.0,1.0
portrait,portrait,1.0000001192092896,1.0,0.5,0.1778279410038923,1.0,0.0,1.0
portrait,portrait,1.0000001192092896,1.0,0.5,0.1778279410038923,1.0,0.0,1.0
type C artwork by Witkacy,portrait,-0.1122102439403534,0.0,0.0,0.0,0.0,0.0,0.0
genre art,genre art,1.0,1.0,0.9375,0.316227766016838,1.0,1.0,1.0
religious art,religious art,0.9999997019767761,1.0,0.9375,0.316227766016838,1.0,1.0,1.0
religious art,mythological painting,0.8692233562469482,0.0,0.0,0.0,0.0,0.0,0.0
religious art,religious art,0.9999997019767761,1.0,0.9375,0.316227766016838,1.0,1.0,1.0
historiated portrait,portrait,0.002928301692008972,0.0,0.2631578947368421,0.06541924356118012,0.6666666666666666,0.0,0.6666666666666666
portrait,portrait,1.0000001192092896,1.0,0.5,0.1778279410038923,1.0,0.0,1.0
animal art,hunting,0.13020877540111542,0.0,0.0,0.0,0.0,0.0,0.0
history painting,history painting,1.0,1.0,0.9375,0.316227766016838,1.0,1.0,1.0
religious art,religious art,0.9999997019767761,1.0,0.9375,0.316227766016838,1.0,1.0,1.0
landscape painting,landscape painting,0.9999998807907104,1.0,0.9375,0.316227766016838,1.0,1.0,1.0
marine art,marine art,1.0,1.0,0.9375,0.316227766016838,1.0,1.0,1.0
portrait,portrait,1.0000001192092896,1.0,0.5,0.1778279410038923,1.0,0.0,1.0
genre art,genre art,1.0,1.0,0.9375,0.316227766016838,1.0,1.0,1.0
animal art,animal art,1.0,1.0,0.9375,0.316227766016838,1.0,1.0,1.0
portrait,portrait,1.0000001192092896,1.0,0.5,0.1778279410038923,1.0,0.0,1.0
religious art,religious art,0.9999997019767761,1.0,0.9375,0.316227766016838,1.0,1.0,1.0
portrait,portrait,1.0000001192092896,1.0,0.5,0.1778279410038923,1.0,0.0,1.0
landscape painting,landscape painting,0.9999998807907104,1.0,0.9375,0.316227766016838,1.0,1.0,1.0
portrait,portrait,1.0000001192092896,1.0,0.5,0.1778279410038923,1.0,0.0,1.0
"cityscape, marine art",landscape painting,0.8450119495391846,0.0,0.0,0.0,0.0,0.0,0.0
group portrait,portrait,0.24276117980480194,0.0,0.2631578947368421,0.06541924356118012,0.6666666666666666,0.0,0.6666666666666666
portrait,portrait,1.0000001192092896,1.0,0.5,0.1778279410038923,1.0,0.0,1.0
genre art,genre art,1.0,1.0,0.9375,0.316227766016838,1.0,1.0,1.0
portrait,portrait,1.0000001192092896,1.0,0.5,0.1778279410038923,1.0,0.0,1.0
landscape painting,landscape painting,0.9999998807907104,1.0,0.9375,0.316227766016838,1.0,1.0,1.0
portrait,portrait,1.0000001192092896,1.0,0.5,0.1778279410038923,1.0,0.0,1.0
mythological painting,genre art,0.7016115188598633,0.0,0.0,0.0,0.0,0.0,0.0
religious art,religious art,0.9999997019767761,1.0,0.9375,0.316227766016838,1.0,1.0,1.0
portrait,portrait,1.0000001192092896,1.0,0.5,0.1778279410038923,1.0,0.0,1.0
religious art,religious art,0.9999997019767761,1.0,0.9375,0.316227766016838,1.0,1.0,1.0
self-portrait,self-portrait,1.0000001192092896,1.0,0.5,0.1778279410038923,1.0,0.0,1.0
portrait,self-portrait,-0.04053501412272453,0.0,0.0,0.0,0.0,0.0,0.0
landscape painting,cityscape,0.8310390710830688,0.0,0.0,0.0,0.0,0.0,0.0
portrait,portrait,1.0000001192092896,1.0,0.5,0.1778279410038923,1.0,0.0,1.0
landscape painting,landscape painting,0.9999998807907104,1.0,0.9375,0.316227766016838,1.0,1.0,1.0
religious art,religious art,0.9999997019767761,1.0,0.9375,0.316227766016838,1.0,1.0,1.0
religious art,religious art,0.9999997019767761,1.0,0.9375,0.316227766016838,1.0,1.0,1.0
"animal art, still life",animal art,0.8137152194976807,0.0,0.4934210526315789,0.11633369384516798,0.6666666666666666,0.5,0.6666666666666666
portrait,religious art,0.16929467022418976,0.0,0.0,0.0,0.0,0.0,0.0
portrait,portrait,1.0000001192092896,1.0,0.5,0.1778279410038923,1.0,0.0,1.0
religious art,religious art,0.9999997019767761,1.0,0.9375,0.316227766016838,1.0,1.0,1.0
landscape painting,marine art,0.8380733728408813,0.0,0.0,0.0,0.0,0.0,0.0
portrait,portrait,1.0000001192092896,1.0,0.5,0.1778279410038923,1.0,0.0,1.0
religious art,religious art,0.9999997019767761,1.0,0.9375,0.316227766016838,1.0,1.0,1.0
portrait,portrait,1.0000001192092896,1.0,0.5,0.1778279410038923,1.0,0.0,1.0
still life,genre art,0.680627703666687,0.0,0.0,0.0,0.0,0.0,0.0
landscape painting,landscape painting,0.9999998807907104,1.0,0.9375,0.316227766016838,1.0,1.0,1.0
mythological painting,mythological painting,1.0,1.0,0.9375,0.316227766016838,1.0,1.0,1.0
landscape painting,landscape painting,0.9999998807907104,1.0,0.9375,0.316227766016838,1.0,1.0,1.0
portrait,portrait,1.0000001192092896,1.0,0.5,0.1778279410038923,1.0,0.0,1.0
landscape painting,landscape painting,0.9999998807907104,1.0,0.9375,0.316227766016838,1.0,1.0,1.0
portrait,portrait,1.0000001192092896,1.0,0.5,0.1778279410038923,1.0,0.0,1.0
portrait,portrait,1.0000001192092896,1.0,0.5,0.1778279410038923,1.0,0.0,1.0
landscape painting,landscape painting,0.9999998807907104,1.0,0.9375,0.316227766016838,1.0,1.0,1.0
portrait,history painting,0.5137560367584229,0.0,0.0,0.0,0.0,0.0,0.0
landscape painting,landscape painting,0.9999998807907104,1.0,0.9375,0.316227766016838,1.0,1.0,1.0
genre art,portrait,0.29055696725845337,0.0,0.0,0.0,0.0,0.0,0.0
portrait,portrait,1.0000001192092896,1.0,0.5,0.1778279410038923,1.0,0.0,1.0
self-portrait,genre art,0.685369074344635,0.0,0.0,0.0,0.0,0.0,0.0
still life,still life,1.0000001192092896,1.0,0.9375,0.316227766016838,1.0,1.0,1.0
portrait,portrait,1.0000001192092896,1.0,0.5,0.1778279410038923,1.0,0.0,1.0
religious art,religious art,0.9999997019767761,1.0,0.9375,0.316227766016838,1.0,1.0,1.0
genre art,genre art,1.0,1.0,0.9375,0.316227766016838,1.0,1.0,1.0
portrait,portrait,1.0000001192092896,1.0,0.5,0.1778279410038923,1.0,0.0,1.0
portrait,portrait,1.0000001192092896,1.0,0.5,0.1778279410038923,1.0,0.0,1.0
religious art,religious art,0.9999997019767761,1.0,0.9375,0.316227766016838,1.0,1.0,1.0
portrait,portrait,1.0000001192092896,1.0,0.5,0.1778279410038923,1.0,0.0,1.0
portrait,portrait,1.0000001192092896,1.0,0.5,0.1778279410038923,1.0,0.0,1.0
portrait,self-portrait,-0.04053501412272453,0.0,0.0,0.0,0.0,0.0,0.0
portrait,portrait,1.0000001192092896,1.0,0.5,0.1778279410038923,1.0,0.0,1.0
portrait,portrait,1.0000001192092896,1.0,0.5,0.1778279410038923,1.0,0.0,1.0
portrait,portrait,1.0000001192092896,1.0,0.5,0.1778279410038923,1.0,0.0,1.0
portrait,portrait,1.0000001192092896,1.0,0.5,0.1778279410038923,1.0,0.0,1.0
portrait,portrait,1.0000001192092896,1.0,0.5,0.1778279410038923,1.0,0.0,1.0
cityscape,cityscape,0.9999999403953552,1.0,0.5,0.1778279410038923,1.0,0.0,1.0
portrait,portrait,1.0000001192092896,1.0,0.5,0.1778279410038923,1.0,0.0,1.0
portrait,portrait,1.0000001192092896,1.0,0.5,0.1778279410038923,1.0,0.0,1.0
portrait,portrait,1.0000001192092896,1.0,0.5,0.1778279410038923,1.0,0.0,1.0
portrait,portrait,1.0000001192092896,1.0,0.5,0.1778279410038923,1.0,0.0,1.0
portrait,portrait,1.0000001192092896,1.0,0.5,0.1778279410038923,1.0,0.0,1.0
portrait,portrait,1.0000001192092896,1.0,0.5,0.1778279410038923,1.0,0.0,1.0
portrait,portrait,1.0000001192092896,1.0,0.5,0.1778279410038923,1.0,0.0,1.0
portrait,portrait,1.0000001192092896,1.0,0.5,0.1778279410038923,1.0,0.0,1.0
portrait,portrait,1.0000001192092896,1.0,0.5,0.1778279410038923,1.0,0.0,1.0
cityscape,cityscape,0.9999999403953552,1.0,0.5,0.1778279410038923,1.0,0.0,1.0
self-portrait,self-portrait,1.0000001192092896,1.0,0.5,0.1778279410038923,1.0,0.0,1.0
portrait,portrait,1.0000001192092896,1.0,0.5,0.1778279410038923,1.0,0.0,1.0
portrait,portrait,1.0000001192092896,1.0,0.5,0.1778279410038923,1.0,0.0,1.0
self-portrait,portrait,-0.04053501412272453,0.0,0.0,0.0,0.0,0.0,0.0
portrait,portrait,1.0000001192092896,1.0,0.5,0.1778279410038923,1.0,0.0,1.0
portrait,portrait,1.0000001192092896,1.0,0.5,0.1778279410038923,1.0,0.0,1.0
portrait,portrait,1.0000001192092896,1.0,0.5,0.1778279410038923,1.0,0.0,1.0
portrait,portrait,1.0000001192092896,1.0,0.5,0.1778279410038923,1.0,0.0,1.0
portrait,portrait,1.0000001192092896,1.0,0.5,0.1778279410038923,1.0,0.0,1.0
portrait,portrait,1.0000001192092896,1.0,0.5,0.1778279410038923,1.0,0.0,1.0
portrait,portrait,1.0000001192092896,1.0,0.5,0.1778279410038923,1.0,0.0,1.0
portrait,portrait,1.0000001192092896,1.0,0.5,0.1778279410038923,1.0,0.0,1.0
portrait,portrait,1.0000001192092896,1.0,0.5,0.1778279410038923,1.0,0.0,1.0
portrait,portrait,1.0000001192092896,1.0,0.5,0.1778279410038923,1.0,0.0,1.0
portrait,portrait,1.0000001192092896,1.0,0.5,0.1778279410038923,1.0,0.0,1.0
portrait,portrait,1.0000001192092896,1.0,0.5,0.1778279410038923,1.0,0.0,1.0
portrait,portrait,1.0000001192092896,1.0,0.5,0.1778279410038923,1.0,0.0,1.0
portrait,portrait,1.0000001192092896,1.0,0.5,0.1778279410038923,1.0,0.0,1.0
portrait,portrait,1.0000001192092896,1.0,0.5,0.1778279410038923,1.0,0.0,1.0
portrait,portrait,1.0000001192092896,1.0,0.5,0.1778279410038923,1.0,0.0,1.0
portrait,portrait,1.0000001192092896,1.0,0.5,0.1778279410038923,1.0,0.0,1.0
portrait,portrait,1.0000001192092896,1.0,0.5,0.1778279410038923,1.0,0.0,1.0
portrait,portrait,1.0000001192092896,1.0,0.5,0.1778279410038923,1.0,0.0,1.0
portrait,portrait,1.0000001192092896,1.0,0.5,0.1778279410038923,1.0,0.0,1.0
portrait,portrait,1.0000001192092896,1.0,0.5,0.1778279410038923,1.0,0.0,1.0
portrait,portrait,1.0000001192092896,1.0,0.5,0.1778279410038923,1.0,0.0,1.0
portrait,portrait,1.0000001192092896,1.0,0.5,0.1778279410038923,1.0,0.0,1.0
cityscape,landscape painting,0.8310390710830688,0.0,0.0,0.0,0.0,0.0,0.0
portrait,portrait,1.0000001192092896,1.0,0.5,0.1778279410038923,1.0,0.0,1.0
portrait,portrait,1.0000001192092896,1.0,0.5,0.1778279410038923,1.0,0.0,1.0
allegory,religious art,0.8643044829368591,0.0,0.0,0.0,0.0,0.0,0.0
portrait,portrait,1.0000001192092896,1.0,0.5,0.1778279410038923,1.0,0.0,1.0
portrait,portrait,1.0000001192092896,1.0,0.5,0.1778279410038923,1.0,0.0,1.0
portrait,portrait,1.0000001192092896,1.0,0.5,0.1778279410038923,1.0,0.0,1.0
portrait,portrait,1.0000001192092896,1.0,0.5,0.1778279410038923,1.0,0.0,1.0
portrait,portrait,1.0000001192092896,1.0,0.5,0.1778279410038923,1.0,0.0,1.0
portrait,portrait,1.0000001192092896,1.0,0.5,0.1778279410038923,1.0,0.0,1.0
portrait,portrait,1.0000001192092896,1.0,0.5,0.1778279410038923,1.0,0.0,1.0
allegory,mythological painting,0.826589047908783,0.0,0.0,0.0,0.0,0.0,0.0
portrait,portrait,1.0000001192092896,1.0,0.5,0.1778279410038923,1.0,0.0,1.0
portrait,genre art,0.29055696725845337,0.0,0.0,0.0,0.0,0.0,0.0
portrait,portrait,1.0000001192092896,1.0,0.5,0.1778279410038923,1.0,0.0,1.0
allegory,mythological painting,0.826589047908783,0.0,0.0,0.0,0.0,0.0,0.0
portrait,portrait,1.0000001192092896,1.0,0.5,0.1778279410038923,1.0,0.0,1.0
portrait,portrait,1.0000001192092896,1.0,0.5,0.1778279410038923,1.0,0.0,1.0
portrait,portrait,1.0000001192092896,1.0,0.5,0.1778279410038923,1.0,0.0,1.0
portrait,portrait,1.0000001192092896,1.0,0.5,0.1778279410038923,1.0,0.0,1.0
portrait,genre art,0.29055696725845337,0.0,0.0,0.0,0.0,0.0,0.0
portrait,portrait,1.0000001192092896,1.0,0.5,0.1778279410038923,1.0,0.0,1.0
self-portrait,portrait,-0.04053501412272453,0.0,0.0,0.0,0.0,0.0,0.0
cityscape,cityscape,0.9999999403953552,1.0,0.5,0.1778279410038923,1.0,0.0,1.0
portrait,portrait,1.0000001192092896,1.0,0.5,0.1778279410038923,1.0,0.0,1.0
portrait,portrait,1.0000001192092896,1.0,0.5,0.1778279410038923,1.0,0.0,1.0
portrait,portrait,1.0000001192092896,1.0,0.5,0.1778279410038923,1.0,0.0,1.0
portrait,portrait,1.0000001192092896,1.0,0.5,0.1778279410038923,1.0,0.0,1.0
portrait,portrait,1.0000001192092896,1.0,0.5,0.1778279410038923,1.0,0.0,1.0
portrait,portrait,1.0000001192092896,1.0,0.5,0.1778279410038923,1.0,0.0,1.0
portrait,portrait,1.0000001192092896,1.0,0.5,0.1778279410038923,1.0,0.0,1.0
portrait,self-portrait,-0.04053501412272453,0.0,0.0,0.0,0.0,0.0,0.0
portrait,portrait,1.0000001192092896,1.0,0.5,0.1778279410038923,1.0,0.0,1.0
portrait,portrait,1.0000001192092896,1.0,0.5,0.1778279410038923,1.0,0.0,1.0
cityscape,cityscape,0.9999999403953552,1.0,0.5,0.1778279410038923,1.0,0.0,1.0
portrait,portrait,1.0000001192092896,1.0,0.5,0.1778279410038923,1.0,0.0,1.0
portrait,religious art,0.16929467022418976,0.0,0.0,0.0,0.0,0.0,0.0
portrait,portrait,1.0000001192092896,1.0,0.5,0.1778279410038923,1.0,0.0,1.0
portrait,portrait,1.0000001192092896,1.0,0.5,0.1778279410038923,1.0,0.0,1.0
portrait,portrait,1.0000001192092896,1.0,0.5,0.1778279410038923,1.0,0.0,1.0
portrait,genre art,0.29055696725845337,0.0,0.0,0.0,0.0,0.0,0.0
portrait,mythological painting,0.1130141168832779,0.0,0.0,0.0,0.0,0.0,0.0
portrait,portrait,1.0000001192092896,1.0,0.5,0.1778279410038923,1.0,0.0,1.0
portrait,portrait,1.0000001192092896,1.0,0.5,0.1778279410038923,1.0,0.0,1.0
portrait,portrait,1.0000001192092896,1.0,0.5,0.1778279410038923,1.0,0.0,1.0
portrait,portrait,1.0000001192092896,1.0,0.5,0.1778279410038923,1.0,0.0,1.0
portrait,portrait,1.0000001192092896,1.0,0.5,0.1778279410038923,1.0,0.0,1.0
allegory,allegory,1.000000238418579,1.0,0.5,0.1778279410038923,1.0,0.0,1.0
portrait,portrait,1.0000001192092896,1.0,0.5,0.1778279410038923,1.0,0.0,1.0
portrait,portrait,1.0000001192092896,1.0,0.5,0.1778279410038923,1.0,0.0,1.0
portrait,portrait,1.0000001192092896,1.0,0.5,0.1778279410038923,1.0,0.0,1.0
portrait,portrait,1.0000001192092896,1.0,0.5,0.1778279410038923,1.0,0.0,1.0
portrait,portrait,1.0000001192092896,1.0,0.5,0.1778279410038923,1.0,0.0,1.0
miniature,portrait,0.9178664684295654,0.0,0.0,0.0,0.0,0.0,0.0
portrait,portrait,1.0000001192092896,1.0,0.5,0.1778279410038923,1.0,0.0,1.0
portrait,portrait,1.0000001192092896,1.0,0.5,0.1778279410038923,1.0,0.0,1.0
portrait,portrait,1.0000001192092896,1.0,0.5,0.1778279410038923,1.0,0.0,1.0
portrait,portrait,1.0000001192092896,1.0,0.5,0.1778279410038923,1.0,0.0,1.0
portrait,portrait,1.0000001192092896,1.0,0.5,0.1778279410038923,1.0,0.0,1.0
portrait,portrait,1.0000001192092896,1.0,0.5,0.1778279410038923,1.0,0.0,1.0
